brand_name,mall_name,province,city,district,address,store_name,floor,phone,business_hours,latitude,longitude,source_url,tags,is_active
New Balance,三里屯太古里,北京市,北京市,朝阳区,三里屯路19号院,New Balance 北京三里屯太古里全球概念店,南区地下1层 SLG-19,010-50353315,10:00 - 22:00,39.8982,116.4162,https://www.newbalance.com.cn,"全球概念店,限量首发,Grey Store,Made in USA",true
New Balance,北京SKP-S,北京市,北京市,朝阳区,建国路86号,New Balance 北京SKP-S先锋概念店,3层 潮流专区,010-87542604,10:00 - 22:00,39.9161,116.3991,https://www.newbalance.com.cn,"先锋概念店,联名限定,高端潮流",true
New Balance,国贸商城,北京市,北京市,朝阳区,建国门外大街1号,New Balance 北京国贸商城专营店,中区地下1层 WB110,010-87798132,10:00 - 22:00,39.9159,116.406,https://www.newbalance.com.cn,"精品店,英产991,高端生活",true
New Balance,朝阳大悦城,北京市,北京市,朝阳区,朝阳北路101号,New Balance 北京朝阳大悦城店,4层 4F-18,010-67833102,10:00 - 22:00,39.9092,116.3985,https://www.newbalance.com.cn,"NB 1906潮流店,综合体验,跑鞋矩阵",true
New Balance,王府中环,北京市,北京市,东城区,王府井大街269号,New Balance 北京王府中环旗舰店,B1层 B108,010-70126343,10:00 - 22:00,39.9103,116.4178,https://www.newbalance.com.cn,"旗舰店,经典复古,Made in UK",true
New Balance,东方新天地,北京市,北京市,东城区,东长安街1号,New Balance 北京东方新天地店,首层 EE06,010-58855451,10:00 - 22:00,39.9017,116.4013,https://www.newbalance.com.cn,"经典体验店,复古跑鞋",true
New Balance,西单大悦城,北京市,北京市,西城区,西单北大街131号,New Balance 北京西单大悦城店,5层 5F-02,010-84803776,10:00 - 22:00,39.9043,116.3993,https://www.newbalance.com.cn,"NB 1906潮流店,青年潮流,热销经典",true
New Balance,西单汉光百货,北京市,北京市,西城区,西单北大街176号,New Balance 北京汉光百货专柜,4层 运动专区,010-71163350,10:00 - 22:00,39.8961,116.3968,https://www.newbalance.com.cn,"核心百货专柜,经典慢跑",true
New Balance,西单君太百货,北京市,北京市,西城区,西单北大街133号,New Balance 北京君太百货店,B1层 潮流馆,010-87946189,10:00 - 22:00,39.9051,116.4177,https://www.newbalance.com.cn,"百货专柜,复古跑鞋",true
New Balance,金融街购物中心,北京市,北京市,西城区,金城坊街2号,New Balance 北京金融街购物中心店,3层 L3-12,010-84579241,10:00 - 22:00,39.9077,116.4007,https://www.newbalance.com.cn,"精品店,商务休闲,英美产",true
New Balance,颐堤港,北京市,北京市,朝阳区,酒仙桥路18号,New Balance 北京颐堤港Running Store,2层 L2-25,010-76041906,10:00 - 22:00,39.9069,116.3994,https://www.newbalance.com.cn,"跑步专营店,足态分析,专业竞速",true
New Balance,合生汇,北京市,北京市,朝阳区,西大望路21号,New Balance 北京合生汇店,B1层 B1-78,010-58056414,10:00 - 22:00,39.899,116.4058,https://www.newbalance.com.cn,"潮流生活店,经典复古,NB Kids",true
New Balance,蓝色港湾,北京市,北京市,朝阳区,朝阳公园路6号,New Balance 北京蓝色港湾店,1层 商业街08,010-81057452,10:00 - 22:00,39.8984,116.4001,https://www.newbalance.com.cn,"生活方式体验店,跑者驿站",true
New Balance,世纪金源购物中心,北京市,北京市,海淀区,远大路1号,New Balance 北京金源燕莎店,3层 运动休闲馆,010-62792765,10:00 - 22:00,39.9112,116.4082,https://www.newbalance.com.cn,"综合大店,全系列,亲子专区",true
New Balance,中关村万象汇,北京市,北京市,海淀区,西北旺镇德政路,New Balance 北京海淀万象汇店,2层 L2-18,010-53133407,10:00 - 22:00,39.9083,116.3997,https://www.newbalance.com.cn,"经典体验店,跑步矩阵",true
New Balance,清河万象汇,北京市,北京市,海淀区,清河中街68号,New Balance 北京清河万象汇店,3层 L3-16,010-86887160,10:00 - 22:00,39.9001,116.3961,https://www.newbalance.com.cn,"综合专卖店,复古慢跑",true
New Balance,五棵松万达广场,北京市,北京市,海淀区,复兴路69号,New Balance 北京五棵松万达店,1层 1F-10,010-83007769,10:00 - 22:00,39.8957,116.4032,https://www.newbalance.com.cn,"综合体验店,潮流经典",true
New Balance,五道口购物中心,北京市,北京市,海淀区,成府路28号,New Balance 北京五道口店,2层 2F-08,010-83351161,10:00 - 22:00,39.9069,116.4035,https://www.newbalance.com.cn,"高校商圈店,青年潮流",true
New Balance,丽泽天街,北京市,北京市,丰台区,丽泽路300号,New Balance 北京丽泽天街店,2层 2F-15,010-85279413,10:00 - 22:00,39.8942,116.4135,https://www.newbalance.com.cn,"商圈核心店,复古慢跑",true
New Balance,丰台大悦春风里,北京市,北京市,丰台区,槐房西路316号,New Balance 北京丰台大悦春风里店,2层 L2-08,010-61304199,10:00 - 22:00,39.9006,116.4134,https://www.newbalance.com.cn,"体验店,生活方式",true
New Balance,大兴大悦春风里,北京市,北京市,大兴区,黄村东大街38号,New Balance 北京大兴大悦春风里店,1层 L1-09,010-83436472,10:00 - 22:00,39.915,116.3963,https://www.newbalance.com.cn,"体验店,生活方式",true
New Balance,大兴荟聚中心,北京市,北京市,大兴区,欣宁街15号,New Balance 北京荟聚店,2层 2F-28,010-72583844,10:00 - 22:00,39.9108,116.4188,https://www.newbalance.com.cn,"超级体验大店,全品类",true
New Balance,通州万达广场,北京市,北京市,通州区,新华西街58号,New Balance 北京通州万达店,3层 3F-22,010-58593268,10:00 - 22:00,39.9146,116.4023,https://www.newbalance.com.cn,"副中心旗舰,全系列",true
New Balance,通州领展广场,北京市,北京市,通州区,翠景北里21号,New Balance 北京通州领展店,2层 2F-06,010-85029774,10:00 - 22:00,39.8963,116.4011,https://www.newbalance.com.cn,"综合专卖店,跑步生活",true
New Balance,昌平万达广场,北京市,北京市,昌平区,科技园区鼓楼南街,New Balance 北京昌平万达店,2层 2F-18,010-60312173,10:00 - 22:00,39.8966,116.4064,https://www.newbalance.com.cn,"专卖店,复古跑鞋",true
New Balance,顺义祥云小镇,北京市,北京市,顺义区,安泰大街9号,New Balance 北京祥云小镇店,南区1层 105,010-68252819,10:00 - 22:00,39.9141,116.4003,https://www.newbalance.com.cn,"街区生活店,跑步生活,NB Kids",true
New Balance,房山天街,北京市,北京市,房山区,政通路2号,New Balance 北京房山天街店,2层 2F-16,010-73949127,10:00 - 22:00,39.9045,116.4076,https://www.newbalance.com.cn,"综合专卖店,全系列",true
New Balance,石景山万达广场,北京市,北京市,石景山区,石景山路甲18号,New Balance 北京石景山万达店,2层 2F-25,010-54601670,10:00 - 22:00,39.9123,116.4095,https://www.newbalance.com.cn,"西区核心大店,跑步生活",true
New Balance,首钢园六工汇,北京市,北京市,石景山区,首钢园石景山路68号,New Balance 北京首钢园概念店,1层 108,010-57203183,10:00 - 22:00,39.9161,116.4151,https://www.newbalance.com.cn,"工业遗存概念店,复古跑鞋",true
New Balance,门头沟保利广场,北京市,北京市,门头沟区,门头沟新城石龙南路,New Balance 北京门头沟保利店,1层 106,010-68218702,10:00 - 22:00,39.9125,116.4092,https://www.newbalance.com.cn,"专卖店,综合体验",true
New Balance,怀柔万达广场,北京市,北京市,怀柔区,府前西街1号,New Balance 北京怀柔万达店,2层 2F-12,010-64482156,10:00 - 22:00,39.9007,116.3983,https://www.newbalance.com.cn,"专卖店,生活方式",true
New Balance,首创奥特莱斯(房山),北京市,北京市,房山区,长阳镇CSD核心区,New Balance 北京首创奥莱工厂店,1层 1028铺,010-81347404,09:30 - 21:30,39.8972,116.4172,https://www.newbalance.com.cn,"奥特莱斯特惠,超大工厂店,折扣专享",true
New Balance,斯普瑞斯奥特莱斯,北京市,北京市,朝阳区,金盏乡森林公园路,New Balance 北京斯普瑞斯奥莱店,1层 1-105,010-83191989,09:30 - 21:30,39.9122,116.3963,https://www.newbalance.com.cn,"奥特莱斯特惠,折扣专享",true
New Balance,八达岭奥特莱斯,北京市,北京市,昌平区,陈庄东口,New Balance 北京八达岭奥莱旗舰店,A区 A1-18,010-52325740,09:30 - 21:30,39.914,116.4067,https://www.newbalance.com.cn,"奥特莱斯旗舰店,全品类折扣",true
New Balance,燕莎奥特莱斯,北京市,北京市,朝阳区,东四环南路9号,New Balance 北京燕莎奥莱店,C座2层 208,010-89967719,09:30 - 21:30,39.905,116.4041,https://www.newbalance.com.cn,"奥特莱斯特惠,名品折扣",true
New Balance,静安嘉里中心,上海市,上海市,静安区,南京西路1515号,New Balance 上海静安嘉里中心全球概念店,南区3层 L3-08,021-82857139,10:00 - 22:00,31.2248,121.4788,https://www.newbalance.com.cn,"全球概念店,Grey Store,Made in USA,限量发售",true
New Balance,前滩太古里,上海市,上海市,浦东新区,东育路500号,New Balance 上海前滩太古里Running Store,石区L2层 S-L2-16,021-83317601,10:00 - 22:00,31.228,121.4724,https://www.newbalance.com.cn,"跑步专营店,专业跑鞋,足态分析,跑者驿站",true
New Balance,新天地时尚I,上海市,上海市,黄浦区,马当路245号,New Balance 上海新天地NB 1906潮流概念店,1层 L1-105,021-63624600,10:00 - 22:00,31.2366,121.4805,https://www.newbalance.com.cn,"NB 1906潮流店,概念店,Made in USA系列",true
New Balance,环贸iapm商场,上海市,上海市,徐汇区,淮海中路999号,New Balance 上海环贸iapm店,地下二层 LG2-218,021-56794864,10:00 - 22:00,31.2195,121.4812,https://www.newbalance.com.cn,"经典体验店,潮流生活,英美产专柜",true
New Balance,港汇恒隆广场,上海市,上海市,徐汇区,虹桥路1号,New Balance 上海港汇恒隆广场店,4层 421铺位,021-79743115,10:00 - 22:00,31.2301,121.4766,https://www.newbalance.com.cn,"精品店,英美产,高街时尚",true
New Balance,久光百货,上海市,上海市,静安区,南京西路1618号,New Balance 上海久光百货专柜,4层 运动专区,021-59668357,10:00 - 22:00,31.2241,121.4679,https://www.newbalance.com.cn,"百货专柜,经典复古跑鞋",true
New Balance,IFC国金中心,上海市,上海市,浦东新区,世纪大道8号,New Balance 上海国金中心精品店,LG1层 LG1-32,021-57959805,10:00 - 22:00,31.2194,121.4669,https://www.newbalance.com.cn,"精品店,英产专区,高端生活",true
New Balance,陆家嘴中心L+Mall,上海市,上海市,浦东新区,浦东南路899号,New Balance 上海陆家嘴中心店,5层 502铺,021-82377154,10:00 - 22:00,31.2269,121.4694,https://www.newbalance.com.cn,"体验店,复古潮流",true
New Balance,世纪汇广场,上海市,上海市,浦东新区,世纪大道1192号,New Balance 上海世纪汇店,B1层 B1-15,021-65322855,10:00 - 22:00,31.2277,121.47,https://www.newbalance.com.cn,"综合店,跑鞋矩阵",true
New Balance,五角场万达广场,上海市,上海市,杨浦区,邯郸路600号,New Balance 上海五角场万达店,2层 2F-28,021-86934381,10:00 - 22:00,31.2387,121.4638,https://www.newbalance.com.cn,"综合大店,高校潮流,经典复刻",true
New Balance,五角场合生汇,上海市,上海市,杨浦区,翔殷路1099号,New Balance 上海五角场合生汇店,B1层 B1-06,021-80598828,10:00 - 22:00,31.2259,121.4793,https://www.newbalance.com.cn,"NB 1906潮流店,青年时尚",true
New Balance,中山公园龙之梦,上海市,上海市,长宁区,长宁路1018号,New Balance 上海龙之梦店,3层 3022铺,021-57453969,10:00 - 22:00,31.2364,121.4713,https://www.newbalance.com.cn,"核心商圈店,经典慢跑",true
New Balance,虹桥南丰城,上海市,上海市,长宁区,遵义路100号,New Balance 上海虹桥南丰城店,南区2层 L2-08,021-51211839,10:00 - 22:00,31.2272,121.4741,https://www.newbalance.com.cn,"家庭体验店,NB Kids,亲子跑步",true
New Balance,尚嘉中心,上海市,上海市,长宁区,仙霞路99号,New Balance 上海尚嘉中心精品店,2层 208,021-83802097,10:00 - 22:00,31.2223,121.4682,https://www.newbalance.com.cn,"精品专柜,Made in USA",true
New Balance,环球港,上海市,上海市,普陀区,中山北路3300号,New Balance 上海环球港店,2层 L2-108,021-83447031,10:00 - 22:00,31.2221,121.4684,https://www.newbalance.com.cn,"综合大店,全系列,复古跑鞋",true
New Balance,大宁久光百货,上海市,上海市,静安区,共和新路2188号,New Balance 上海大宁久光店,3层 运动馆,021-70889481,10:00 - 22:00,31.2327,121.4682,https://www.newbalance.com.cn,"精品专柜,经典鞋款",true
New Balance,大宁国际商业广场,上海市,上海市,静安区,共和新路1978号,New Balance 上海大宁国际店,2座2层 208,021-65919518,10:00 - 22:00,31.2236,121.4765,https://www.newbalance.com.cn,"商圈体验店,跑步生活",true
New Balance,七宝万科广场,上海市,上海市,闵行区,漕宝路3366号,New Balance 上海七宝万科店,2层 208铺,021-73535432,10:00 - 22:00,31.2277,121.4793,https://www.newbalance.com.cn,"体验店,生活方式,跑步",true
New Balance,虹桥天地,上海市,上海市,闵行区,申长路688号,New Balance 上海虹桥天地店,GF层 02铺,021-64829981,10:00 - 22:00,31.2351,121.4668,https://www.newbalance.com.cn,"枢纽旗舰,出行装备",true
New Balance,万象城(闵行),上海市,上海市,闵行区,吴中路1599号,New Balance 上海万象城Running Store,3层 L316,021-88505211,10:00 - 22:00,31.2313,121.4769,https://www.newbalance.com.cn,"跑步专营店,足态分析",true
New Balance,松江印象城,上海市,上海市,松江区,广富林路1788弄,New Balance 上海松江印象城店,1层 L1-33,021-76025144,10:00 - 22:00,31.2201,121.4721,https://www.newbalance.com.cn,"新城核心店,潮流生活",true
New Balance,嘉定大融城,上海市,上海市,嘉定区,宝安公路3386号,New Balance 上海嘉定大融城店,2层 2F-16,021-69356415,10:00 - 22:00,31.2236,121.4635,https://www.newbalance.com.cn,"综合大店,全系列",true
New Balance,青浦宝龙广场,上海市,上海市,青浦区,汇金路590号,New Balance 上海青浦宝龙店,2层 2F-12,021-71957724,10:00 - 22:00,31.2316,121.4685,https://www.newbalance.com.cn,"新城体验店,经典跑鞋",true
New Balance,奉贤苏宁广场,上海市,上海市,奉贤区,南桥镇南奉公路,New Balance 上海奉贤苏宁店,2层 2F-08,021-52836792,10:00 - 22:00,31.2204,121.4819,https://www.newbalance.com.cn,"南桥核心店,生活方式",true
New Balance,宝山万达广场,上海市,上海市,宝山区,一二八纪念路968号,New Balance 上海宝山万达店,2层 2F-22,021-57887425,10:00 - 22:00,31.2422,121.4642,https://www.newbalance.com.cn,"综合大店,潮流生活",true
New Balance,金山万达广场,上海市,上海市,金山区,龙皓路1088号,New Balance 上海金山万达店,2层 2F-15,021-66117475,10:00 - 22:00,31.2238,121.4719,https://www.newbalance.com.cn,"专卖店,复古跑鞋",true
New Balance,崇明万达广场,上海市,上海市,崇明区,城桥镇崇明大道,New Balance 上海崇明万达店,2层 2F-10,021-80037955,10:00 - 22:00,31.2228,121.4747,https://www.newbalance.com.cn,"海岛首店,全系列",true
New Balance,青浦百联奥特莱斯,上海市,上海市,青浦区,沪青平公路2888号,New Balance 上海青浦百联奥莱旗舰店,A区 A108,021-82211302,09:30 - 21:30,31.2218,121.4834,https://www.newbalance.com.cn,"奥特莱斯旗舰店,超大折扣工厂店",true
New Balance,佛罗伦萨小镇(浦东),上海市,上海市,浦东新区,卓耀路58弄,New Balance 上海佛罗伦萨小镇店,1层 126号,021-86411147,10:00 - 22:00,31.237,121.4856,https://www.newbalance.com.cn,"名品奥特莱斯,经典复古折扣",true
New Balance,上海奕欧来奥特莱斯,上海市,上海市,浦东新区,申迪东路88号(迪士尼旁),New Balance 上海比斯特奕欧来奥莱店,1层 108铺,021-60985241,09:30 - 21:30,31.2341,121.4792,https://www.newbalance.com.cn,"名品奥莱,复古特惠",true
New Balance,天津大悦城,天津市,天津市,南开区,南门外大街2号,New Balance 天津大悦城旗舰店,3层 3F-08,022-70432766,10:00 - 22:00,39.0728,117.1962,https://www.newbalance.com.cn,"城市旗舰店,NB 1906潮流店,Made in USA",true
New Balance,恒隆广场,天津市,天津市,和平区,津塔路与和平路交汇处,New Balance 天津恒隆广场店,2层 206铺,022-81925262,10:00 - 22:00,39.0782,117.21,https://www.newbalance.com.cn,"精品店,英美产,高端生活",true
New Balance,万象城,天津市,天津市,河西区,乐园道9号,New Balance 天津万象城店,3层 L3-025,022-50885469,10:00 - 22:00,39.0782,117.2033,https://www.newbalance.com.cn,"高端体验店,Grey Store,专业跑步",true
New Balance,和平大悦城,天津市,天津市,和平区,南京路189号,New Balance 天津和平大悦城店,4层 4F-12,022-63322144,10:00 - 22:00,39.082,117.2064,https://www.newbalance.com.cn,"潮流体验店,青年复古",true
New Balance,滨江道乐宾百货,天津市,天津市,和平区,南京路128号,New Balance 天津乐宾百货专柜,3层 运动专区,022-88118169,10:00 - 22:00,39.084,117.2069,https://www.newbalance.com.cn,"百货专柜,经典跑鞋",true
New Balance,鲁能城购物中心,天津市,天津市,南开区,水上公园东路,New Balance 天津鲁能城店,1层 L1-18,022-72329002,10:00 - 22:00,39.0795,117.1941,https://www.newbalance.com.cn,"经典体验店,跑鞋矩阵",true
New Balance,河东爱琴海购物公园,天津市,天津市,河东区,津滨大道160号,New Balance 天津河东爱琴海店,2层 2F-22,022-81641669,10:00 - 22:00,39.0726,117.1912,https://www.newbalance.com.cn,"综合专卖店,亲子跑步",true
New Balance,红桥大丰路水游城,天津市,天津市,红桥区,大丰路12号,New Balance 天津水游城店,2层 2F-15,022-53655745,10:00 - 22:00,39.0941,117.2013,https://www.newbalance.com.cn,"体验店,复古跑鞋",true
New Balance,滨海万达广场,天津市,天津市,滨海新区,洞庭路与津塘公路交汇处,New Balance 天津滨海万达店,2层 2F-18,022-86393988,10:00 - 22:00,39.0919,117.2041,https://www.newbalance.com.cn,"滨海核心店,全品类",true
New Balance,滨海泰达MSD,天津市,天津市,滨海新区,新城西路52号,New Balance 天津泰达店,1层 108,022-57544586,10:00 - 22:00,39.0767,117.1988,https://www.newbalance.com.cn,"开发区店,商务运动",true
New Balance,西青万达广场,天津市,天津市,西青区,大寺镇储华道,New Balance 天津西青万达店,2层 2F-12,022-81647467,10:00 - 22:00,39.077,117.2022,https://www.newbalance.com.cn,"综合店,生活方式",true
New Balance,佛罗伦萨小镇(武清),天津市,天津市,武清区,前进道北侧,New Balance 天津武清佛罗伦萨小镇奥莱店,1层 108号,022-87558043,10:00 - 22:00,39.0933,117.2087,https://www.newbalance.com.cn,"奥特莱斯特惠,名品折扣,超大工厂店",true
New Balance,杉杉奥特莱斯(西青),天津市,天津市,西青区,大寺镇储宝路,New Balance 天津西青杉杉奥莱店,1层 A-16,022-57904570,09:30 - 21:30,39.0897,117.2101,https://www.newbalance.com.cn,"奥特莱斯折扣店,工厂特惠",true
New Balance,万象城(九龙坡),重庆市,重庆市,九龙坡区,谢家湾正街55号,New Balance 重庆万象城旗舰店,南区L3层 L322,023-59715648,10:00 - 22:00,29.5662,106.5412,https://www.newbalance.com.cn,"城市旗舰店,Grey Store,Made in USA,高端系列",true
New Balance,时代广场,重庆市,重庆市,渝中区,邹容路100号,New Balance 重庆解放碑时代广场店,3层 308铺,023-84588618,10:00 - 22:00,29.5626,106.5422,https://www.newbalance.com.cn,"精品店,英美产,经典复刻",true
New Balance,北城天街,重庆市,重庆市,江北区,观音桥北城天街8号,New Balance 重庆北城天街NB 1906潮流店,2层 2F-016,023-52706440,10:00 - 22:00,29.5541,106.5531,https://www.newbalance.com.cn,"NB 1906潮流店,观音桥地标,潮流首发",true
New Balance,光环购物公园,重庆市,重庆市,渝北区,湖彩路118号,New Balance 重庆光环购物公园店,2层 L2-19,023-84172815,10:00 - 22:00,29.5619,106.5441,https://www.newbalance.com.cn,"生态体验店,跑步专营,自然慢跑",true
New Balance,来福士广场,重庆市,重庆市,渝中区,接圣街8号,New Balance 重庆来福士店,2层 02-18,023-56944640,10:00 - 22:00,29.5588,106.5601,https://www.newbalance.com.cn,"地标体验店,山城潮流",true
New Balance,龙湖时代天街,重庆市,重庆市,渝中区,大坪时代大道1号,New Balance 重庆龙湖时代天街店,C馆2层 L2-06,023-65898336,10:00 - 22:00,29.5524,106.5583,https://www.newbalance.com.cn,"综合大店,全系列,跑鞋体验",true
New Balance,龙湖源著天街,重庆市,重庆市,江北区,福泉路8号,New Balance 重庆源著天街店,2层 2F-11,023-75506009,10:00 - 22:00,29.5578,106.5571,https://www.newbalance.com.cn,"社区核心店,跑步生活",true
New Balance,沙坪坝万达广场,重庆市,重庆市,沙坪坝区,经纬大道与石小路交叉口,New Balance 重庆沙坪坝万达店,2层 2F-12,023-66158314,10:00 - 22:00,29.5605,106.5586,https://www.newbalance.com.cn,"专卖店,复古慢跑",true
New Balance,南坪协信星光时代广场,重庆市,重庆市,南岸区,江南大道28号,New Balance 重庆南坪协信星光店,3层 3F-15,023-56072948,10:00 - 22:00,29.56,106.5615,https://www.newbalance.com.cn,"综合店,经典跑鞋",true
New Balance,万州万达广场,重庆市,重庆市,万州区,北滨大道二段999号,New Balance 重庆万州万达店,2层 2F-18,023-63313689,10:00 - 22:00,29.5626,106.5582,https://www.newbalance.com.cn,"渝东北旗舰,全系列",true
New Balance,涪陵宝龙广场,重庆市,重庆市,涪陵区,兴华东路与白鹤森林公园交汇处,New Balance 重庆涪陵宝龙店,2层 2F-08,023-84911829,10:00 - 22:00,29.5713,106.5435,https://www.newbalance.com.cn,"综合专卖店,经典鞋款",true
New Balance,永川万达广场,重庆市,重庆市,永川区,文昌路与和顺大道交汇处,New Balance 重庆永川万达店,2层 2F-16,023-82448152,10:00 - 22:00,29.5721,106.5533,https://www.newbalance.com.cn,"渝西核心店,全品类",true
New Balance,合川宝龙广场,重庆市,重庆市,合川区,南津街街道南溪路,New Balance 重庆合川宝龙店,2层 2F-12,023-77771183,10:00 - 22:00,29.5564,106.552,https://www.newbalance.com.cn,"专卖店,复古慢跑",true
New Balance,江津万达广场,重庆市,重庆市,江津区,滨江新城西江大道,New Balance 重庆江津万达店,2层 2F-10,023-63172774,10:00 - 22:00,29.5526,106.5475,https://www.newbalance.com.cn,"专卖店,跑步体验",true
New Balance,砂之船奥特莱斯(璧山),重庆市,重庆市,璧山区,璧泉街道双星大道,New Balance 重庆璧山砂之船奥莱店,1层 1A-28,023-70505675,09:30 - 21:30,29.5601,106.5463,https://www.newbalance.com.cn,"奥特莱斯超级工厂店,折扣专享",true
New Balance,砂之船奥特莱斯(两江),重庆市,重庆市,渝北区,机场路金渝立交,New Balance 重庆两江砂之船奥莱店,1层 B108,023-55244067,09:30 - 21:30,29.5623,106.5397,https://www.newbalance.com.cn,"奥特莱斯特惠,超大工厂店",true
New Balance,南京市万达广场,江苏省,南京市,南京区,南京市核心商业区南京市万达广场,New Balance 南京市万达广场旗舰店,2层 2F-18,025-60867474,10:00 - 22:00,32.0478,118.8022,https://www.newbalance.com.cn,"综合专卖店,复古跑鞋,生活方式,NB Kids",true
New Balance,南京市华润万象城,江苏省,南京市,南京区,南京市核心商业区南京市华润万象城,New Balance 南京市华润万象城店,3层 L318,025-72479115,10:00 - 22:00,32.0602,118.8055,https://www.newbalance.com.cn,"城市旗舰店,Grey Store,Made in USA,限量发售",true
New Balance,南京市华润万象汇,江苏省,南京市,南京区,南京市核心商业区南京市华润万象汇,New Balance 南京市华润万象汇店,2层 L2-16,025-69912190,10:00 - 22:00,32.0463,118.7923,https://www.newbalance.com.cn,"综合大店,跑步专营,跑鞋矩阵",true
New Balance,南京市大悦城,江苏省,南京市,南京区,南京市核心商业区南京市大悦城,New Balance 南京市大悦城店,4层 4F-12,025-81116888,10:00 - 22:00,32.0667,118.7937,https://www.newbalance.com.cn,"NB 1906潮流店,青年时尚,复古慢跑",true
New Balance,南京市龙湖天街,江苏省,南京市,南京区,南京市核心商业区南京市龙湖天街,New Balance 南京市龙湖天街店,2层 2F-15,025-65044908,10:00 - 22:00,32.0473,118.7938,https://www.newbalance.com.cn,"生活方式体验店,跑者驿站,亲子跑步",true
New Balance,南京市银泰百货,江苏省,南京市,南京区,南京市核心商业区南京市银泰百货,New Balance 南京市银泰百货店,3层 运动馆308,025-65499403,10:00 - 22:00,32.0546,118.7933,https://www.newbalance.com.cn,"百货专柜,经典慢跑,复古鞋款",true
New Balance,南京市银泰城,江苏省,南京市,南京区,南京市核心商业区南京市银泰城,New Balance 南京市银泰城店,2层 2F-20,025-88304450,10:00 - 22:00,32.0599,118.8046,https://www.newbalance.com.cn,"综合专卖店,全系列,跑步生活",true
New Balance,南京市吾悦广场,江苏省,南京市,南京区,南京市核心商业区南京市吾悦广场,New Balance 南京市吾悦广场店,2层 2F-16,025-58488656,10:00 - 22:00,32.0437,118.8147,https://www.newbalance.com.cn,"综合体验店,生活方式,复古跑鞋",true
New Balance,南京市宝龙广场,江苏省,南京市,南京区,南京市核心商业区南京市宝龙广场,New Balance 南京市宝龙广场店,2层 2F-12,025-65178793,10:00 - 22:00,32.052,118.8024,https://www.newbalance.com.cn,"商圈专卖店,经典鞋款",true
New Balance,南京市苏宁广场,江苏省,南京市,南京区,南京市核心商业区南京市苏宁广场,New Balance 南京市苏宁广场店,3层 308,025-70995780,10:00 - 22:00,32.062,118.7869,https://www.newbalance.com.cn,"综合大店,全系列",true
New Balance,南京市印象城,江苏省,南京市,南京区,南京市核心商业区南京市印象城,New Balance 南京市印象城店,2层 L2-08,025-83076983,10:00 - 22:00,32.0695,118.782,https://www.newbalance.com.cn,"体验店,经典跑鞋",true
New Balance,南京市金鹰国际购物中心,江苏省,南京市,南京区,南京市核心商业区南京市金鹰国际购物中心,New Balance 南京市金鹰国际购物中心店,4层 408,025-72572733,10:00 - 22:00,32.0599,118.797,https://www.newbalance.com.cn,"精品专柜,英美产专区",true
New Balance,南京市王府井百货,江苏省,南京市,南京区,南京市核心商业区南京市王府井百货,New Balance 南京市王府井百货店,3层 运动专区,025-82542330,10:00 - 22:00,32.0455,118.7857,https://www.newbalance.com.cn,"百货专柜,经典复古跑鞋",true
New Balance,南京市百联奥特莱斯,江苏省,南京市,南京区,南京市核心商业区南京市百联奥特莱斯,New Balance 南京市百联奥特莱斯店,1层 A108,025-75056089,09:30 - 21:30,32.0424,118.8017,https://www.newbalance.com.cn,"奥特莱斯特惠,超大工厂店,折扣专享",true
New Balance,南京市砂之船奥特莱斯,江苏省,南京市,南京区,南京市核心商业区南京市砂之船奥特莱斯,New Balance 南京市砂之船奥特莱斯店,1层 108,025-76083008,09:30 - 21:30,32.08,118.8026,https://www.newbalance.com.cn,"奥特莱斯超级工厂店,折扣专享",true
New Balance,南京市杉杉奥特莱斯,江苏省,南京市,南京区,南京市核心商业区南京市杉杉奥特莱斯,New Balance 南京市杉杉奥特莱斯店,1层 A-16,025-81213002,09:30 - 21:30,32.0718,118.7924,https://www.newbalance.com.cn,"奥特莱斯名品折扣店,全系列",true
New Balance,南京市首创奥特莱斯,江苏省,南京市,南京区,南京市核心商业区南京市首创奥特莱斯,New Balance 南京市首创奥特莱斯店,1层 1028,025-53331149,09:30 - 21:30,32.0469,118.8082,https://www.newbalance.com.cn,"奥特莱斯工厂特惠,全品类折扣",true
New Balance,南京市时代广场,江苏省,南京市,南京区,南京市核心商业区南京市时代广场,New Balance 南京市时代广场店,2层 208,025-80172898,10:00 - 22:00,32.0668,118.7785,https://www.newbalance.com.cn,"商圈核心店,经典跑鞋",true
New Balance,南京市万象天地,江苏省,南京市,南京区,南京市核心商业区南京市万象天地,New Balance 南京市万象天地店,1层 L1-18,025-75389551,10:00 - 22:00,32.0447,118.7921,https://www.newbalance.com.cn,"NB 1906潮流概念店,街区生活",true
New Balance,南京市恒隆广场,江苏省,南京市,南京区,南京市核心商业区南京市恒隆广场,New Balance 南京市恒隆广场店,3层 308,025-89107723,10:00 - 22:00,32.068,118.7818,https://www.newbalance.com.cn,"精品专卖店,英美产,高端生活",true
New Balance,苏州市万达广场,江苏省,苏州市,苏州区,苏州市核心商业区苏州市万达广场,New Balance 苏州市万达广场旗舰店,2层 2F-18,0512-6380860,10:00 - 22:00,31.2944,120.5796,https://www.newbalance.com.cn,"综合专卖店,复古跑鞋,生活方式,NB Kids",true
New Balance,苏州市华润万象城,江苏省,苏州市,苏州区,苏州市核心商业区苏州市华润万象城,New Balance 苏州市华润万象城店,3层 L318,0512-6505814,10:00 - 22:00,31.2885,120.5663,https://www.newbalance.com.cn,"城市旗舰店,Grey Store,Made in USA,限量发售",true
New Balance,苏州市华润万象汇,江苏省,苏州市,苏州区,苏州市核心商业区苏州市华润万象汇,New Balance 苏州市华润万象汇店,2层 L2-16,0512-8148762,10:00 - 22:00,31.2955,120.5925,https://www.newbalance.com.cn,"综合大店,跑步专营,跑鞋矩阵",true
New Balance,苏州市大悦城,江苏省,苏州市,苏州区,苏州市核心商业区苏州市大悦城,New Balance 苏州市大悦城店,4层 4F-12,0512-8517441,10:00 - 22:00,31.2841,120.6022,https://www.newbalance.com.cn,"NB 1906潮流店,青年时尚,复古慢跑",true
New Balance,苏州市龙湖天街,江苏省,苏州市,苏州区,苏州市核心商业区苏州市龙湖天街,New Balance 苏州市龙湖天街店,2层 2F-15,0512-6857658,10:00 - 22:00,31.3149,120.5866,https://www.newbalance.com.cn,"生活方式体验店,跑者驿站,亲子跑步",true
New Balance,苏州市银泰百货,江苏省,苏州市,苏州区,苏州市核心商业区苏州市银泰百货,New Balance 苏州市银泰百货店,3层 运动馆308,0512-8642402,10:00 - 22:00,31.2949,120.5808,https://www.newbalance.com.cn,"百货专柜,经典慢跑,复古鞋款",true
New Balance,苏州市银泰城,江苏省,苏州市,苏州区,苏州市核心商业区苏州市银泰城,New Balance 苏州市银泰城店,2层 2F-20,0512-6437678,10:00 - 22:00,31.3164,120.5871,https://www.newbalance.com.cn,"综合专卖店,全系列,跑步生活",true
New Balance,苏州市吾悦广场,江苏省,苏州市,苏州区,苏州市核心商业区苏州市吾悦广场,New Balance 苏州市吾悦广场店,2层 2F-16,0512-6591755,10:00 - 22:00,31.3044,120.5797,https://www.newbalance.com.cn,"综合体验店,生活方式,复古跑鞋",true
New Balance,苏州市宝龙广场,江苏省,苏州市,苏州区,苏州市核心商业区苏州市宝龙广场,New Balance 苏州市宝龙广场店,2层 2F-12,0512-6263312,10:00 - 22:00,31.2946,120.5807,https://www.newbalance.com.cn,"商圈专卖店,经典鞋款",true
New Balance,苏州市苏宁广场,江苏省,苏州市,苏州区,苏州市核心商业区苏州市苏宁广场,New Balance 苏州市苏宁广场店,3层 308,0512-8827584,10:00 - 22:00,31.2846,120.6033,https://www.newbalance.com.cn,"综合大店,全系列",true
New Balance,苏州市印象城,江苏省,苏州市,苏州区,苏州市核心商业区苏州市印象城,New Balance 苏州市印象城店,2层 L2-08,0512-8998142,10:00 - 22:00,31.3031,120.5702,https://www.newbalance.com.cn,"体验店,经典跑鞋",true
New Balance,苏州市金鹰国际购物中心,江苏省,苏州市,苏州区,苏州市核心商业区苏州市金鹰国际购物中心,New Balance 苏州市金鹰国际购物中心店,4层 408,0512-8651371,10:00 - 22:00,31.2805,120.6027,https://www.newbalance.com.cn,"精品专柜,英美产专区",true
New Balance,苏州市王府井百货,江苏省,苏州市,苏州区,苏州市核心商业区苏州市王府井百货,New Balance 苏州市王府井百货店,3层 运动专区,0512-8600750,10:00 - 22:00,31.3089,120.5948,https://www.newbalance.com.cn,"百货专柜,经典复古跑鞋",true
New Balance,苏州市百联奥特莱斯,江苏省,苏州市,苏州区,苏州市核心商业区苏州市百联奥特莱斯,New Balance 苏州市百联奥特莱斯店,1层 A108,0512-8486714,09:30 - 21:30,31.3,120.5938,https://www.newbalance.com.cn,"奥特莱斯特惠,超大工厂店,折扣专享",true
New Balance,苏州市砂之船奥特莱斯,江苏省,苏州市,苏州区,苏州市核心商业区苏州市砂之船奥特莱斯,New Balance 苏州市砂之船奥特莱斯店,1层 108,0512-7227313,09:30 - 21:30,31.3124,120.5945,https://www.newbalance.com.cn,"奥特莱斯超级工厂店,折扣专享",true
New Balance,苏州市杉杉奥特莱斯,江苏省,苏州市,苏州区,苏州市核心商业区苏州市杉杉奥特莱斯,New Balance 苏州市杉杉奥特莱斯店,1层 A-16,0512-8874976,09:30 - 21:30,31.2858,120.5925,https://www.newbalance.com.cn,"奥特莱斯名品折扣店,全系列",true
New Balance,苏州市首创奥特莱斯,江苏省,苏州市,苏州区,苏州市核心商业区苏州市首创奥特莱斯,New Balance 苏州市首创奥特莱斯店,1层 1028,0512-7445835,09:30 - 21:30,31.292,120.5665,https://www.newbalance.com.cn,"奥特莱斯工厂特惠,全品类折扣",true
New Balance,苏州市时代广场,江苏省,苏州市,苏州区,苏州市核心商业区苏州市时代广场,New Balance 苏州市时代广场店,2层 208,0512-6284825,10:00 - 22:00,31.2866,120.5853,https://www.newbalance.com.cn,"商圈核心店,经典跑鞋",true
New Balance,苏州市万象天地,江苏省,苏州市,苏州区,苏州市核心商业区苏州市万象天地,New Balance 苏州市万象天地店,1层 L1-18,0512-8810188,10:00 - 22:00,31.2841,120.5903,https://www.newbalance.com.cn,"NB 1906潮流概念店,街区生活",true
New Balance,苏州市恒隆广场,江苏省,苏州市,苏州区,苏州市核心商业区苏州市恒隆广场,New Balance 苏州市恒隆广场店,3层 308,0512-7287941,10:00 - 22:00,31.3043,120.5862,https://www.newbalance.com.cn,"精品专卖店,英美产,高端生活",true
New Balance,苏州市万达广场,江苏省,苏州市,苏州区,苏州市核心商业区苏州市万达广场,New Balance 苏州市万达广场店,2层 2F-18,0512-7302720,10:00 - 22:00,31.3075,120.5945,https://www.newbalance.com.cn,"综合专卖店,复古跑鞋,生活方式,NB Kids",true
New Balance,无锡市万达广场,江苏省,无锡市,无锡区,无锡市核心商业区无锡市万达广场,New Balance 无锡市万达广场旗舰店,2层 2F-18,0510-8304589,10:00 - 22:00,31.5064,120.3045,https://www.newbalance.com.cn,"综合专卖店,复古跑鞋,生活方式,NB Kids",true
New Balance,无锡市华润万象城,江苏省,无锡市,无锡区,无锡市核心商业区无锡市华润万象城,New Balance 无锡市华润万象城店,3层 L318,0510-6459501,10:00 - 22:00,31.4915,120.3259,https://www.newbalance.com.cn,"城市旗舰店,Grey Store,Made in USA,限量发售",true
New Balance,无锡市华润万象汇,江苏省,无锡市,无锡区,无锡市核心商业区无锡市华润万象汇,New Balance 无锡市华润万象汇店,2层 L2-16,0510-6155545,10:00 - 22:00,31.4893,120.3298,https://www.newbalance.com.cn,"综合大店,跑步专营,跑鞋矩阵",true
New Balance,无锡市大悦城,江苏省,无锡市,无锡区,无锡市核心商业区无锡市大悦城,New Balance 无锡市大悦城店,4层 4F-12,0510-7702423,10:00 - 22:00,31.4927,120.3138,https://www.newbalance.com.cn,"NB 1906潮流店,青年时尚,复古慢跑",true
New Balance,无锡市龙湖天街,江苏省,无锡市,无锡区,无锡市核心商业区无锡市龙湖天街,New Balance 无锡市龙湖天街店,2层 2F-15,0510-8000589,10:00 - 22:00,31.4827,120.3021,https://www.newbalance.com.cn,"生活方式体验店,跑者驿站,亲子跑步",true
New Balance,无锡市银泰百货,江苏省,无锡市,无锡区,无锡市核心商业区无锡市银泰百货,New Balance 无锡市银泰百货店,3层 运动馆308,0510-7706693,10:00 - 22:00,31.4931,120.2957,https://www.newbalance.com.cn,"百货专柜,经典慢跑,复古鞋款",true
New Balance,无锡市银泰城,江苏省,无锡市,无锡区,无锡市核心商业区无锡市银泰城,New Balance 无锡市银泰城店,2层 2F-20,0510-7824241,10:00 - 22:00,31.493,120.3002,https://www.newbalance.com.cn,"综合专卖店,全系列,跑步生活",true
New Balance,无锡市吾悦广场,江苏省,无锡市,无锡区,无锡市核心商业区无锡市吾悦广场,New Balance 无锡市吾悦广场店,2层 2F-16,0510-7457952,10:00 - 22:00,31.4715,120.299,https://www.newbalance.com.cn,"综合体验店,生活方式,复古跑鞋",true
New Balance,无锡市宝龙广场,江苏省,无锡市,无锡区,无锡市核心商业区无锡市宝龙广场,New Balance 无锡市宝龙广场店,2层 2F-12,0510-8051945,10:00 - 22:00,31.4774,120.3274,https://www.newbalance.com.cn,"商圈专卖店,经典鞋款",true
New Balance,无锡市苏宁广场,江苏省,无锡市,无锡区,无锡市核心商业区无锡市苏宁广场,New Balance 无锡市苏宁广场店,3层 308,0510-7756973,10:00 - 22:00,31.4835,120.296,https://www.newbalance.com.cn,"综合大店,全系列",true
New Balance,无锡市印象城,江苏省,无锡市,无锡区,无锡市核心商业区无锡市印象城,New Balance 无锡市印象城店,2层 L2-08,0510-8203794,10:00 - 22:00,31.4859,120.2934,https://www.newbalance.com.cn,"体验店,经典跑鞋",true
New Balance,无锡市金鹰国际购物中心,江苏省,无锡市,无锡区,无锡市核心商业区无锡市金鹰国际购物中心,New Balance 无锡市金鹰国际购物中心店,4层 408,0510-8014124,10:00 - 22:00,31.479,120.3281,https://www.newbalance.com.cn,"精品专柜,英美产专区",true
New Balance,无锡市王府井百货,江苏省,无锡市,无锡区,无锡市核心商业区无锡市王府井百货,New Balance 无锡市王府井百货店,3层 运动专区,0510-7236796,10:00 - 22:00,31.4919,120.3101,https://www.newbalance.com.cn,"百货专柜,经典复古跑鞋",true
New Balance,常州市万达广场,江苏省,常州市,常州区,常州市核心商业区常州市万达广场,New Balance 常州市万达广场旗舰店,2层 2F-18,0519-6423958,10:00 - 22:00,31.7959,119.9694,https://www.newbalance.com.cn,"综合专卖店,复古跑鞋,生活方式,NB Kids",true
New Balance,常州市华润万象城,江苏省,常州市,常州区,常州市核心商业区常州市华润万象城,New Balance 常州市华润万象城店,3层 L318,0519-6669813,10:00 - 22:00,31.7953,119.9778,https://www.newbalance.com.cn,"城市旗舰店,Grey Store,Made in USA,限量发售",true
New Balance,常州市华润万象汇,江苏省,常州市,常州区,常州市核心商业区常州市华润万象汇,New Balance 常州市华润万象汇店,2层 L2-16,0519-7486422,10:00 - 22:00,31.8259,119.9632,https://www.newbalance.com.cn,"综合大店,跑步专营,跑鞋矩阵",true
New Balance,常州市大悦城,江苏省,常州市,常州区,常州市核心商业区常州市大悦城,New Balance 常州市大悦城店,4层 4F-12,0519-7195527,10:00 - 22:00,31.8065,119.9881,https://www.newbalance.com.cn,"NB 1906潮流店,青年时尚,复古慢跑",true
New Balance,常州市龙湖天街,江苏省,常州市,常州区,常州市核心商业区常州市龙湖天街,New Balance 常州市龙湖天街店,2层 2F-15,0519-8018544,10:00 - 22:00,31.8027,119.979,https://www.newbalance.com.cn,"生活方式体验店,跑者驿站,亲子跑步",true
New Balance,常州市银泰百货,江苏省,常州市,常州区,常州市核心商业区常州市银泰百货,New Balance 常州市银泰百货店,3层 运动馆308,0519-6423662,10:00 - 22:00,31.8207,119.9874,https://www.newbalance.com.cn,"百货专柜,经典慢跑,复古鞋款",true
New Balance,常州市银泰城,江苏省,常州市,常州区,常州市核心商业区常州市银泰城,New Balance 常州市银泰城店,2层 2F-20,0519-8474521,10:00 - 22:00,31.8067,119.9912,https://www.newbalance.com.cn,"综合专卖店,全系列,跑步生活",true
New Balance,常州市吾悦广场,江苏省,常州市,常州区,常州市核心商业区常州市吾悦广场,New Balance 常州市吾悦广场店,2层 2F-16,0519-7693844,10:00 - 22:00,31.8208,119.9912,https://www.newbalance.com.cn,"综合体验店,生活方式,复古跑鞋",true
New Balance,常州市宝龙广场,江苏省,常州市,常州区,常州市核心商业区常州市宝龙广场,New Balance 常州市宝龙广场店,2层 2F-12,0519-8535290,10:00 - 22:00,31.8197,119.9888,https://www.newbalance.com.cn,"商圈专卖店,经典鞋款",true
New Balance,常州市苏宁广场,江苏省,常州市,常州区,常州市核心商业区常州市苏宁广场,New Balance 常州市苏宁广场店,3层 308,0519-6499747,10:00 - 22:00,31.8298,119.9831,https://www.newbalance.com.cn,"综合大店,全系列",true
New Balance,南通市万达广场,江苏省,南通市,南通区,南通市核心商业区南通市万达广场,New Balance 南通市万达广场旗舰店,2层 2F-18,0513-6678822,10:00 - 22:00,32.0069,120.8803,https://www.newbalance.com.cn,"综合专卖店,复古跑鞋,生活方式,NB Kids",true
New Balance,南通市华润万象城,江苏省,南通市,南通区,南通市核心商业区南通市华润万象城,New Balance 南通市华润万象城店,3层 L318,0513-7571170,10:00 - 22:00,32.0252,120.88,https://www.newbalance.com.cn,"城市旗舰店,Grey Store,Made in USA,限量发售",true
New Balance,南通市华润万象汇,江苏省,南通市,南通区,南通市核心商业区南通市华润万象汇,New Balance 南通市华润万象汇店,2层 L2-16,0513-8118611,10:00 - 22:00,32.0186,120.8834,https://www.newbalance.com.cn,"综合大店,跑步专营,跑鞋矩阵",true
New Balance,南通市大悦城,江苏省,南通市,南通区,南通市核心商业区南通市大悦城,New Balance 南通市大悦城店,4层 4F-12,0513-6366805,10:00 - 22:00,32.0262,120.8573,https://www.newbalance.com.cn,"NB 1906潮流店,青年时尚,复古慢跑",true
New Balance,南通市龙湖天街,江苏省,南通市,南通区,南通市核心商业区南通市龙湖天街,New Balance 南通市龙湖天街店,2层 2F-15,0513-6939650,10:00 - 22:00,31.9972,120.8505,https://www.newbalance.com.cn,"生活方式体验店,跑者驿站,亲子跑步",true
New Balance,南通市银泰百货,江苏省,南通市,南通区,南通市核心商业区南通市银泰百货,New Balance 南通市银泰百货店,3层 运动馆308,0513-7117727,10:00 - 22:00,32.0256,120.8666,https://www.newbalance.com.cn,"百货专柜,经典慢跑,复古鞋款",true
New Balance,南通市银泰城,江苏省,南通市,南通区,南通市核心商业区南通市银泰城,New Balance 南通市银泰城店,2层 2F-20,0513-8048707,10:00 - 22:00,32.0153,120.8682,https://www.newbalance.com.cn,"综合专卖店,全系列,跑步生活",true
New Balance,南通市吾悦广场,江苏省,南通市,南通区,南通市核心商业区南通市吾悦广场,New Balance 南通市吾悦广场店,2层 2F-16,0513-6295624,10:00 - 22:00,32.0191,120.8464,https://www.newbalance.com.cn,"综合体验店,生活方式,复古跑鞋",true
New Balance,南通市宝龙广场,江苏省,南通市,南通区,南通市核心商业区南通市宝龙广场,New Balance 南通市宝龙广场店,2层 2F-12,0513-6535785,10:00 - 22:00,32.0314,120.8666,https://www.newbalance.com.cn,"商圈专卖店,经典鞋款",true
New Balance,徐州市万达广场,江苏省,徐州市,徐州区,徐州市核心商业区徐州市万达广场,New Balance 徐州市万达广场旗舰店,2层 2F-18,0516-6055782,10:00 - 22:00,34.274,117.1712,https://www.newbalance.com.cn,"综合专卖店,复古跑鞋,生活方式,NB Kids",true
New Balance,徐州市华润万象城,江苏省,徐州市,徐州区,徐州市核心商业区徐州市华润万象城,New Balance 徐州市华润万象城店,3层 L318,0516-8841361,10:00 - 22:00,34.2449,117.1938,https://www.newbalance.com.cn,"城市旗舰店,Grey Store,Made in USA,限量发售",true
New Balance,徐州市华润万象汇,江苏省,徐州市,徐州区,徐州市核心商业区徐州市华润万象汇,New Balance 徐州市华润万象汇店,2层 L2-16,0516-7447288,10:00 - 22:00,34.242,117.2042,https://www.newbalance.com.cn,"综合大店,跑步专营,跑鞋矩阵",true
New Balance,徐州市大悦城,江苏省,徐州市,徐州区,徐州市核心商业区徐州市大悦城,New Balance 徐州市大悦城店,4层 4F-12,0516-7653465,10:00 - 22:00,34.2628,117.1973,https://www.newbalance.com.cn,"NB 1906潮流店,青年时尚,复古慢跑",true
New Balance,徐州市龙湖天街,江苏省,徐州市,徐州区,徐州市核心商业区徐州市龙湖天街,New Balance 徐州市龙湖天街店,2层 2F-15,0516-6420875,10:00 - 22:00,34.2697,117.2045,https://www.newbalance.com.cn,"生活方式体验店,跑者驿站,亲子跑步",true
New Balance,徐州市银泰百货,江苏省,徐州市,徐州区,徐州市核心商业区徐州市银泰百货,New Balance 徐州市银泰百货店,3层 运动馆308,0516-7777770,10:00 - 22:00,34.2593,117.197,https://www.newbalance.com.cn,"百货专柜,经典慢跑,复古鞋款",true
New Balance,徐州市银泰城,江苏省,徐州市,徐州区,徐州市核心商业区徐州市银泰城,New Balance 徐州市银泰城店,2层 2F-20,0516-6122549,10:00 - 22:00,34.2711,117.1726,https://www.newbalance.com.cn,"综合专卖店,全系列,跑步生活",true
New Balance,徐州市吾悦广场,江苏省,徐州市,徐州区,徐州市核心商业区徐州市吾悦广场,New Balance 徐州市吾悦广场店,2层 2F-16,0516-7257824,10:00 - 22:00,34.277,117.198,https://www.newbalance.com.cn,"综合体验店,生活方式,复古跑鞋",true
New Balance,扬州市万达广场,江苏省,扬州市,扬州区,扬州市核心商业区扬州市万达广场,New Balance 扬州市万达广场旗舰店,2层 2F-18,0514-8331793,10:00 - 22:00,32.4133,119.4221,https://www.newbalance.com.cn,"综合专卖店,复古跑鞋,生活方式,NB Kids",true
New Balance,扬州市华润万象城,江苏省,扬州市,扬州区,扬州市核心商业区扬州市华润万象城,New Balance 扬州市华润万象城店,3层 L318,0514-8783980,10:00 - 22:00,32.3757,119.4229,https://www.newbalance.com.cn,"城市旗舰店,Grey Store,Made in USA,限量发售",true
New Balance,扬州市华润万象汇,江苏省,扬州市,扬州区,扬州市核心商业区扬州市华润万象汇,New Balance 扬州市华润万象汇店,2层 L2-16,0514-6475906,10:00 - 22:00,32.3858,119.4317,https://www.newbalance.com.cn,"综合大店,跑步专营,跑鞋矩阵",true
New Balance,扬州市大悦城,江苏省,扬州市,扬州区,扬州市核心商业区扬州市大悦城,New Balance 扬州市大悦城店,4层 4F-12,0514-8073602,10:00 - 22:00,32.4096,119.398,https://www.newbalance.com.cn,"NB 1906潮流店,青年时尚,复古慢跑",true
New Balance,扬州市龙湖天街,江苏省,扬州市,扬州区,扬州市核心商业区扬州市龙湖天街,New Balance 扬州市龙湖天街店,2层 2F-15,0514-7274745,10:00 - 22:00,32.3861,119.4091,https://www.newbalance.com.cn,"生活方式体验店,跑者驿站,亲子跑步",true
New Balance,扬州市银泰百货,江苏省,扬州市,扬州区,扬州市核心商业区扬州市银泰百货,New Balance 扬州市银泰百货店,3层 运动馆308,0514-7438734,10:00 - 22:00,32.3807,119.4122,https://www.newbalance.com.cn,"百货专柜,经典慢跑,复古鞋款",true
New Balance,盐城市万达广场,江苏省,盐城市,盐城区,盐城市核心商业区盐城市万达广场,New Balance 盐城市万达广场旗舰店,2层 2F-18,0515-8173904,10:00 - 22:00,33.3378,120.1662,https://www.newbalance.com.cn,"综合专卖店,复古跑鞋,生活方式,NB Kids",true
New Balance,盐城市华润万象城,江苏省,盐城市,盐城区,盐城市核心商业区盐城市华润万象城,New Balance 盐城市华润万象城店,3层 L318,0515-6327485,10:00 - 22:00,33.3366,120.1442,https://www.newbalance.com.cn,"城市旗舰店,Grey Store,Made in USA,限量发售",true
New Balance,盐城市华润万象汇,江苏省,盐城市,盐城区,盐城市核心商业区盐城市华润万象汇,New Balance 盐城市华润万象汇店,2层 L2-16,0515-7816439,10:00 - 22:00,33.3471,120.1478,https://www.newbalance.com.cn,"综合大店,跑步专营,跑鞋矩阵",true
New Balance,盐城市大悦城,江苏省,盐城市,盐城区,盐城市核心商业区盐城市大悦城,New Balance 盐城市大悦城店,4层 4F-12,0515-6928936,10:00 - 22:00,33.3511,120.183,https://www.newbalance.com.cn,"NB 1906潮流店,青年时尚,复古慢跑",true
New Balance,盐城市龙湖天街,江苏省,盐城市,盐城区,盐城市核心商业区盐城市龙湖天街,New Balance 盐城市龙湖天街店,2层 2F-15,0515-7264454,10:00 - 22:00,33.3538,120.1675,https://www.newbalance.com.cn,"生活方式体验店,跑者驿站,亲子跑步",true
New Balance,盐城市银泰百货,江苏省,盐城市,盐城区,盐城市核心商业区盐城市银泰百货,New Balance 盐城市银泰百货店,3层 运动馆308,0515-6290873,10:00 - 22:00,33.3345,120.1623,https://www.newbalance.com.cn,"百货专柜,经典慢跑,复古鞋款",true
New Balance,泰州市万达广场,江苏省,泰州市,泰州区,泰州市核心商业区泰州市万达广场,New Balance 泰州市万达广场旗舰店,2层 2F-18,0523-7559162,10:00 - 22:00,32.4527,119.9242,https://www.newbalance.com.cn,"综合专卖店,复古跑鞋,生活方式,NB Kids",true
New Balance,泰州市华润万象城,江苏省,泰州市,泰州区,泰州市核心商业区泰州市华润万象城,New Balance 泰州市华润万象城店,3层 L318,0523-7641789,10:00 - 22:00,32.4435,119.9044,https://www.newbalance.com.cn,"城市旗舰店,Grey Store,Made in USA,限量发售",true
New Balance,泰州市华润万象汇,江苏省,泰州市,泰州区,泰州市核心商业区泰州市华润万象汇,New Balance 泰州市华润万象汇店,2层 L2-16,0523-7054906,10:00 - 22:00,32.4742,119.9322,https://www.newbalance.com.cn,"综合大店,跑步专营,跑鞋矩阵",true
New Balance,泰州市大悦城,江苏省,泰州市,泰州区,泰州市核心商业区泰州市大悦城,New Balance 泰州市大悦城店,4层 4F-12,0523-6286862,10:00 - 22:00,32.4508,119.9046,https://www.newbalance.com.cn,"NB 1906潮流店,青年时尚,复古慢跑",true
New Balance,泰州市龙湖天街,江苏省,泰州市,泰州区,泰州市核心商业区泰州市龙湖天街,New Balance 泰州市龙湖天街店,2层 2F-15,0523-6234335,10:00 - 22:00,32.4355,119.9041,https://www.newbalance.com.cn,"生活方式体验店,跑者驿站,亲子跑步",true
New Balance,镇江市万达广场,江苏省,镇江市,镇江区,镇江市核心商业区镇江市万达广场,New Balance 镇江市万达广场旗舰店,2层 2F-18,0511-6937586,10:00 - 22:00,32.2046,119.4395,https://www.newbalance.com.cn,"综合专卖店,复古跑鞋,生活方式,NB Kids",true
New Balance,镇江市华润万象城,江苏省,镇江市,镇江区,镇江市核心商业区镇江市华润万象城,New Balance 镇江市华润万象城店,3层 L318,0511-6563914,10:00 - 22:00,32.1929,119.444,https://www.newbalance.com.cn,"城市旗舰店,Grey Store,Made in USA,限量发售",true
New Balance,镇江市华润万象汇,江苏省,镇江市,镇江区,镇江市核心商业区镇江市华润万象汇,New Balance 镇江市华润万象汇店,2层 L2-16,0511-7567223,10:00 - 22:00,32.1686,119.4379,https://www.newbalance.com.cn,"综合大店,跑步专营,跑鞋矩阵",true
New Balance,镇江市大悦城,江苏省,镇江市,镇江区,镇江市核心商业区镇江市大悦城,New Balance 镇江市大悦城店,4层 4F-12,0511-8509402,10:00 - 22:00,32.2016,119.4452,https://www.newbalance.com.cn,"NB 1906潮流店,青年时尚,复古慢跑",true
New Balance,淮安市万达广场,江苏省,淮安市,淮安区,淮安市核心商业区淮安市万达广场,New Balance 淮安市万达广场旗舰店,2层 2F-18,0517-6671431,10:00 - 22:00,33.5543,118.9986,https://www.newbalance.com.cn,"综合专卖店,复古跑鞋,生活方式,NB Kids",true
New Balance,淮安市华润万象城,江苏省,淮安市,淮安区,淮安市核心商业区淮安市华润万象城,New Balance 淮安市华润万象城店,3层 L318,0517-7226883,10:00 - 22:00,33.54,119.0266,https://www.newbalance.com.cn,"城市旗舰店,Grey Store,Made in USA,限量发售",true
New Balance,淮安市华润万象汇,江苏省,淮安市,淮安区,淮安市核心商业区淮安市华润万象汇,New Balance 淮安市华润万象汇店,2层 L2-16,0517-6294312,10:00 - 22:00,33.5432,119.0145,https://www.newbalance.com.cn,"综合大店,跑步专营,跑鞋矩阵",true
New Balance,淮安市大悦城,江苏省,淮安市,淮安区,淮安市核心商业区淮安市大悦城,New Balance 淮安市大悦城店,4层 4F-12,0517-8763893,10:00 - 22:00,33.5653,119.0134,https://www.newbalance.com.cn,"NB 1906潮流店,青年时尚,复古慢跑",true
New Balance,连云港市万达广场,江苏省,连云港市,连云港区,连云港市核心商业区连云港市万达广场,New Balance 连云港市万达广场旗舰店,2层 2F-18,0518-6434416,10:00 - 22:00,34.5995,119.2405,https://www.newbalance.com.cn,"综合专卖店,复古跑鞋,生活方式,NB Kids",true
New Balance,连云港市华润万象城,江苏省,连云港市,连云港区,连云港市核心商业区连云港市华润万象城,New Balance 连云港市华润万象城店,3层 L318,0518-6246528,10:00 - 22:00,34.6038,119.202,https://www.newbalance.com.cn,"城市旗舰店,Grey Store,Made in USA,限量发售",true
New Balance,连云港市华润万象汇,江苏省,连云港市,连云港区,连云港市核心商业区连云港市华润万象汇,New Balance 连云港市华润万象汇店,2层 L2-16,0518-6733493,10:00 - 22:00,34.5773,119.2136,https://www.newbalance.com.cn,"综合大店,跑步专营,跑鞋矩阵",true
New Balance,连云港市大悦城,江苏省,连云港市,连云港区,连云港市核心商业区连云港市大悦城,New Balance 连云港市大悦城店,4层 4F-12,0518-6560275,10:00 - 22:00,34.6146,119.2248,https://www.newbalance.com.cn,"NB 1906潮流店,青年时尚,复古慢跑",true
New Balance,宿迁市万达广场,江苏省,宿迁市,宿迁区,宿迁市核心商业区宿迁市万达广场,New Balance 宿迁市万达广场旗舰店,2层 2F-18,0527-6486293,10:00 - 22:00,33.9561,118.2589,https://www.newbalance.com.cn,"综合专卖店,复古跑鞋,生活方式,NB Kids",true
New Balance,宿迁市华润万象城,江苏省,宿迁市,宿迁区,宿迁市核心商业区宿迁市华润万象城,New Balance 宿迁市华润万象城店,3层 L318,0527-6755562,10:00 - 22:00,33.974,118.2822,https://www.newbalance.com.cn,"城市旗舰店,Grey Store,Made in USA,限量发售",true
New Balance,宿迁市华润万象汇,江苏省,宿迁市,宿迁区,宿迁市核心商业区宿迁市华润万象汇,New Balance 宿迁市华润万象汇店,2层 L2-16,0527-6449483,10:00 - 22:00,33.965,118.2716,https://www.newbalance.com.cn,"综合大店,跑步专营,跑鞋矩阵",true
New Balance,杭州市万达广场,浙江省,杭州市,杭州区,杭州市核心商业区杭州市万达广场,New Balance 杭州市万达广场旗舰店,2层 2F-18,0571-8067657,10:00 - 22:00,30.29,120.1659,https://www.newbalance.com.cn,"综合专卖店,复古跑鞋,生活方式,NB Kids",true
New Balance,杭州市华润万象城,浙江省,杭州市,杭州区,杭州市核心商业区杭州市华润万象城,New Balance 杭州市华润万象城店,3层 L318,0571-6004643,10:00 - 22:00,30.2815,120.1604,https://www.newbalance.com.cn,"城市旗舰店,Grey Store,Made in USA,限量发售",true
New Balance,杭州市华润万象汇,浙江省,杭州市,杭州区,杭州市核心商业区杭州市华润万象汇,New Balance 杭州市华润万象汇店,2层 L2-16,0571-6651896,10:00 - 22:00,30.2875,120.1734,https://www.newbalance.com.cn,"综合大店,跑步专营,跑鞋矩阵",true
New Balance,杭州市大悦城,浙江省,杭州市,杭州区,杭州市核心商业区杭州市大悦城,New Balance 杭州市大悦城店,4层 4F-12,0571-6582428,10:00 - 22:00,30.2618,120.1562,https://www.newbalance.com.cn,"NB 1906潮流店,青年时尚,复古慢跑",true
New Balance,杭州市龙湖天街,浙江省,杭州市,杭州区,杭州市核心商业区杭州市龙湖天街,New Balance 杭州市龙湖天街店,2层 2F-15,0571-7725444,10:00 - 22:00,30.2786,120.1556,https://www.newbalance.com.cn,"生活方式体验店,跑者驿站,亲子跑步",true
New Balance,杭州市银泰百货,浙江省,杭州市,杭州区,杭州市核心商业区杭州市银泰百货,New Balance 杭州市银泰百货店,3层 运动馆308,0571-7782448,10:00 - 22:00,30.2627,120.1409,https://www.newbalance.com.cn,"百货专柜,经典慢跑,复古鞋款",true
New Balance,杭州市银泰城,浙江省,杭州市,杭州区,杭州市核心商业区杭州市银泰城,New Balance 杭州市银泰城店,2层 2F-20,0571-8606687,10:00 - 22:00,30.2746,120.1399,https://www.newbalance.com.cn,"综合专卖店,全系列,跑步生活",true
New Balance,杭州市吾悦广场,浙江省,杭州市,杭州区,杭州市核心商业区杭州市吾悦广场,New Balance 杭州市吾悦广场店,2层 2F-16,0571-8091936,10:00 - 22:00,30.2847,120.1476,https://www.newbalance.com.cn,"综合体验店,生活方式,复古跑鞋",true
New Balance,杭州市宝龙广场,浙江省,杭州市,杭州区,杭州市核心商业区杭州市宝龙广场,New Balance 杭州市宝龙广场店,2层 2F-12,0571-6636586,10:00 - 22:00,30.2704,120.1667,https://www.newbalance.com.cn,"商圈专卖店,经典鞋款",true
New Balance,杭州市苏宁广场,浙江省,杭州市,杭州区,杭州市核心商业区杭州市苏宁广场,New Balance 杭州市苏宁广场店,3层 308,0571-8864361,10:00 - 22:00,30.291,120.1394,https://www.newbalance.com.cn,"综合大店,全系列",true
New Balance,杭州市印象城,浙江省,杭州市,杭州区,杭州市核心商业区杭州市印象城,New Balance 杭州市印象城店,2层 L2-08,0571-7263796,10:00 - 22:00,30.2548,120.1742,https://www.newbalance.com.cn,"体验店,经典跑鞋",true
New Balance,杭州市金鹰国际购物中心,浙江省,杭州市,杭州区,杭州市核心商业区杭州市金鹰国际购物中心,New Balance 杭州市金鹰国际购物中心店,4层 408,0571-8427645,10:00 - 22:00,30.2565,120.1534,https://www.newbalance.com.cn,"精品专柜,英美产专区",true
New Balance,杭州市王府井百货,浙江省,杭州市,杭州区,杭州市核心商业区杭州市王府井百货,New Balance 杭州市王府井百货店,3层 运动专区,0571-7961314,10:00 - 22:00,30.2904,120.1561,https://www.newbalance.com.cn,"百货专柜,经典复古跑鞋",true
New Balance,杭州市百联奥特莱斯,浙江省,杭州市,杭州区,杭州市核心商业区杭州市百联奥特莱斯,New Balance 杭州市百联奥特莱斯店,1层 A108,0571-7527516,09:30 - 21:30,30.2632,120.1714,https://www.newbalance.com.cn,"奥特莱斯特惠,超大工厂店,折扣专享",true
New Balance,杭州市砂之船奥特莱斯,浙江省,杭州市,杭州区,杭州市核心商业区杭州市砂之船奥特莱斯,New Balance 杭州市砂之船奥特莱斯店,1层 108,0571-6494747,09:30 - 21:30,30.2611,120.1571,https://www.newbalance.com.cn,"奥特莱斯超级工厂店,折扣专享",true
New Balance,杭州市杉杉奥特莱斯,浙江省,杭州市,杭州区,杭州市核心商业区杭州市杉杉奥特莱斯,New Balance 杭州市杉杉奥特莱斯店,1层 A-16,0571-6870955,09:30 - 21:30,30.2756,120.1586,https://www.newbalance.com.cn,"奥特莱斯名品折扣店,全系列",true
New Balance,杭州市首创奥特莱斯,浙江省,杭州市,杭州区,杭州市核心商业区杭州市首创奥特莱斯,New Balance 杭州市首创奥特莱斯店,1层 1028,0571-7113410,09:30 - 21:30,30.2732,120.1646,https://www.newbalance.com.cn,"奥特莱斯工厂特惠,全品类折扣",true
New Balance,杭州市时代广场,浙江省,杭州市,杭州区,杭州市核心商业区杭州市时代广场,New Balance 杭州市时代广场店,2层 208,0571-7699421,10:00 - 22:00,30.2743,120.1491,https://www.newbalance.com.cn,"商圈核心店,经典跑鞋",true
New Balance,杭州市万象天地,浙江省,杭州市,杭州区,杭州市核心商业区杭州市万象天地,New Balance 杭州市万象天地店,1层 L1-18,0571-7296872,10:00 - 22:00,30.2714,120.167,https://www.newbalance.com.cn,"NB 1906潮流概念店,街区生活",true
New Balance,杭州市恒隆广场,浙江省,杭州市,杭州区,杭州市核心商业区杭州市恒隆广场,New Balance 杭州市恒隆广场店,3层 308,0571-7334761,10:00 - 22:00,30.2792,120.1541,https://www.newbalance.com.cn,"精品专卖店,英美产,高端生活",true
New Balance,杭州市万达广场,浙江省,杭州市,杭州区,杭州市核心商业区杭州市万达广场,New Balance 杭州市万达广场店,2层 2F-18,0571-7385436,10:00 - 22:00,30.2871,120.1509,https://www.newbalance.com.cn,"综合专卖店,复古跑鞋,生活方式,NB Kids",true
New Balance,杭州市华润万象城,浙江省,杭州市,杭州区,杭州市核心商业区杭州市华润万象城,New Balance 杭州市华润万象城店,3层 L318,0571-8191190,10:00 - 22:00,30.2591,120.1565,https://www.newbalance.com.cn,"城市旗舰店,Grey Store,Made in USA,限量发售",true
New Balance,宁波市万达广场,浙江省,宁波市,宁波区,宁波市核心商业区宁波市万达广场,New Balance 宁波市万达广场旗舰店,2层 2F-18,0574-6427368,10:00 - 22:00,29.8746,121.5244,https://www.newbalance.com.cn,"综合专卖店,复古跑鞋,生活方式,NB Kids",true
New Balance,宁波市华润万象城,浙江省,宁波市,宁波区,宁波市核心商业区宁波市华润万象城,New Balance 宁波市华润万象城店,3层 L318,0574-8208665,10:00 - 22:00,29.8502,121.5478,https://www.newbalance.com.cn,"城市旗舰店,Grey Store,Made in USA,限量发售",true
New Balance,宁波市华润万象汇,浙江省,宁波市,宁波区,宁波市核心商业区宁波市华润万象汇,New Balance 宁波市华润万象汇店,2层 L2-16,0574-8406110,10:00 - 22:00,29.8521,121.5406,https://www.newbalance.com.cn,"综合大店,跑步专营,跑鞋矩阵",true
New Balance,宁波市大悦城,浙江省,宁波市,宁波区,宁波市核心商业区宁波市大悦城,New Balance 宁波市大悦城店,4层 4F-12,0574-8062599,10:00 - 22:00,29.8718,121.5251,https://www.newbalance.com.cn,"NB 1906潮流店,青年时尚,复古慢跑",true
New Balance,宁波市龙湖天街,浙江省,宁波市,宁波区,宁波市核心商业区宁波市龙湖天街,New Balance 宁波市龙湖天街店,2层 2F-15,0574-8631391,10:00 - 22:00,29.8556,121.5396,https://www.newbalance.com.cn,"生活方式体验店,跑者驿站,亲子跑步",true
New Balance,宁波市银泰百货,浙江省,宁波市,宁波区,宁波市核心商业区宁波市银泰百货,New Balance 宁波市银泰百货店,3层 运动馆308,0574-6470717,10:00 - 22:00,29.8819,121.5507,https://www.newbalance.com.cn,"百货专柜,经典慢跑,复古鞋款",true
New Balance,宁波市银泰城,浙江省,宁波市,宁波区,宁波市核心商业区宁波市银泰城,New Balance 宁波市银泰城店,2层 2F-20,0574-6935527,10:00 - 22:00,29.867,121.5543,https://www.newbalance.com.cn,"综合专卖店,全系列,跑步生活",true
New Balance,宁波市吾悦广场,浙江省,宁波市,宁波区,宁波市核心商业区宁波市吾悦广场,New Balance 宁波市吾悦广场店,2层 2F-16,0574-7832701,10:00 - 22:00,29.8809,121.543,https://www.newbalance.com.cn,"综合体验店,生活方式,复古跑鞋",true
New Balance,宁波市宝龙广场,浙江省,宁波市,宁波区,宁波市核心商业区宁波市宝龙广场,New Balance 宁波市宝龙广场店,2层 2F-12,0574-7603120,10:00 - 22:00,29.8806,121.5573,https://www.newbalance.com.cn,"商圈专卖店,经典鞋款",true
New Balance,宁波市苏宁广场,浙江省,宁波市,宁波区,宁波市核心商业区宁波市苏宁广场,New Balance 宁波市苏宁广场店,3层 308,0574-8076688,10:00 - 22:00,29.8858,121.5403,https://www.newbalance.com.cn,"综合大店,全系列",true
New Balance,宁波市印象城,浙江省,宁波市,宁波区,宁波市核心商业区宁波市印象城,New Balance 宁波市印象城店,2层 L2-08,0574-8456461,10:00 - 22:00,29.883,121.5579,https://www.newbalance.com.cn,"体验店,经典跑鞋",true
New Balance,宁波市金鹰国际购物中心,浙江省,宁波市,宁波区,宁波市核心商业区宁波市金鹰国际购物中心,New Balance 宁波市金鹰国际购物中心店,4层 408,0574-7450109,10:00 - 22:00,29.8824,121.5589,https://www.newbalance.com.cn,"精品专柜,英美产专区",true
New Balance,宁波市王府井百货,浙江省,宁波市,宁波区,宁波市核心商业区宁波市王府井百货,New Balance 宁波市王府井百货店,3层 运动专区,0574-8757944,10:00 - 22:00,29.8525,121.5599,https://www.newbalance.com.cn,"百货专柜,经典复古跑鞋",true
New Balance,宁波市百联奥特莱斯,浙江省,宁波市,宁波区,宁波市核心商业区宁波市百联奥特莱斯,New Balance 宁波市百联奥特莱斯店,1层 A108,0574-6406457,09:30 - 21:30,29.8804,121.5353,https://www.newbalance.com.cn,"奥特莱斯特惠,超大工厂店,折扣专享",true
New Balance,宁波市砂之船奥特莱斯,浙江省,宁波市,宁波区,宁波市核心商业区宁波市砂之船奥特莱斯,New Balance 宁波市砂之船奥特莱斯店,1层 108,0574-6640488,09:30 - 21:30,29.8548,121.5309,https://www.newbalance.com.cn,"奥特莱斯超级工厂店,折扣专享",true
New Balance,宁波市杉杉奥特莱斯,浙江省,宁波市,宁波区,宁波市核心商业区宁波市杉杉奥特莱斯,New Balance 宁波市杉杉奥特莱斯店,1层 A-16,0574-6459952,09:30 - 21:30,29.8776,121.5613,https://www.newbalance.com.cn,"奥特莱斯名品折扣店,全系列",true
New Balance,温州市万达广场,浙江省,温州市,温州区,温州市核心商业区温州市万达广场,New Balance 温州市万达广场旗舰店,2层 2F-18,0577-8594474,10:00 - 22:00,27.9799,120.6926,https://www.newbalance.com.cn,"综合专卖店,复古跑鞋,生活方式,NB Kids",true
New Balance,温州市华润万象城,浙江省,温州市,温州区,温州市核心商业区温州市华润万象城,New Balance 温州市华润万象城店,3层 L318,0577-6328532,10:00 - 22:00,27.9977,120.7144,https://www.newbalance.com.cn,"城市旗舰店,Grey Store,Made in USA,限量发售",true
New Balance,温州市华润万象汇,浙江省,温州市,温州区,温州市核心商业区温州市华润万象汇,New Balance 温州市华润万象汇店,2层 L2-16,0577-6174858,10:00 - 22:00,28.0093,120.6821,https://www.newbalance.com.cn,"综合大店,跑步专营,跑鞋矩阵",true
New Balance,温州市大悦城,浙江省,温州市,温州区,温州市核心商业区温州市大悦城,New Balance 温州市大悦城店,4层 4F-12,0577-7629736,10:00 - 22:00,28.0068,120.7023,https://www.newbalance.com.cn,"NB 1906潮流店,青年时尚,复古慢跑",true
New Balance,温州市龙湖天街,浙江省,温州市,温州区,温州市核心商业区温州市龙湖天街,New Balance 温州市龙湖天街店,2层 2F-15,0577-6676688,10:00 - 22:00,27.9767,120.7018,https://www.newbalance.com.cn,"生活方式体验店,跑者驿站,亲子跑步",true
New Balance,温州市银泰百货,浙江省,温州市,温州区,温州市核心商业区温州市银泰百货,New Balance 温州市银泰百货店,3层 运动馆308,0577-6321266,10:00 - 22:00,27.9778,120.6853,https://www.newbalance.com.cn,"百货专柜,经典慢跑,复古鞋款",true
New Balance,温州市银泰城,浙江省,温州市,温州区,温州市核心商业区温州市银泰城,New Balance 温州市银泰城店,2层 2F-20,0577-6286543,10:00 - 22:00,28.0104,120.7054,https://www.newbalance.com.cn,"综合专卖店,全系列,跑步生活",true
New Balance,温州市吾悦广场,浙江省,温州市,温州区,温州市核心商业区温州市吾悦广场,New Balance 温州市吾悦广场店,2层 2F-16,0577-8252629,10:00 - 22:00,27.9804,120.711,https://www.newbalance.com.cn,"综合体验店,生活方式,复古跑鞋",true
New Balance,温州市宝龙广场,浙江省,温州市,温州区,温州市核心商业区温州市宝龙广场,New Balance 温州市宝龙广场店,2层 2F-12,0577-6675414,10:00 - 22:00,27.9919,120.6937,https://www.newbalance.com.cn,"商圈专卖店,经典鞋款",true
New Balance,温州市苏宁广场,浙江省,温州市,温州区,温州市核心商业区温州市苏宁广场,New Balance 温州市苏宁广场店,3层 308,0577-8994505,10:00 - 22:00,28.008,120.717,https://www.newbalance.com.cn,"综合大店,全系列",true
New Balance,温州市印象城,浙江省,温州市,温州区,温州市核心商业区温州市印象城,New Balance 温州市印象城店,2层 L2-08,0577-8932130,10:00 - 22:00,28.0085,120.7072,https://www.newbalance.com.cn,"体验店,经典跑鞋",true
New Balance,温州市金鹰国际购物中心,浙江省,温州市,温州区,温州市核心商业区温州市金鹰国际购物中心,New Balance 温州市金鹰国际购物中心店,4层 408,0577-8048144,10:00 - 22:00,27.9876,120.7166,https://www.newbalance.com.cn,"精品专柜,英美产专区",true
New Balance,金华市万达广场,浙江省,金华市,金华区,金华市核心商业区金华市万达广场,New Balance 金华市万达广场旗舰店,2层 2F-18,0579-7973428,10:00 - 22:00,29.0602,119.649,https://www.newbalance.com.cn,"综合专卖店,复古跑鞋,生活方式,NB Kids",true
New Balance,金华市华润万象城,浙江省,金华市,金华区,金华市核心商业区金华市华润万象城,New Balance 金华市华润万象城店,3层 L318,0579-6120865,10:00 - 22:00,29.0677,119.6668,https://www.newbalance.com.cn,"城市旗舰店,Grey Store,Made in USA,限量发售",true
New Balance,金华市华润万象汇,浙江省,金华市,金华区,金华市核心商业区金华市华润万象汇,New Balance 金华市华润万象汇店,2层 L2-16,0579-7465356,10:00 - 22:00,29.0678,119.6327,https://www.newbalance.com.cn,"综合大店,跑步专营,跑鞋矩阵",true
New Balance,金华市大悦城,浙江省,金华市,金华区,金华市核心商业区金华市大悦城,New Balance 金华市大悦城店,4层 4F-12,0579-7319724,10:00 - 22:00,29.0861,119.6645,https://www.newbalance.com.cn,"NB 1906潮流店,青年时尚,复古慢跑",true
New Balance,金华市龙湖天街,浙江省,金华市,金华区,金华市核心商业区金华市龙湖天街,New Balance 金华市龙湖天街店,2层 2F-15,0579-7884370,10:00 - 22:00,29.0725,119.6663,https://www.newbalance.com.cn,"生活方式体验店,跑者驿站,亲子跑步",true
New Balance,金华市银泰百货,浙江省,金华市,金华区,金华市核心商业区金华市银泰百货,New Balance 金华市银泰百货店,3层 运动馆308,0579-6863976,10:00 - 22:00,29.0633,119.6289,https://www.newbalance.com.cn,"百货专柜,经典慢跑,复古鞋款",true
New Balance,金华市银泰城,浙江省,金华市,金华区,金华市核心商业区金华市银泰城,New Balance 金华市银泰城店,2层 2F-20,0579-7097353,10:00 - 22:00,29.0789,119.6367,https://www.newbalance.com.cn,"综合专卖店,全系列,跑步生活",true
New Balance,金华市吾悦广场,浙江省,金华市,金华区,金华市核心商业区金华市吾悦广场,New Balance 金华市吾悦广场店,2层 2F-16,0579-6845750,10:00 - 22:00,29.0811,119.6569,https://www.newbalance.com.cn,"综合体验店,生活方式,复古跑鞋",true
New Balance,金华市宝龙广场,浙江省,金华市,金华区,金华市核心商业区金华市宝龙广场,New Balance 金华市宝龙广场店,2层 2F-12,0579-6440616,10:00 - 22:00,29.0665,119.641,https://www.newbalance.com.cn,"商圈专卖店,经典鞋款",true
New Balance,金华市苏宁广场,浙江省,金华市,金华区,金华市核心商业区金华市苏宁广场,New Balance 金华市苏宁广场店,3层 308,0579-7591329,10:00 - 22:00,29.0965,119.6615,https://www.newbalance.com.cn,"综合大店,全系列",true
New Balance,金华市印象城,浙江省,金华市,金华区,金华市核心商业区金华市印象城,New Balance 金华市印象城店,2层 L2-08,0579-8819924,10:00 - 22:00,29.096,119.6509,https://www.newbalance.com.cn,"体验店,经典跑鞋",true
New Balance,金华市金鹰国际购物中心,浙江省,金华市,金华区,金华市核心商业区金华市金鹰国际购物中心,New Balance 金华市金鹰国际购物中心店,4层 408,0579-8298941,10:00 - 22:00,29.0645,119.6378,https://www.newbalance.com.cn,"精品专柜,英美产专区",true
New Balance,嘉兴市万达广场,浙江省,嘉兴市,嘉兴区,嘉兴市核心商业区嘉兴市万达广场,New Balance 嘉兴市万达广场旗舰店,2层 2F-18,0573-6497566,10:00 - 22:00,30.7382,120.7509,https://www.newbalance.com.cn,"综合专卖店,复古跑鞋,生活方式,NB Kids",true
New Balance,嘉兴市华润万象城,浙江省,嘉兴市,嘉兴区,嘉兴市核心商业区嘉兴市华润万象城,New Balance 嘉兴市华润万象城店,3层 L318,0573-7731290,10:00 - 22:00,30.7564,120.7735,https://www.newbalance.com.cn,"城市旗舰店,Grey Store,Made in USA,限量发售",true
New Balance,嘉兴市华润万象汇,浙江省,嘉兴市,嘉兴区,嘉兴市核心商业区嘉兴市华润万象汇,New Balance 嘉兴市华润万象汇店,2层 L2-16,0573-8279269,10:00 - 22:00,30.7605,120.7619,https://www.newbalance.com.cn,"综合大店,跑步专营,跑鞋矩阵",true
New Balance,嘉兴市大悦城,浙江省,嘉兴市,嘉兴区,嘉兴市核心商业区嘉兴市大悦城,New Balance 嘉兴市大悦城店,4层 4F-12,0573-6845932,10:00 - 22:00,30.7333,120.7509,https://www.newbalance.com.cn,"NB 1906潮流店,青年时尚,复古慢跑",true
New Balance,嘉兴市龙湖天街,浙江省,嘉兴市,嘉兴区,嘉兴市核心商业区嘉兴市龙湖天街,New Balance 嘉兴市龙湖天街店,2层 2F-15,0573-6061531,10:00 - 22:00,30.7324,120.772,https://www.newbalance.com.cn,"生活方式体验店,跑者驿站,亲子跑步",true
New Balance,嘉兴市银泰百货,浙江省,嘉兴市,嘉兴区,嘉兴市核心商业区嘉兴市银泰百货,New Balance 嘉兴市银泰百货店,3层 运动馆308,0573-7047337,10:00 - 22:00,30.7615,120.757,https://www.newbalance.com.cn,"百货专柜,经典慢跑,复古鞋款",true
New Balance,嘉兴市银泰城,浙江省,嘉兴市,嘉兴区,嘉兴市核心商业区嘉兴市银泰城,New Balance 嘉兴市银泰城店,2层 2F-20,0573-8733466,10:00 - 22:00,30.7471,120.7716,https://www.newbalance.com.cn,"综合专卖店,全系列,跑步生活",true
New Balance,嘉兴市吾悦广场,浙江省,嘉兴市,嘉兴区,嘉兴市核心商业区嘉兴市吾悦广场,New Balance 嘉兴市吾悦广场店,2层 2F-16,0573-7557629,10:00 - 22:00,30.7626,120.7644,https://www.newbalance.com.cn,"综合体验店,生活方式,复古跑鞋",true
New Balance,绍兴市万达广场,浙江省,绍兴市,绍兴区,绍兴市核心商业区绍兴市万达广场,New Balance 绍兴市万达广场旗舰店,2层 2F-18,0575-6273955,10:00 - 22:00,29.9929,120.5757,https://www.newbalance.com.cn,"综合专卖店,复古跑鞋,生活方式,NB Kids",true
New Balance,绍兴市华润万象城,浙江省,绍兴市,绍兴区,绍兴市核心商业区绍兴市华润万象城,New Balance 绍兴市华润万象城店,3层 L318,0575-7688600,10:00 - 22:00,30.0021,120.6012,https://www.newbalance.com.cn,"城市旗舰店,Grey Store,Made in USA,限量发售",true
New Balance,绍兴市华润万象汇,浙江省,绍兴市,绍兴区,绍兴市核心商业区绍兴市华润万象汇,New Balance 绍兴市华润万象汇店,2层 L2-16,0575-6745625,10:00 - 22:00,30.0161,120.5764,https://www.newbalance.com.cn,"综合大店,跑步专营,跑鞋矩阵",true
New Balance,绍兴市大悦城,浙江省,绍兴市,绍兴区,绍兴市核心商业区绍兴市大悦城,New Balance 绍兴市大悦城店,4层 4F-12,0575-6371220,10:00 - 22:00,30.0108,120.5916,https://www.newbalance.com.cn,"NB 1906潮流店,青年时尚,复古慢跑",true
New Balance,绍兴市龙湖天街,浙江省,绍兴市,绍兴区,绍兴市核心商业区绍兴市龙湖天街,New Balance 绍兴市龙湖天街店,2层 2F-15,0575-6160885,10:00 - 22:00,30.015,120.5643,https://www.newbalance.com.cn,"生活方式体验店,跑者驿站,亲子跑步",true
New Balance,绍兴市银泰百货,浙江省,绍兴市,绍兴区,绍兴市核心商业区绍兴市银泰百货,New Balance 绍兴市银泰百货店,3层 运动馆308,0575-7250753,10:00 - 22:00,30.0086,120.5923,https://www.newbalance.com.cn,"百货专柜,经典慢跑,复古鞋款",true
New Balance,绍兴市银泰城,浙江省,绍兴市,绍兴区,绍兴市核心商业区绍兴市银泰城,New Balance 绍兴市银泰城店,2层 2F-20,0575-7803312,10:00 - 22:00,29.9889,120.5807,https://www.newbalance.com.cn,"综合专卖店,全系列,跑步生活",true
New Balance,绍兴市吾悦广场,浙江省,绍兴市,绍兴区,绍兴市核心商业区绍兴市吾悦广场,New Balance 绍兴市吾悦广场店,2层 2F-16,0575-7530750,10:00 - 22:00,30.0048,120.5653,https://www.newbalance.com.cn,"综合体验店,生活方式,复古跑鞋",true
New Balance,台州市万达广场,浙江省,台州市,台州区,台州市核心商业区台州市万达广场,New Balance 台州市万达广场旗舰店,2层 2F-18,0576-7911799,10:00 - 22:00,28.6451,121.429,https://www.newbalance.com.cn,"综合专卖店,复古跑鞋,生活方式,NB Kids",true
New Balance,台州市华润万象城,浙江省,台州市,台州区,台州市核心商业区台州市华润万象城,New Balance 台州市华润万象城店,3层 L318,0576-8853162,10:00 - 22:00,28.65,121.4228,https://www.newbalance.com.cn,"城市旗舰店,Grey Store,Made in USA,限量发售",true
New Balance,台州市华润万象汇,浙江省,台州市,台州区,台州市核心商业区台州市华润万象汇,New Balance 台州市华润万象汇店,2层 L2-16,0576-7786509,10:00 - 22:00,28.6748,121.4301,https://www.newbalance.com.cn,"综合大店,跑步专营,跑鞋矩阵",true
New Balance,台州市大悦城,浙江省,台州市,台州区,台州市核心商业区台州市大悦城,New Balance 台州市大悦城店,4层 4F-12,0576-6184303,10:00 - 22:00,28.6466,121.4311,https://www.newbalance.com.cn,"NB 1906潮流店,青年时尚,复古慢跑",true
New Balance,台州市龙湖天街,浙江省,台州市,台州区,台州市核心商业区台州市龙湖天街,New Balance 台州市龙湖天街店,2层 2F-15,0576-6019136,10:00 - 22:00,28.6462,121.4237,https://www.newbalance.com.cn,"生活方式体验店,跑者驿站,亲子跑步",true
New Balance,台州市银泰百货,浙江省,台州市,台州区,台州市核心商业区台州市银泰百货,New Balance 台州市银泰百货店,3层 运动馆308,0576-6946770,10:00 - 22:00,28.6623,121.427,https://www.newbalance.com.cn,"百货专柜,经典慢跑,复古鞋款",true
New Balance,台州市银泰城,浙江省,台州市,台州区,台州市核心商业区台州市银泰城,New Balance 台州市银泰城店,2层 2F-20,0576-8896948,10:00 - 22:00,28.6475,121.4216,https://www.newbalance.com.cn,"综合专卖店,全系列,跑步生活",true
New Balance,台州市吾悦广场,浙江省,台州市,台州区,台州市核心商业区台州市吾悦广场,New Balance 台州市吾悦广场店,2层 2F-16,0576-7075810,10:00 - 22:00,28.6746,121.4354,https://www.newbalance.com.cn,"综合体验店,生活方式,复古跑鞋",true
New Balance,湖州市万达广场,浙江省,湖州市,湖州区,湖州市核心商业区湖州市万达广场,New Balance 湖州市万达广场旗舰店,2层 2F-18,0572-7784673,10:00 - 22:00,30.9128,120.0778,https://www.newbalance.com.cn,"综合专卖店,复古跑鞋,生活方式,NB Kids",true
New Balance,湖州市华润万象城,浙江省,湖州市,湖州区,湖州市核心商业区湖州市华润万象城,New Balance 湖州市华润万象城店,3层 L318,0572-7602108,10:00 - 22:00,30.91,120.101,https://www.newbalance.com.cn,"城市旗舰店,Grey Store,Made in USA,限量发售",true
New Balance,湖州市华润万象汇,浙江省,湖州市,湖州区,湖州市核心商业区湖州市华润万象汇,New Balance 湖州市华润万象汇店,2层 L2-16,0572-7856918,10:00 - 22:00,30.8774,120.0703,https://www.newbalance.com.cn,"综合大店,跑步专营,跑鞋矩阵",true
New Balance,湖州市大悦城,浙江省,湖州市,湖州区,湖州市核心商业区湖州市大悦城,New Balance 湖州市大悦城店,4层 4F-12,0572-8421280,10:00 - 22:00,30.8815,120.0954,https://www.newbalance.com.cn,"NB 1906潮流店,青年时尚,复古慢跑",true
New Balance,湖州市龙湖天街,浙江省,湖州市,湖州区,湖州市核心商业区湖州市龙湖天街,New Balance 湖州市龙湖天街店,2层 2F-15,0572-7835161,10:00 - 22:00,30.9066,120.0928,https://www.newbalance.com.cn,"生活方式体验店,跑者驿站,亲子跑步",true
New Balance,衢州市万达广场,浙江省,衢州市,衢州区,衢州市核心商业区衢州市万达广场,New Balance 衢州市万达广场旗舰店,2层 2F-18,0570-8971382,10:00 - 22:00,28.9639,118.8535,https://www.newbalance.com.cn,"综合专卖店,复古跑鞋,生活方式,NB Kids",true
New Balance,衢州市华润万象城,浙江省,衢州市,衢州区,衢州市核心商业区衢州市华润万象城,New Balance 衢州市华润万象城店,3层 L318,0570-7477295,10:00 - 22:00,28.9505,118.8772,https://www.newbalance.com.cn,"城市旗舰店,Grey Store,Made in USA,限量发售",true
New Balance,衢州市华润万象汇,浙江省,衢州市,衢州区,衢州市核心商业区衢州市华润万象汇,New Balance 衢州市华润万象汇店,2层 L2-16,0570-6744613,10:00 - 22:00,28.9705,118.8596,https://www.newbalance.com.cn,"综合大店,跑步专营,跑鞋矩阵",true
New Balance,舟山市万达广场,浙江省,舟山市,舟山区,舟山市核心商业区舟山市万达广场,New Balance 舟山市万达广场旗舰店,2层 2F-18,0580-7360876,10:00 - 22:00,29.9952,122.2043,https://www.newbalance.com.cn,"综合专卖店,复古跑鞋,生活方式,NB Kids",true
New Balance,舟山市华润万象城,浙江省,舟山市,舟山区,舟山市核心商业区舟山市华润万象城,New Balance 舟山市华润万象城店,3层 L318,0580-6972674,10:00 - 22:00,29.9843,122.2174,https://www.newbalance.com.cn,"城市旗舰店,Grey Store,Made in USA,限量发售",true
New Balance,舟山市华润万象汇,浙江省,舟山市,舟山区,舟山市核心商业区舟山市华润万象汇,New Balance 舟山市华润万象汇店,2层 L2-16,0580-7945407,10:00 - 22:00,30.0029,122.1992,https://www.newbalance.com.cn,"综合大店,跑步专营,跑鞋矩阵",true
New Balance,丽水市万达广场,浙江省,丽水市,丽水区,丽水市核心商业区丽水市万达广场,New Balance 丽水市万达广场旗舰店,2层 2F-18,0578-7123552,10:00 - 22:00,28.4758,119.9249,https://www.newbalance.com.cn,"综合专卖店,复古跑鞋,生活方式,NB Kids",true
New Balance,丽水市华润万象城,浙江省,丽水市,丽水区,丽水市核心商业区丽水市华润万象城,New Balance 丽水市华润万象城店,3层 L318,0578-6075850,10:00 - 22:00,28.4493,119.9276,https://www.newbalance.com.cn,"城市旗舰店,Grey Store,Made in USA,限量发售",true
New Balance,丽水市华润万象汇,浙江省,丽水市,丽水区,丽水市核心商业区丽水市华润万象汇,New Balance 丽水市华润万象汇店,2层 L2-16,0578-7163362,10:00 - 22:00,28.4771,119.9057,https://www.newbalance.com.cn,"综合大店,跑步专营,跑鞋矩阵",true
New Balance,青岛市万达广场,山东省,青岛市,青岛区,青岛市核心商业区青岛市万达广场,New Balance 青岛市万达广场旗舰店,2层 2F-18,0532-8415896,10:00 - 22:00,36.0547,120.3662,https://www.newbalance.com.cn,"综合专卖店,复古跑鞋,生活方式,NB Kids",true
New Balance,青岛市华润万象城,山东省,青岛市,青岛区,青岛市核心商业区青岛市华润万象城,New Balance 青岛市华润万象城店,3层 L318,0532-6782673,10:00 - 22:00,36.0765,120.3878,https://www.newbalance.com.cn,"城市旗舰店,Grey Store,Made in USA,限量发售",true
New Balance,青岛市华润万象汇,山东省,青岛市,青岛区,青岛市核心商业区青岛市华润万象汇,New Balance 青岛市华润万象汇店,2层 L2-16,0532-8265648,10:00 - 22:00,36.0844,120.3955,https://www.newbalance.com.cn,"综合大店,跑步专营,跑鞋矩阵",true
New Balance,青岛市大悦城,山东省,青岛市,青岛区,青岛市核心商业区青岛市大悦城,New Balance 青岛市大悦城店,4层 4F-12,0532-7038159,10:00 - 22:00,36.0556,120.3889,https://www.newbalance.com.cn,"NB 1906潮流店,青年时尚,复古慢跑",true
New Balance,青岛市龙湖天街,山东省,青岛市,青岛区,青岛市核心商业区青岛市龙湖天街,New Balance 青岛市龙湖天街店,2层 2F-15,0532-8512283,10:00 - 22:00,36.0669,120.3817,https://www.newbalance.com.cn,"生活方式体验店,跑者驿站,亲子跑步",true
New Balance,青岛市银泰百货,山东省,青岛市,青岛区,青岛市核心商业区青岛市银泰百货,New Balance 青岛市银泰百货店,3层 运动馆308,0532-6013453,10:00 - 22:00,36.0804,120.3808,https://www.newbalance.com.cn,"百货专柜,经典慢跑,复古鞋款",true
New Balance,青岛市银泰城,山东省,青岛市,青岛区,青岛市核心商业区青岛市银泰城,New Balance 青岛市银泰城店,2层 2F-20,0532-6838827,10:00 - 22:00,36.0542,120.3712,https://www.newbalance.com.cn,"综合专卖店,全系列,跑步生活",true
New Balance,青岛市吾悦广场,山东省,青岛市,青岛区,青岛市核心商业区青岛市吾悦广场,New Balance 青岛市吾悦广场店,2层 2F-16,0532-6439380,10:00 - 22:00,36.0724,120.3914,https://www.newbalance.com.cn,"综合体验店,生活方式,复古跑鞋",true
New Balance,青岛市宝龙广场,山东省,青岛市,青岛区,青岛市核心商业区青岛市宝龙广场,New Balance 青岛市宝龙广场店,2层 2F-12,0532-6465178,10:00 - 22:00,36.0846,120.3721,https://www.newbalance.com.cn,"商圈专卖店,经典鞋款",true
New Balance,青岛市苏宁广场,山东省,青岛市,青岛区,青岛市核心商业区青岛市苏宁广场,New Balance 青岛市苏宁广场店,3层 308,0532-6570843,10:00 - 22:00,36.0656,120.4026,https://www.newbalance.com.cn,"综合大店,全系列",true
New Balance,青岛市印象城,山东省,青岛市,青岛区,青岛市核心商业区青岛市印象城,New Balance 青岛市印象城店,2层 L2-08,0532-7554730,10:00 - 22:00,36.0536,120.3848,https://www.newbalance.com.cn,"体验店,经典跑鞋",true
New Balance,青岛市金鹰国际购物中心,山东省,青岛市,青岛区,青岛市核心商业区青岛市金鹰国际购物中心,New Balance 青岛市金鹰国际购物中心店,4层 408,0532-6284338,10:00 - 22:00,36.0681,120.3734,https://www.newbalance.com.cn,"精品专柜,英美产专区",true
New Balance,青岛市王府井百货,山东省,青岛市,青岛区,青岛市核心商业区青岛市王府井百货,New Balance 青岛市王府井百货店,3层 运动专区,0532-6246378,10:00 - 22:00,36.055,120.3981,https://www.newbalance.com.cn,"百货专柜,经典复古跑鞋",true
New Balance,青岛市百联奥特莱斯,山东省,青岛市,青岛区,青岛市核心商业区青岛市百联奥特莱斯,New Balance 青岛市百联奥特莱斯店,1层 A108,0532-6554317,09:30 - 21:30,36.0573,120.3808,https://www.newbalance.com.cn,"奥特莱斯特惠,超大工厂店,折扣专享",true
New Balance,青岛市砂之船奥特莱斯,山东省,青岛市,青岛区,青岛市核心商业区青岛市砂之船奥特莱斯,New Balance 青岛市砂之船奥特莱斯店,1层 108,0532-6601193,09:30 - 21:30,36.0648,120.398,https://www.newbalance.com.cn,"奥特莱斯超级工厂店,折扣专享",true
New Balance,青岛市杉杉奥特莱斯,山东省,青岛市,青岛区,青岛市核心商业区青岛市杉杉奥特莱斯,New Balance 青岛市杉杉奥特莱斯店,1层 A-16,0532-7610502,09:30 - 21:30,36.0681,120.3784,https://www.newbalance.com.cn,"奥特莱斯名品折扣店,全系列",true
New Balance,青岛市首创奥特莱斯,山东省,青岛市,青岛区,青岛市核心商业区青岛市首创奥特莱斯,New Balance 青岛市首创奥特莱斯店,1层 1028,0532-8953576,09:30 - 21:30,36.08,120.4005,https://www.newbalance.com.cn,"奥特莱斯工厂特惠,全品类折扣",true
New Balance,青岛市时代广场,山东省,青岛市,青岛区,青岛市核心商业区青岛市时代广场,New Balance 青岛市时代广场店,2层 208,0532-6510162,10:00 - 22:00,36.0498,120.3812,https://www.newbalance.com.cn,"商圈核心店,经典跑鞋",true
New Balance,济南市万达广场,山东省,济南市,济南区,济南市核心商业区济南市万达广场,New Balance 济南市万达广场旗舰店,2层 2F-18,0531-6093289,10:00 - 22:00,36.6537,117.1319,https://www.newbalance.com.cn,"综合专卖店,复古跑鞋,生活方式,NB Kids",true
New Balance,济南市华润万象城,山东省,济南市,济南区,济南市核心商业区济南市华润万象城,New Balance 济南市华润万象城店,3层 L318,0531-8195870,10:00 - 22:00,36.6356,117.1199,https://www.newbalance.com.cn,"城市旗舰店,Grey Store,Made in USA,限量发售",true
New Balance,济南市华润万象汇,山东省,济南市,济南区,济南市核心商业区济南市华润万象汇,New Balance 济南市华润万象汇店,2层 L2-16,0531-7550820,10:00 - 22:00,36.6601,117.1202,https://www.newbalance.com.cn,"综合大店,跑步专营,跑鞋矩阵",true
New Balance,济南市大悦城,山东省,济南市,济南区,济南市核心商业区济南市大悦城,New Balance 济南市大悦城店,4层 4F-12,0531-7671191,10:00 - 22:00,36.6477,117.1117,https://www.newbalance.com.cn,"NB 1906潮流店,青年时尚,复古慢跑",true
New Balance,济南市龙湖天街,山东省,济南市,济南区,济南市核心商业区济南市龙湖天街,New Balance 济南市龙湖天街店,2层 2F-15,0531-6632597,10:00 - 22:00,36.6595,117.1346,https://www.newbalance.com.cn,"生活方式体验店,跑者驿站,亲子跑步",true
New Balance,济南市银泰百货,山东省,济南市,济南区,济南市核心商业区济南市银泰百货,New Balance 济南市银泰百货店,3层 运动馆308,0531-6269561,10:00 - 22:00,36.6401,117.1033,https://www.newbalance.com.cn,"百货专柜,经典慢跑,复古鞋款",true
New Balance,济南市银泰城,山东省,济南市,济南区,济南市核心商业区济南市银泰城,New Balance 济南市银泰城店,2层 2F-20,0531-6140113,10:00 - 22:00,36.6687,117.1038,https://www.newbalance.com.cn,"综合专卖店,全系列,跑步生活",true
New Balance,济南市吾悦广场,山东省,济南市,济南区,济南市核心商业区济南市吾悦广场,New Balance 济南市吾悦广场店,2层 2F-16,0531-6798621,10:00 - 22:00,36.6446,117.1192,https://www.newbalance.com.cn,"综合体验店,生活方式,复古跑鞋",true
New Balance,济南市宝龙广场,山东省,济南市,济南区,济南市核心商业区济南市宝龙广场,New Balance 济南市宝龙广场店,2层 2F-12,0531-6874467,10:00 - 22:00,36.6588,117.1218,https://www.newbalance.com.cn,"商圈专卖店,经典鞋款",true
New Balance,济南市苏宁广场,山东省,济南市,济南区,济南市核心商业区济南市苏宁广场,New Balance 济南市苏宁广场店,3层 308,0531-7216815,10:00 - 22:00,36.6686,117.1301,https://www.newbalance.com.cn,"综合大店,全系列",true
New Balance,济南市印象城,山东省,济南市,济南区,济南市核心商业区济南市印象城,New Balance 济南市印象城店,2层 L2-08,0531-6198562,10:00 - 22:00,36.6558,117.1357,https://www.newbalance.com.cn,"体验店,经典跑鞋",true
New Balance,济南市金鹰国际购物中心,山东省,济南市,济南区,济南市核心商业区济南市金鹰国际购物中心,New Balance 济南市金鹰国际购物中心店,4层 408,0531-6388457,10:00 - 22:00,36.6612,117.1145,https://www.newbalance.com.cn,"精品专柜,英美产专区",true
New Balance,济南市王府井百货,山东省,济南市,济南区,济南市核心商业区济南市王府井百货,New Balance 济南市王府井百货店,3层 运动专区,0531-8146808,10:00 - 22:00,36.6348,117.1235,https://www.newbalance.com.cn,"百货专柜,经典复古跑鞋",true
New Balance,济南市百联奥特莱斯,山东省,济南市,济南区,济南市核心商业区济南市百联奥特莱斯,New Balance 济南市百联奥特莱斯店,1层 A108,0531-6614894,09:30 - 21:30,36.6478,117.114,https://www.newbalance.com.cn,"奥特莱斯特惠,超大工厂店,折扣专享",true
New Balance,济南市砂之船奥特莱斯,山东省,济南市,济南区,济南市核心商业区济南市砂之船奥特莱斯,New Balance 济南市砂之船奥特莱斯店,1层 108,0531-6605711,09:30 - 21:30,36.653,117.133,https://www.newbalance.com.cn,"奥特莱斯超级工厂店,折扣专享",true
New Balance,济南市杉杉奥特莱斯,山东省,济南市,济南区,济南市核心商业区济南市杉杉奥特莱斯,New Balance 济南市杉杉奥特莱斯店,1层 A-16,0531-7217269,09:30 - 21:30,36.6651,117.1087,https://www.newbalance.com.cn,"奥特莱斯名品折扣店,全系列",true
New Balance,烟台市万达广场,山东省,烟台市,烟台区,烟台市核心商业区烟台市万达广场,New Balance 烟台市万达广场旗舰店,2层 2F-18,0535-8079319,10:00 - 22:00,37.4633,121.4615,https://www.newbalance.com.cn,"综合专卖店,复古跑鞋,生活方式,NB Kids",true
New Balance,烟台市华润万象城,山东省,烟台市,烟台区,烟台市核心商业区烟台市华润万象城,New Balance 烟台市华润万象城店,3层 L318,0535-6658406,10:00 - 22:00,37.4575,121.4595,https://www.newbalance.com.cn,"城市旗舰店,Grey Store,Made in USA,限量发售",true
New Balance,烟台市华润万象汇,山东省,烟台市,烟台区,烟台市核心商业区烟台市华润万象汇,New Balance 烟台市华润万象汇店,2层 L2-16,0535-7988804,10:00 - 22:00,37.47,121.4364,https://www.newbalance.com.cn,"综合大店,跑步专营,跑鞋矩阵",true
New Balance,烟台市大悦城,山东省,烟台市,烟台区,烟台市核心商业区烟台市大悦城,New Balance 烟台市大悦城店,4层 4F-12,0535-7070450,10:00 - 22:00,37.475,121.4596,https://www.newbalance.com.cn,"NB 1906潮流店,青年时尚,复古慢跑",true
New Balance,烟台市龙湖天街,山东省,烟台市,烟台区,烟台市核心商业区烟台市龙湖天街,New Balance 烟台市龙湖天街店,2层 2F-15,0535-7725519,10:00 - 22:00,37.469,121.4318,https://www.newbalance.com.cn,"生活方式体验店,跑者驿站,亲子跑步",true
New Balance,烟台市银泰百货,山东省,烟台市,烟台区,烟台市核心商业区烟台市银泰百货,New Balance 烟台市银泰百货店,3层 运动馆308,0535-6129135,10:00 - 22:00,37.4748,121.4635,https://www.newbalance.com.cn,"百货专柜,经典慢跑,复古鞋款",true
New Balance,烟台市银泰城,山东省,烟台市,烟台区,烟台市核心商业区烟台市银泰城,New Balance 烟台市银泰城店,2层 2F-20,0535-7082131,10:00 - 22:00,37.4593,121.4601,https://www.newbalance.com.cn,"综合专卖店,全系列,跑步生活",true
New Balance,烟台市吾悦广场,山东省,烟台市,烟台区,烟台市核心商业区烟台市吾悦广场,New Balance 烟台市吾悦广场店,2层 2F-16,0535-7257328,10:00 - 22:00,37.4834,121.4499,https://www.newbalance.com.cn,"综合体验店,生活方式,复古跑鞋",true
New Balance,潍坊市万达广场,山东省,潍坊市,潍坊区,潍坊市核心商业区潍坊市万达广场,New Balance 潍坊市万达广场旗舰店,2层 2F-18,0536-7208672,10:00 - 22:00,36.6975,119.1808,https://www.newbalance.com.cn,"综合专卖店,复古跑鞋,生活方式,NB Kids",true
New Balance,潍坊市华润万象城,山东省,潍坊市,潍坊区,潍坊市核心商业区潍坊市华润万象城,New Balance 潍坊市华润万象城店,3层 L318,0536-7915332,10:00 - 22:00,36.6932,119.1432,https://www.newbalance.com.cn,"城市旗舰店,Grey Store,Made in USA,限量发售",true
New Balance,潍坊市华润万象汇,山东省,潍坊市,潍坊区,潍坊市核心商业区潍坊市华润万象汇,New Balance 潍坊市华润万象汇店,2层 L2-16,0536-6787524,10:00 - 22:00,36.7155,119.1664,https://www.newbalance.com.cn,"综合大店,跑步专营,跑鞋矩阵",true
New Balance,潍坊市大悦城,山东省,潍坊市,潍坊区,潍坊市核心商业区潍坊市大悦城,New Balance 潍坊市大悦城店,4层 4F-12,0536-6064168,10:00 - 22:00,36.7072,119.163,https://www.newbalance.com.cn,"NB 1906潮流店,青年时尚,复古慢跑",true
New Balance,潍坊市龙湖天街,山东省,潍坊市,潍坊区,潍坊市核心商业区潍坊市龙湖天街,New Balance 潍坊市龙湖天街店,2层 2F-15,0536-8629497,10:00 - 22:00,36.7071,119.1629,https://www.newbalance.com.cn,"生活方式体验店,跑者驿站,亲子跑步",true
New Balance,潍坊市银泰百货,山东省,潍坊市,潍坊区,潍坊市核心商业区潍坊市银泰百货,New Balance 潍坊市银泰百货店,3层 运动馆308,0536-6734228,10:00 - 22:00,36.7117,119.1765,https://www.newbalance.com.cn,"百货专柜,经典慢跑,复古鞋款",true
New Balance,潍坊市银泰城,山东省,潍坊市,潍坊区,潍坊市核心商业区潍坊市银泰城,New Balance 潍坊市银泰城店,2层 2F-20,0536-6231968,10:00 - 22:00,36.7017,119.1464,https://www.newbalance.com.cn,"综合专卖店,全系列,跑步生活",true
New Balance,潍坊市吾悦广场,山东省,潍坊市,潍坊区,潍坊市核心商业区潍坊市吾悦广场,New Balance 潍坊市吾悦广场店,2层 2F-16,0536-8293760,10:00 - 22:00,36.7122,119.1768,https://www.newbalance.com.cn,"综合体验店,生活方式,复古跑鞋",true
New Balance,临沂市万达广场,山东省,临沂市,临沂区,临沂市核心商业区临沂市万达广场,New Balance 临沂市万达广场旗舰店,2层 2F-18,0539-8968380,10:00 - 22:00,35.1003,118.3429,https://www.newbalance.com.cn,"综合专卖店,复古跑鞋,生活方式,NB Kids",true
New Balance,临沂市华润万象城,山东省,临沂市,临沂区,临沂市核心商业区临沂市华润万象城,New Balance 临沂市华润万象城店,3层 L318,0539-8650558,10:00 - 22:00,35.1118,118.3451,https://www.newbalance.com.cn,"城市旗舰店,Grey Store,Made in USA,限量发售",true
New Balance,临沂市华润万象汇,山东省,临沂市,临沂区,临沂市核心商业区临沂市华润万象汇,New Balance 临沂市华润万象汇店,2层 L2-16,0539-8758453,10:00 - 22:00,35.09,118.3392,https://www.newbalance.com.cn,"综合大店,跑步专营,跑鞋矩阵",true
New Balance,临沂市大悦城,山东省,临沂市,临沂区,临沂市核心商业区临沂市大悦城,New Balance 临沂市大悦城店,4层 4F-12,0539-7295112,10:00 - 22:00,35.1192,118.3594,https://www.newbalance.com.cn,"NB 1906潮流店,青年时尚,复古慢跑",true
New Balance,临沂市龙湖天街,山东省,临沂市,临沂区,临沂市核心商业区临沂市龙湖天街,New Balance 临沂市龙湖天街店,2层 2F-15,0539-7717865,10:00 - 22:00,35.1123,118.3734,https://www.newbalance.com.cn,"生活方式体验店,跑者驿站,亲子跑步",true
New Balance,临沂市银泰百货,山东省,临沂市,临沂区,临沂市核心商业区临沂市银泰百货,New Balance 临沂市银泰百货店,3层 运动馆308,0539-7897345,10:00 - 22:00,35.0924,118.3438,https://www.newbalance.com.cn,"百货专柜,经典慢跑,复古鞋款",true
New Balance,临沂市银泰城,山东省,临沂市,临沂区,临沂市核心商业区临沂市银泰城,New Balance 临沂市银泰城店,2层 2F-20,0539-6593742,10:00 - 22:00,35.0975,118.3731,https://www.newbalance.com.cn,"综合专卖店,全系列,跑步生活",true
New Balance,淄博市万达广场,山东省,淄博市,淄博区,淄博市核心商业区淄博市万达广场,New Balance 淄博市万达广场旗舰店,2层 2F-18,0533-7387531,10:00 - 22:00,36.8214,118.0725,https://www.newbalance.com.cn,"综合专卖店,复古跑鞋,生活方式,NB Kids",true
New Balance,淄博市华润万象城,山东省,淄博市,淄博区,淄博市核心商业区淄博市华润万象城,New Balance 淄博市华润万象城店,3层 L318,0533-7509559,10:00 - 22:00,36.7937,118.0651,https://www.newbalance.com.cn,"城市旗舰店,Grey Store,Made in USA,限量发售",true
New Balance,淄博市华润万象汇,山东省,淄博市,淄博区,淄博市核心商业区淄博市华润万象汇,New Balance 淄博市华润万象汇店,2层 L2-16,0533-6584839,10:00 - 22:00,36.829,118.038,https://www.newbalance.com.cn,"综合大店,跑步专营,跑鞋矩阵",true
New Balance,淄博市大悦城,山东省,淄博市,淄博区,淄博市核心商业区淄博市大悦城,New Balance 淄博市大悦城店,4层 4F-12,0533-8310269,10:00 - 22:00,36.7973,118.0656,https://www.newbalance.com.cn,"NB 1906潮流店,青年时尚,复古慢跑",true
New Balance,淄博市龙湖天街,山东省,淄博市,淄博区,淄博市核心商业区淄博市龙湖天街,New Balance 淄博市龙湖天街店,2层 2F-15,0533-6414399,10:00 - 22:00,36.8193,118.0585,https://www.newbalance.com.cn,"生活方式体验店,跑者驿站,亲子跑步",true
New Balance,济宁市万达广场,山东省,济宁市,济宁区,济宁市核心商业区济宁市万达广场,New Balance 济宁市万达广场旗舰店,2层 2F-18,0537-7300423,10:00 - 22:00,35.4321,116.574,https://www.newbalance.com.cn,"综合专卖店,复古跑鞋,生活方式,NB Kids",true
New Balance,济宁市华润万象城,山东省,济宁市,济宁区,济宁市核心商业区济宁市华润万象城,New Balance 济宁市华润万象城店,3层 L318,0537-7052136,10:00 - 22:00,35.4339,116.5766,https://www.newbalance.com.cn,"城市旗舰店,Grey Store,Made in USA,限量发售",true
New Balance,济宁市华润万象汇,山东省,济宁市,济宁区,济宁市核心商业区济宁市华润万象汇,New Balance 济宁市华润万象汇店,2层 L2-16,0537-8547613,10:00 - 22:00,35.4294,116.5754,https://www.newbalance.com.cn,"综合大店,跑步专营,跑鞋矩阵",true
New Balance,济宁市大悦城,山东省,济宁市,济宁区,济宁市核心商业区济宁市大悦城,New Balance 济宁市大悦城店,4层 4F-12,0537-8406465,10:00 - 22:00,35.4258,116.6053,https://www.newbalance.com.cn,"NB 1906潮流店,青年时尚,复古慢跑",true
New Balance,济宁市龙湖天街,山东省,济宁市,济宁区,济宁市核心商业区济宁市龙湖天街,New Balance 济宁市龙湖天街店,2层 2F-15,0537-6710123,10:00 - 22:00,35.411,116.5959,https://www.newbalance.com.cn,"生活方式体验店,跑者驿站,亲子跑步",true
New Balance,泰安市万达广场,山东省,泰安市,泰安区,泰安市核心商业区泰安市万达广场,New Balance 泰安市万达广场旗舰店,2层 2F-18,0538-6576599,10:00 - 22:00,36.2151,117.0716,https://www.newbalance.com.cn,"综合专卖店,复古跑鞋,生活方式,NB Kids",true
New Balance,泰安市华润万象城,山东省,泰安市,泰安区,泰安市核心商业区泰安市华润万象城,New Balance 泰安市华润万象城店,3层 L318,0538-6866466,10:00 - 22:00,36.1946,117.0842,https://www.newbalance.com.cn,"城市旗舰店,Grey Store,Made in USA,限量发售",true
New Balance,泰安市华润万象汇,山东省,泰安市,泰安区,泰安市核心商业区泰安市华润万象汇,New Balance 泰安市华润万象汇店,2层 L2-16,0538-8463995,10:00 - 22:00,36.1923,117.0831,https://www.newbalance.com.cn,"综合大店,跑步专营,跑鞋矩阵",true
New Balance,泰安市大悦城,山东省,泰安市,泰安区,泰安市核心商业区泰安市大悦城,New Balance 泰安市大悦城店,4层 4F-12,0538-7001614,10:00 - 22:00,36.1925,117.09,https://www.newbalance.com.cn,"NB 1906潮流店,青年时尚,复古慢跑",true
New Balance,威海市万达广场,山东省,威海市,威海区,威海市核心商业区威海市万达广场,New Balance 威海市万达广场旗舰店,2层 2F-18,0537-8340631,10:00 - 22:00,37.4972,122.1323,https://www.newbalance.com.cn,"综合专卖店,复古跑鞋,生活方式,NB Kids",true
New Balance,威海市华润万象城,山东省,威海市,威海区,威海市核心商业区威海市华润万象城,New Balance 威海市华润万象城店,3层 L318,0537-7759162,10:00 - 22:00,37.5258,122.121,https://www.newbalance.com.cn,"城市旗舰店,Grey Store,Made in USA,限量发售",true
New Balance,威海市华润万象汇,山东省,威海市,威海区,威海市核心商业区威海市华润万象汇,New Balance 威海市华润万象汇店,2层 L2-16,0537-6612912,10:00 - 22:00,37.5072,122.1201,https://www.newbalance.com.cn,"综合大店,跑步专营,跑鞋矩阵",true
New Balance,威海市大悦城,山东省,威海市,威海区,威海市核心商业区威海市大悦城,New Balance 威海市大悦城店,4层 4F-12,0537-6265556,10:00 - 22:00,37.4988,122.1182,https://www.newbalance.com.cn,"NB 1906潮流店,青年时尚,复古慢跑",true
New Balance,东营市万达广场,山东省,东营市,东营区,东营市核心商业区东营市万达广场,New Balance 东营市万达广场旗舰店,2层 2F-18,0546-6685820,10:00 - 22:00,37.4164,118.664,https://www.newbalance.com.cn,"综合专卖店,复古跑鞋,生活方式,NB Kids",true
New Balance,东营市华润万象城,山东省,东营市,东营区,东营市核心商业区东营市华润万象城,New Balance 东营市华润万象城店,3层 L318,0546-6681792,10:00 - 22:00,37.4269,118.6701,https://www.newbalance.com.cn,"城市旗舰店,Grey Store,Made in USA,限量发售",true
New Balance,东营市华润万象汇,山东省,东营市,东营区,东营市核心商业区东营市华润万象汇,New Balance 东营市华润万象汇店,2层 L2-16,0546-7221241,10:00 - 22:00,37.4192,118.6762,https://www.newbalance.com.cn,"综合大店,跑步专营,跑鞋矩阵",true
New Balance,德州市万达广场,山东省,德州市,德州区,德州市核心商业区德州市万达广场,New Balance 德州市万达广场旗舰店,2层 2F-18,0534-7163217,10:00 - 22:00,37.4411,116.3514,https://www.newbalance.com.cn,"综合专卖店,复古跑鞋,生活方式,NB Kids",true
New Balance,德州市华润万象城,山东省,德州市,德州区,德州市核心商业区德州市华润万象城,New Balance 德州市华润万象城店,3层 L318,0534-6649678,10:00 - 22:00,37.4518,116.3532,https://www.newbalance.com.cn,"城市旗舰店,Grey Store,Made in USA,限量发售",true
New Balance,德州市华润万象汇,山东省,德州市,德州区,德州市核心商业区德州市华润万象汇,New Balance 德州市华润万象汇店,2层 L2-16,0534-6610987,10:00 - 22:00,37.4204,116.3632,https://www.newbalance.com.cn,"综合大店,跑步专营,跑鞋矩阵",true
New Balance,聊城市万达广场,山东省,聊城市,聊城区,聊城市核心商业区聊城市万达广场,New Balance 聊城市万达广场旗舰店,2层 2F-18,0535-6801924,10:00 - 22:00,36.4709,115.9865,https://www.newbalance.com.cn,"综合专卖店,复古跑鞋,生活方式,NB Kids",true
New Balance,聊城市华润万象城,山东省,聊城市,聊城区,聊城市核心商业区聊城市华润万象城,New Balance 聊城市华润万象城店,3层 L318,0535-6199170,10:00 - 22:00,36.4504,116.0042,https://www.newbalance.com.cn,"城市旗舰店,Grey Store,Made in USA,限量发售",true
New Balance,聊城市华润万象汇,山东省,聊城市,聊城区,聊城市核心商业区聊城市华润万象汇,New Balance 聊城市华润万象汇店,2层 L2-16,0535-6605507,10:00 - 22:00,36.474,115.9826,https://www.newbalance.com.cn,"综合大店,跑步专营,跑鞋矩阵",true
New Balance,滨州市万达广场,山东省,滨州市,滨州区,滨州市核心商业区滨州市万达广场,New Balance 滨州市万达广场旗舰店,2层 2F-18,0543-6771761,10:00 - 22:00,37.3703,117.9733,https://www.newbalance.com.cn,"综合专卖店,复古跑鞋,生活方式,NB Kids",true
New Balance,滨州市华润万象城,山东省,滨州市,滨州区,滨州市核心商业区滨州市华润万象城,New Balance 滨州市华润万象城店,3层 L318,0543-8730765,10:00 - 22:00,37.3978,117.9745,https://www.newbalance.com.cn,"城市旗舰店,Grey Store,Made in USA,限量发售",true
New Balance,菏泽市万达广场,山东省,菏泽市,菏泽区,菏泽市核心商业区菏泽市万达广场,New Balance 菏泽市万达广场旗舰店,2层 2F-18,0530-8555124,10:00 - 22:00,35.2395,115.4885,https://www.newbalance.com.cn,"综合专卖店,复古跑鞋,生活方式,NB Kids",true
New Balance,菏泽市华润万象城,山东省,菏泽市,菏泽区,菏泽市核心商业区菏泽市华润万象城,New Balance 菏泽市华润万象城店,3层 L318,0530-6552547,10:00 - 22:00,35.2484,115.4832,https://www.newbalance.com.cn,"城市旗舰店,Grey Store,Made in USA,限量发售",true
New Balance,枣庄市万达广场,山东省,枣庄市,枣庄区,枣庄市核心商业区枣庄市万达广场,New Balance 枣庄市万达广场旗舰店,2层 2F-18,0632-6901480,10:00 - 22:00,34.8149,117.315,https://www.newbalance.com.cn,"综合专卖店,复古跑鞋,生活方式,NB Kids",true
New Balance,枣庄市华润万象城,山东省,枣庄市,枣庄区,枣庄市核心商业区枣庄市华润万象城,New Balance 枣庄市华润万象城店,3层 L318,0632-7983808,10:00 - 22:00,34.8285,117.3181,https://www.newbalance.com.cn,"城市旗舰店,Grey Store,Made in USA,限量发售",true
New Balance,日照市万达广场,山东省,日照市,日照区,日照市核心商业区日照市万达广场,New Balance 日照市万达广场旗舰店,2层 2F-18,0633-6529674,10:00 - 22:00,35.4127,119.5427,https://www.newbalance.com.cn,"综合专卖店,复古跑鞋,生活方式,NB Kids",true
New Balance,日照市华润万象城,山东省,日照市,日照区,日照市核心商业区日照市华润万象城,New Balance 日照市华润万象城店,3层 L318,0633-8645259,10:00 - 22:00,35.3978,119.5167,https://www.newbalance.com.cn,"城市旗舰店,Grey Store,Made in USA,限量发售",true
New Balance,合肥市万达广场,安徽省,合肥市,合肥区,合肥市核心商业区合肥市万达广场,New Balance 合肥市万达广场旗舰店,2层 2F-18,0551-7897213,10:00 - 22:00,31.8297,117.2383,https://www.newbalance.com.cn,"综合专卖店,复古跑鞋,生活方式,NB Kids",true
New Balance,合肥市华润万象城,安徽省,合肥市,合肥区,合肥市核心商业区合肥市华润万象城,New Balance 合肥市华润万象城店,3层 L318,0551-7091393,10:00 - 22:00,31.8158,117.2131,https://www.newbalance.com.cn,"城市旗舰店,Grey Store,Made in USA,限量发售",true
New Balance,合肥市华润万象汇,安徽省,合肥市,合肥区,合肥市核心商业区合肥市华润万象汇,New Balance 合肥市华润万象汇店,2层 L2-16,0551-7746791,10:00 - 22:00,31.8057,117.209,https://www.newbalance.com.cn,"综合大店,跑步专营,跑鞋矩阵",true
New Balance,合肥市大悦城,安徽省,合肥市,合肥区,合肥市核心商业区合肥市大悦城,New Balance 合肥市大悦城店,4层 4F-12,0551-6442771,10:00 - 22:00,31.8287,117.239,https://www.newbalance.com.cn,"NB 1906潮流店,青年时尚,复古慢跑",true
New Balance,合肥市龙湖天街,安徽省,合肥市,合肥区,合肥市核心商业区合肥市龙湖天街,New Balance 合肥市龙湖天街店,2层 2F-15,0551-6092196,10:00 - 22:00,31.8285,117.2103,https://www.newbalance.com.cn,"生活方式体验店,跑者驿站,亲子跑步",true
New Balance,合肥市银泰百货,安徽省,合肥市,合肥区,合肥市核心商业区合肥市银泰百货,New Balance 合肥市银泰百货店,3层 运动馆308,0551-6920105,10:00 - 22:00,31.8332,117.2146,https://www.newbalance.com.cn,"百货专柜,经典慢跑,复古鞋款",true
New Balance,合肥市银泰城,安徽省,合肥市,合肥区,合肥市核心商业区合肥市银泰城,New Balance 合肥市银泰城店,2层 2F-20,0551-6701648,10:00 - 22:00,31.8388,117.2183,https://www.newbalance.com.cn,"综合专卖店,全系列,跑步生活",true
New Balance,合肥市吾悦广场,安徽省,合肥市,合肥区,合肥市核心商业区合肥市吾悦广场,New Balance 合肥市吾悦广场店,2层 2F-16,0551-6145253,10:00 - 22:00,31.8379,117.2136,https://www.newbalance.com.cn,"综合体验店,生活方式,复古跑鞋",true
New Balance,合肥市宝龙广场,安徽省,合肥市,合肥区,合肥市核心商业区合肥市宝龙广场,New Balance 合肥市宝龙广场店,2层 2F-12,0551-8310696,10:00 - 22:00,31.8068,117.2166,https://www.newbalance.com.cn,"商圈专卖店,经典鞋款",true
New Balance,合肥市苏宁广场,安徽省,合肥市,合肥区,合肥市核心商业区合肥市苏宁广场,New Balance 合肥市苏宁广场店,3层 308,0551-8182984,10:00 - 22:00,31.819,117.2143,https://www.newbalance.com.cn,"综合大店,全系列",true
New Balance,合肥市印象城,安徽省,合肥市,合肥区,合肥市核心商业区合肥市印象城,New Balance 合肥市印象城店,2层 L2-08,0551-7183736,10:00 - 22:00,31.8015,117.2334,https://www.newbalance.com.cn,"体验店,经典跑鞋",true
New Balance,合肥市金鹰国际购物中心,安徽省,合肥市,合肥区,合肥市核心商业区合肥市金鹰国际购物中心,New Balance 合肥市金鹰国际购物中心店,4层 408,0551-8614963,10:00 - 22:00,31.8157,117.2106,https://www.newbalance.com.cn,"精品专柜,英美产专区",true
New Balance,合肥市王府井百货,安徽省,合肥市,合肥区,合肥市核心商业区合肥市王府井百货,New Balance 合肥市王府井百货店,3层 运动专区,0551-8642940,10:00 - 22:00,31.8278,117.2261,https://www.newbalance.com.cn,"百货专柜,经典复古跑鞋",true
New Balance,合肥市百联奥特莱斯,安徽省,合肥市,合肥区,合肥市核心商业区合肥市百联奥特莱斯,New Balance 合肥市百联奥特莱斯店,1层 A108,0551-8146362,09:30 - 21:30,31.8126,117.2218,https://www.newbalance.com.cn,"奥特莱斯特惠,超大工厂店,折扣专享",true
New Balance,合肥市砂之船奥特莱斯,安徽省,合肥市,合肥区,合肥市核心商业区合肥市砂之船奥特莱斯,New Balance 合肥市砂之船奥特莱斯店,1层 108,0551-7039558,09:30 - 21:30,31.8212,117.2362,https://www.newbalance.com.cn,"奥特莱斯超级工厂店,折扣专享",true
New Balance,合肥市杉杉奥特莱斯,安徽省,合肥市,合肥区,合肥市核心商业区合肥市杉杉奥特莱斯,New Balance 合肥市杉杉奥特莱斯店,1层 A-16,0551-8642479,09:30 - 21:30,31.8138,117.2157,https://www.newbalance.com.cn,"奥特莱斯名品折扣店,全系列",true
New Balance,合肥市首创奥特莱斯,安徽省,合肥市,合肥区,合肥市核心商业区合肥市首创奥特莱斯,New Balance 合肥市首创奥特莱斯店,1层 1028,0551-6785906,09:30 - 21:30,31.8382,117.2074,https://www.newbalance.com.cn,"奥特莱斯工厂特惠,全品类折扣",true
New Balance,合肥市时代广场,安徽省,合肥市,合肥区,合肥市核心商业区合肥市时代广场,New Balance 合肥市时代广场店,2层 208,0551-7230213,10:00 - 22:00,31.8179,117.2293,https://www.newbalance.com.cn,"商圈核心店,经典跑鞋",true
New Balance,芜湖市万达广场,安徽省,芜湖市,芜湖区,芜湖市核心商业区芜湖市万达广场,New Balance 芜湖市万达广场旗舰店,2层 2F-18,0553-7195434,10:00 - 22:00,31.3644,118.369,https://www.newbalance.com.cn,"综合专卖店,复古跑鞋,生活方式,NB Kids",true
New Balance,芜湖市华润万象城,安徽省,芜湖市,芜湖区,芜湖市核心商业区芜湖市华润万象城,New Balance 芜湖市华润万象城店,3层 L318,0553-7489217,10:00 - 22:00,31.3418,118.365,https://www.newbalance.com.cn,"城市旗舰店,Grey Store,Made in USA,限量发售",true
New Balance,芜湖市华润万象汇,安徽省,芜湖市,芜湖区,芜湖市核心商业区芜湖市华润万象汇,New Balance 芜湖市华润万象汇店,2层 L2-16,0553-8816268,10:00 - 22:00,31.339,118.3764,https://www.newbalance.com.cn,"综合大店,跑步专营,跑鞋矩阵",true
New Balance,芜湖市大悦城,安徽省,芜湖市,芜湖区,芜湖市核心商业区芜湖市大悦城,New Balance 芜湖市大悦城店,4层 4F-12,0553-7865912,10:00 - 22:00,31.3475,118.3628,https://www.newbalance.com.cn,"NB 1906潮流店,青年时尚,复古慢跑",true
New Balance,芜湖市龙湖天街,安徽省,芜湖市,芜湖区,芜湖市核心商业区芜湖市龙湖天街,New Balance 芜湖市龙湖天街店,2层 2F-15,0553-8185620,10:00 - 22:00,31.368,118.3679,https://www.newbalance.com.cn,"生活方式体验店,跑者驿站,亲子跑步",true
New Balance,蚌埠市万达广场,安徽省,蚌埠市,蚌埠区,蚌埠市核心商业区蚌埠市万达广场,New Balance 蚌埠市万达广场旗舰店,2层 2F-18,0552-7615836,10:00 - 22:00,32.9336,117.4079,https://www.newbalance.com.cn,"综合专卖店,复古跑鞋,生活方式,NB Kids",true
New Balance,蚌埠市华润万象城,安徽省,蚌埠市,蚌埠区,蚌埠市核心商业区蚌埠市华润万象城,New Balance 蚌埠市华润万象城店,3层 L318,0552-8393879,10:00 - 22:00,32.9049,117.393,https://www.newbalance.com.cn,"城市旗舰店,Grey Store,Made in USA,限量发售",true
New Balance,蚌埠市华润万象汇,安徽省,蚌埠市,蚌埠区,蚌埠市核心商业区蚌埠市华润万象汇,New Balance 蚌埠市华润万象汇店,2层 L2-16,0552-6383810,10:00 - 22:00,32.9273,117.3877,https://www.newbalance.com.cn,"综合大店,跑步专营,跑鞋矩阵",true
New Balance,阜阳市万达广场,安徽省,阜阳市,阜阳区,阜阳市核心商业区阜阳市万达广场,New Balance 阜阳市万达广场旗舰店,2层 2F-18,0558-6838282,10:00 - 22:00,32.8978,115.8052,https://www.newbalance.com.cn,"综合专卖店,复古跑鞋,生活方式,NB Kids",true
New Balance,阜阳市华润万象城,安徽省,阜阳市,阜阳区,阜阳市核心商业区阜阳市华润万象城,New Balance 阜阳市华润万象城店,3层 L318,0558-7508385,10:00 - 22:00,32.909,115.7946,https://www.newbalance.com.cn,"城市旗舰店,Grey Store,Made in USA,限量发售",true
New Balance,阜阳市华润万象汇,安徽省,阜阳市,阜阳区,阜阳市核心商业区阜阳市华润万象汇,New Balance 阜阳市华润万象汇店,2层 L2-16,0558-6538545,10:00 - 22:00,32.8875,115.8256,https://www.newbalance.com.cn,"综合大店,跑步专营,跑鞋矩阵",true
New Balance,滁州市万达广场,安徽省,滁州市,滁州区,滁州市核心商业区滁州市万达广场,New Balance 滁州市万达广场旗舰店,2层 2F-18,0550-8393353,10:00 - 22:00,32.3132,118.2983,https://www.newbalance.com.cn,"综合专卖店,复古跑鞋,生活方式,NB Kids",true
New Balance,滁州市华润万象城,安徽省,滁州市,滁州区,滁州市核心商业区滁州市华润万象城,New Balance 滁州市华润万象城店,3层 L318,0550-7527557,10:00 - 22:00,32.3033,118.3042,https://www.newbalance.com.cn,"城市旗舰店,Grey Store,Made in USA,限量发售",true
New Balance,安庆市万达广场,安徽省,安庆市,安庆区,安庆市核心商业区安庆市万达广场,New Balance 安庆市万达广场旗舰店,2层 2F-18,0556-7403150,10:00 - 22:00,30.5379,117.0662,https://www.newbalance.com.cn,"综合专卖店,复古跑鞋,生活方式,NB Kids",true
New Balance,安庆市华润万象城,安徽省,安庆市,安庆区,安庆市核心商业区安庆市华润万象城,New Balance 安庆市华润万象城店,3层 L318,0556-6959109,10:00 - 22:00,30.5217,117.053,https://www.newbalance.com.cn,"城市旗舰店,Grey Store,Made in USA,限量发售",true
New Balance,马鞍山市万达广场,安徽省,马鞍山市,马鞍山区,马鞍山市核心商业区马鞍山市万达广场,New Balance 马鞍山市万达广场旗舰店,2层 2F-18,0555-8313513,10:00 - 22:00,31.673,118.5217,https://www.newbalance.com.cn,"综合专卖店,复古跑鞋,生活方式,NB Kids",true
New Balance,马鞍山市华润万象城,安徽省,马鞍山市,马鞍山区,马鞍山市核心商业区马鞍山市华润万象城,New Balance 马鞍山市华润万象城店,3层 L318,0555-7858782,10:00 - 22:00,31.6813,118.5044,https://www.newbalance.com.cn,"城市旗舰店,Grey Store,Made in USA,限量发售",true
New Balance,六安市万达广场,安徽省,六安市,六安区,六安市核心商业区六安市万达广场,New Balance 六安市万达广场旗舰店,2层 2F-18,0564-8184463,10:00 - 22:00,31.7535,116.4987,https://www.newbalance.com.cn,"综合专卖店,复古跑鞋,生活方式,NB Kids",true
New Balance,六安市华润万象城,安徽省,六安市,六安区,六安市核心商业区六安市华润万象城,New Balance 六安市华润万象城店,3层 L318,0564-8393659,10:00 - 22:00,31.7457,116.4854,https://www.newbalance.com.cn,"城市旗舰店,Grey Store,Made in USA,限量发售",true
New Balance,宿州市万达广场,安徽省,宿州市,宿州区,宿州市核心商业区宿州市万达广场,New Balance 宿州市万达广场旗舰店,2层 2F-18,0557-7823217,10:00 - 22:00,33.6272,116.9655,https://www.newbalance.com.cn,"综合专卖店,复古跑鞋,生活方式,NB Kids",true
New Balance,宿州市华润万象城,安徽省,宿州市,宿州区,宿州市核心商业区宿州市华润万象城,New Balance 宿州市华润万象城店,3层 L318,0557-8894656,10:00 - 22:00,33.665,116.968,https://www.newbalance.com.cn,"城市旗舰店,Grey Store,Made in USA,限量发售",true
New Balance,亳州市万达广场,安徽省,亳州市,亳州区,亳州市核心商业区亳州市万达广场,New Balance 亳州市万达广场旗舰店,2层 2F-18,0558-8993644,10:00 - 22:00,33.8369,115.7688,https://www.newbalance.com.cn,"综合专卖店,复古跑鞋,生活方式,NB Kids",true
New Balance,亳州市华润万象城,安徽省,亳州市,亳州区,亳州市核心商业区亳州市华润万象城,New Balance 亳州市华润万象城店,3层 L318,0558-8316624,10:00 - 22:00,33.8257,115.7615,https://www.newbalance.com.cn,"城市旗舰店,Grey Store,Made in USA,限量发售",true
New Balance,淮南市万达广场,安徽省,淮南市,淮南区,淮南市核心商业区淮南市万达广场,New Balance 淮南市万达广场旗舰店,2层 2F-18,0554-8351348,10:00 - 22:00,32.6388,117.0034,https://www.newbalance.com.cn,"综合专卖店,复古跑鞋,生活方式,NB Kids",true
New Balance,淮北市万达广场,安徽省,淮北市,淮北区,淮北市核心商业区淮北市万达广场,New Balance 淮北市万达广场旗舰店,2层 2F-18,0561-8553227,10:00 - 22:00,33.9653,116.7886,https://www.newbalance.com.cn,"综合专卖店,复古跑鞋,生活方式,NB Kids",true
New Balance,铜陵市万达广场,安徽省,铜陵市,铜陵区,铜陵市核心商业区铜陵市万达广场,New Balance 铜陵市万达广场旗舰店,2层 2F-18,0562-7176774,10:00 - 22:00,30.9401,117.8154,https://www.newbalance.com.cn,"综合专卖店,复古跑鞋,生活方式,NB Kids",true
New Balance,宣城市万达广场,安徽省,宣城市,宣城区,宣城市核心商业区宣城市万达广场,New Balance 宣城市万达广场旗舰店,2层 2F-18,0563-8529910,10:00 - 22:00,30.9409,118.7441,https://www.newbalance.com.cn,"综合专卖店,复古跑鞋,生活方式,NB Kids",true
New Balance,黄山市万达广场,安徽省,黄山市,黄山区,黄山市核心商业区黄山市万达广场,New Balance 黄山市万达广场旗舰店,2层 2F-18,0559-8104355,10:00 - 22:00,29.7162,118.3551,https://www.newbalance.com.cn,"综合专卖店,复古跑鞋,生活方式,NB Kids",true
New Balance,池州市万达广场,安徽省,池州市,池州区,池州市核心商业区池州市万达广场,New Balance 池州市万达广场旗舰店,2层 2F-18,0566-6426629,10:00 - 22:00,30.6652,117.4912,https://www.newbalance.com.cn,"综合专卖店,复古跑鞋,生活方式,NB Kids",true
New Balance,福州市万达广场,福建省,福州市,福州区,福州市核心商业区福州市万达广场,New Balance 福州市万达广场旗舰店,2层 2F-18,0591-7790875,10:00 - 22:00,26.0917,119.3137,https://www.newbalance.com.cn,"综合专卖店,复古跑鞋,生活方式,NB Kids",true
New Balance,福州市华润万象城,福建省,福州市,福州区,福州市核心商业区福州市华润万象城,New Balance 福州市华润万象城店,3层 L318,0591-8561493,10:00 - 22:00,26.0657,119.3163,https://www.newbalance.com.cn,"城市旗舰店,Grey Store,Made in USA,限量发售",true
New Balance,福州市华润万象汇,福建省,福州市,福州区,福州市核心商业区福州市华润万象汇,New Balance 福州市华润万象汇店,2层 L2-16,0591-7558793,10:00 - 22:00,26.0878,119.3061,https://www.newbalance.com.cn,"综合大店,跑步专营,跑鞋矩阵",true
New Balance,福州市大悦城,福建省,福州市,福州区,福州市核心商业区福州市大悦城,New Balance 福州市大悦城店,4层 4F-12,0591-8382698,10:00 - 22:00,26.0809,119.2783,https://www.newbalance.com.cn,"NB 1906潮流店,青年时尚,复古慢跑",true
New Balance,福州市龙湖天街,福建省,福州市,福州区,福州市核心商业区福州市龙湖天街,New Balance 福州市龙湖天街店,2层 2F-15,0591-6474881,10:00 - 22:00,26.0676,119.2902,https://www.newbalance.com.cn,"生活方式体验店,跑者驿站,亲子跑步",true
New Balance,福州市银泰百货,福建省,福州市,福州区,福州市核心商业区福州市银泰百货,New Balance 福州市银泰百货店,3层 运动馆308,0591-8214842,10:00 - 22:00,26.0816,119.283,https://www.newbalance.com.cn,"百货专柜,经典慢跑,复古鞋款",true
New Balance,福州市银泰城,福建省,福州市,福州区,福州市核心商业区福州市银泰城,New Balance 福州市银泰城店,2层 2F-20,0591-6764161,10:00 - 22:00,26.0649,119.283,https://www.newbalance.com.cn,"综合专卖店,全系列,跑步生活",true
New Balance,福州市吾悦广场,福建省,福州市,福州区,福州市核心商业区福州市吾悦广场,New Balance 福州市吾悦广场店,2层 2F-16,0591-6219258,10:00 - 22:00,26.0869,119.3005,https://www.newbalance.com.cn,"综合体验店,生活方式,复古跑鞋",true
New Balance,福州市宝龙广场,福建省,福州市,福州区,福州市核心商业区福州市宝龙广场,New Balance 福州市宝龙广场店,2层 2F-12,0591-6030633,10:00 - 22:00,26.0858,119.3065,https://www.newbalance.com.cn,"商圈专卖店,经典鞋款",true
New Balance,福州市苏宁广场,福建省,福州市,福州区,福州市核心商业区福州市苏宁广场,New Balance 福州市苏宁广场店,3层 308,0591-6897926,10:00 - 22:00,26.0844,119.2806,https://www.newbalance.com.cn,"综合大店,全系列",true
New Balance,福州市印象城,福建省,福州市,福州区,福州市核心商业区福州市印象城,New Balance 福州市印象城店,2层 L2-08,0591-8214585,10:00 - 22:00,26.0641,119.2784,https://www.newbalance.com.cn,"体验店,经典跑鞋",true
New Balance,福州市金鹰国际购物中心,福建省,福州市,福州区,福州市核心商业区福州市金鹰国际购物中心,New Balance 福州市金鹰国际购物中心店,4层 408,0591-7751535,10:00 - 22:00,26.0851,119.2913,https://www.newbalance.com.cn,"精品专柜,英美产专区",true
New Balance,福州市王府井百货,福建省,福州市,福州区,福州市核心商业区福州市王府井百货,New Balance 福州市王府井百货店,3层 运动专区,0591-8450157,10:00 - 22:00,26.0857,119.2948,https://www.newbalance.com.cn,"百货专柜,经典复古跑鞋",true
New Balance,福州市百联奥特莱斯,福建省,福州市,福州区,福州市核心商业区福州市百联奥特莱斯,New Balance 福州市百联奥特莱斯店,1层 A108,0591-7018774,09:30 - 21:30,26.0708,119.2805,https://www.newbalance.com.cn,"奥特莱斯特惠,超大工厂店,折扣专享",true
New Balance,福州市砂之船奥特莱斯,福建省,福州市,福州区,福州市核心商业区福州市砂之船奥特莱斯,New Balance 福州市砂之船奥特莱斯店,1层 108,0591-6634897,09:30 - 21:30,26.0554,119.296,https://www.newbalance.com.cn,"奥特莱斯超级工厂店,折扣专享",true
New Balance,厦门市万达广场,福建省,厦门市,厦门区,厦门市核心商业区厦门市万达广场,New Balance 厦门市万达广场旗舰店,2层 2F-18,0592-6156686,10:00 - 22:00,24.4912,118.1048,https://www.newbalance.com.cn,"综合专卖店,复古跑鞋,生活方式,NB Kids",true
New Balance,厦门市华润万象城,福建省,厦门市,厦门区,厦门市核心商业区厦门市华润万象城,New Balance 厦门市华润万象城店,3层 L318,0592-8215354,10:00 - 22:00,24.4776,118.1019,https://www.newbalance.com.cn,"城市旗舰店,Grey Store,Made in USA,限量发售",true
New Balance,厦门市华润万象汇,福建省,厦门市,厦门区,厦门市核心商业区厦门市华润万象汇,New Balance 厦门市华润万象汇店,2层 L2-16,0592-6525395,10:00 - 22:00,24.496,118.0941,https://www.newbalance.com.cn,"综合大店,跑步专营,跑鞋矩阵",true
New Balance,厦门市大悦城,福建省,厦门市,厦门区,厦门市核心商业区厦门市大悦城,New Balance 厦门市大悦城店,4层 4F-12,0592-7119101,10:00 - 22:00,24.468,118.0895,https://www.newbalance.com.cn,"NB 1906潮流店,青年时尚,复古慢跑",true
New Balance,厦门市龙湖天街,福建省,厦门市,厦门区,厦门市核心商业区厦门市龙湖天街,New Balance 厦门市龙湖天街店,2层 2F-15,0592-7843919,10:00 - 22:00,24.4822,118.1045,https://www.newbalance.com.cn,"生活方式体验店,跑者驿站,亲子跑步",true
New Balance,厦门市银泰百货,福建省,厦门市,厦门区,厦门市核心商业区厦门市银泰百货,New Balance 厦门市银泰百货店,3层 运动馆308,0592-8607837,10:00 - 22:00,24.4942,118.1038,https://www.newbalance.com.cn,"百货专柜,经典慢跑,复古鞋款",true
New Balance,厦门市银泰城,福建省,厦门市,厦门区,厦门市核心商业区厦门市银泰城,New Balance 厦门市银泰城店,2层 2F-20,0592-7877796,10:00 - 22:00,24.496,118.0891,https://www.newbalance.com.cn,"综合专卖店,全系列,跑步生活",true
New Balance,厦门市吾悦广场,福建省,厦门市,厦门区,厦门市核心商业区厦门市吾悦广场,New Balance 厦门市吾悦广场店,2层 2F-16,0592-7543562,10:00 - 22:00,24.4807,118.0748,https://www.newbalance.com.cn,"综合体验店,生活方式,复古跑鞋",true
New Balance,厦门市宝龙广场,福建省,厦门市,厦门区,厦门市核心商业区厦门市宝龙广场,New Balance 厦门市宝龙广场店,2层 2F-12,0592-6475893,10:00 - 22:00,24.4862,118.0939,https://www.newbalance.com.cn,"商圈专卖店,经典鞋款",true
New Balance,厦门市苏宁广场,福建省,厦门市,厦门区,厦门市核心商业区厦门市苏宁广场,New Balance 厦门市苏宁广场店,3层 308,0592-6250115,10:00 - 22:00,24.4882,118.0988,https://www.newbalance.com.cn,"综合大店,全系列",true
New Balance,厦门市印象城,福建省,厦门市,厦门区,厦门市核心商业区厦门市印象城,New Balance 厦门市印象城店,2层 L2-08,0592-8064226,10:00 - 22:00,24.4804,118.1071,https://www.newbalance.com.cn,"体验店,经典跑鞋",true
New Balance,厦门市金鹰国际购物中心,福建省,厦门市,厦门区,厦门市核心商业区厦门市金鹰国际购物中心,New Balance 厦门市金鹰国际购物中心店,4层 408,0592-8795680,10:00 - 22:00,24.4994,118.0878,https://www.newbalance.com.cn,"精品专柜,英美产专区",true
New Balance,厦门市王府井百货,福建省,厦门市,厦门区,厦门市核心商业区厦门市王府井百货,New Balance 厦门市王府井百货店,3层 运动专区,0592-7780522,10:00 - 22:00,24.4609,118.09,https://www.newbalance.com.cn,"百货专柜,经典复古跑鞋",true
New Balance,厦门市百联奥特莱斯,福建省,厦门市,厦门区,厦门市核心商业区厦门市百联奥特莱斯,New Balance 厦门市百联奥特莱斯店,1层 A108,0592-7362751,09:30 - 21:30,24.4872,118.1059,https://www.newbalance.com.cn,"奥特莱斯特惠,超大工厂店,折扣专享",true
New Balance,厦门市砂之船奥特莱斯,福建省,厦门市,厦门区,厦门市核心商业区厦门市砂之船奥特莱斯,New Balance 厦门市砂之船奥特莱斯店,1层 108,0592-8608900,09:30 - 21:30,24.4755,118.0831,https://www.newbalance.com.cn,"奥特莱斯超级工厂店,折扣专享",true
New Balance,泉州市万达广场,福建省,泉州市,泉州区,泉州市核心商业区泉州市万达广场,New Balance 泉州市万达广场旗舰店,2层 2F-18,0595-8054189,10:00 - 22:00,24.8671,118.6648,https://www.newbalance.com.cn,"综合专卖店,复古跑鞋,生活方式,NB Kids",true
New Balance,泉州市华润万象城,福建省,泉州市,泉州区,泉州市核心商业区泉州市华润万象城,New Balance 泉州市华润万象城店,3层 L318,0595-6001567,10:00 - 22:00,24.8543,118.6832,https://www.newbalance.com.cn,"城市旗舰店,Grey Store,Made in USA,限量发售",true
New Balance,泉州市华润万象汇,福建省,泉州市,泉州区,泉州市核心商业区泉州市华润万象汇,New Balance 泉州市华润万象汇店,2层 L2-16,0595-8388190,10:00 - 22:00,24.8865,118.6745,https://www.newbalance.com.cn,"综合大店,跑步专营,跑鞋矩阵",true
New Balance,泉州市大悦城,福建省,泉州市,泉州区,泉州市核心商业区泉州市大悦城,New Balance 泉州市大悦城店,4层 4F-12,0595-8501156,10:00 - 22:00,24.8774,118.6916,https://www.newbalance.com.cn,"NB 1906潮流店,青年时尚,复古慢跑",true
New Balance,泉州市龙湖天街,福建省,泉州市,泉州区,泉州市核心商业区泉州市龙湖天街,New Balance 泉州市龙湖天街店,2层 2F-15,0595-7175641,10:00 - 22:00,24.8841,118.6643,https://www.newbalance.com.cn,"生活方式体验店,跑者驿站,亲子跑步",true
New Balance,泉州市银泰百货,福建省,泉州市,泉州区,泉州市核心商业区泉州市银泰百货,New Balance 泉州市银泰百货店,3层 运动馆308,0595-6429346,10:00 - 22:00,24.8807,118.6944,https://www.newbalance.com.cn,"百货专柜,经典慢跑,复古鞋款",true
New Balance,泉州市银泰城,福建省,泉州市,泉州区,泉州市核心商业区泉州市银泰城,New Balance 泉州市银泰城店,2层 2F-20,0595-7136124,10:00 - 22:00,24.8543,118.6639,https://www.newbalance.com.cn,"综合专卖店,全系列,跑步生活",true
New Balance,泉州市吾悦广场,福建省,泉州市,泉州区,泉州市核心商业区泉州市吾悦广场,New Balance 泉州市吾悦广场店,2层 2F-16,0595-6115845,10:00 - 22:00,24.8875,118.681,https://www.newbalance.com.cn,"综合体验店,生活方式,复古跑鞋",true
New Balance,泉州市宝龙广场,福建省,泉州市,泉州区,泉州市核心商业区泉州市宝龙广场,New Balance 泉州市宝龙广场店,2层 2F-12,0595-7600510,10:00 - 22:00,24.8755,118.6805,https://www.newbalance.com.cn,"商圈专卖店,经典鞋款",true
New Balance,泉州市苏宁广场,福建省,泉州市,泉州区,泉州市核心商业区泉州市苏宁广场,New Balance 泉州市苏宁广场店,3层 308,0595-8518837,10:00 - 22:00,24.8849,118.6903,https://www.newbalance.com.cn,"综合大店,全系列",true
New Balance,泉州市印象城,福建省,泉州市,泉州区,泉州市核心商业区泉州市印象城,New Balance 泉州市印象城店,2层 L2-08,0595-8554550,10:00 - 22:00,24.8632,118.6702,https://www.newbalance.com.cn,"体验店,经典跑鞋",true
New Balance,泉州市金鹰国际购物中心,福建省,泉州市,泉州区,泉州市核心商业区泉州市金鹰国际购物中心,New Balance 泉州市金鹰国际购物中心店,4层 408,0595-8178996,10:00 - 22:00,24.883,118.6619,https://www.newbalance.com.cn,"精品专柜,英美产专区",true
New Balance,漳州市万达广场,福建省,漳州市,漳州区,漳州市核心商业区漳州市万达广场,New Balance 漳州市万达广场旗舰店,2层 2F-18,0596-7184107,10:00 - 22:00,24.5307,117.6526,https://www.newbalance.com.cn,"综合专卖店,复古跑鞋,生活方式,NB Kids",true
New Balance,漳州市华润万象城,福建省,漳州市,漳州区,漳州市核心商业区漳州市华润万象城,New Balance 漳州市华润万象城店,3层 L318,0596-8140797,10:00 - 22:00,24.5256,117.6454,https://www.newbalance.com.cn,"城市旗舰店,Grey Store,Made in USA,限量发售",true
New Balance,漳州市华润万象汇,福建省,漳州市,漳州区,漳州市核心商业区漳州市华润万象汇,New Balance 漳州市华润万象汇店,2层 L2-16,0596-6702914,10:00 - 22:00,24.4965,117.6354,https://www.newbalance.com.cn,"综合大店,跑步专营,跑鞋矩阵",true
New Balance,莆田市万达广场,福建省,莆田市,莆田区,莆田市核心商业区莆田市万达广场,New Balance 莆田市万达广场旗舰店,2层 2F-18,0594-8868645,10:00 - 22:00,25.4695,119.001,https://www.newbalance.com.cn,"综合专卖店,复古跑鞋,生活方式,NB Kids",true
New Balance,莆田市华润万象城,福建省,莆田市,莆田区,莆田市核心商业区莆田市华润万象城,New Balance 莆田市华润万象城店,3层 L318,0594-6830356,10:00 - 22:00,25.4369,119.0195,https://www.newbalance.com.cn,"城市旗舰店,Grey Store,Made in USA,限量发售",true
New Balance,莆田市华润万象汇,福建省,莆田市,莆田区,莆田市核心商业区莆田市华润万象汇,New Balance 莆田市华润万象汇店,2层 L2-16,0594-6849820,10:00 - 22:00,25.4697,119.0177,https://www.newbalance.com.cn,"综合大店,跑步专营,跑鞋矩阵",true
New Balance,宁德市万达广场,福建省,宁德市,宁德区,宁德市核心商业区宁德市万达广场,New Balance 宁德市万达广场旗舰店,2层 2F-18,0593-8123946,10:00 - 22:00,26.6834,119.565,https://www.newbalance.com.cn,"综合专卖店,复古跑鞋,生活方式,NB Kids",true
New Balance,宁德市华润万象城,福建省,宁德市,宁德区,宁德市核心商业区宁德市华润万象城,New Balance 宁德市华润万象城店,3层 L318,0593-6028280,10:00 - 22:00,26.6564,119.5471,https://www.newbalance.com.cn,"城市旗舰店,Grey Store,Made in USA,限量发售",true
New Balance,龙岩市万达广场,福建省,龙岩市,龙岩区,龙岩市核心商业区龙岩市万达广场,New Balance 龙岩市万达广场旗舰店,2层 2F-18,0597-6190760,10:00 - 22:00,25.089,117.0151,https://www.newbalance.com.cn,"综合专卖店,复古跑鞋,生活方式,NB Kids",true
New Balance,龙岩市华润万象城,福建省,龙岩市,龙岩区,龙岩市核心商业区龙岩市华润万象城,New Balance 龙岩市华润万象城店,3层 L318,0597-7138181,10:00 - 22:00,25.0553,117.0325,https://www.newbalance.com.cn,"城市旗舰店,Grey Store,Made in USA,限量发售",true
New Balance,三明市万达广场,福建省,三明市,三明区,三明市核心商业区三明市万达广场,New Balance 三明市万达广场旗舰店,2层 2F-18,0598-7302644,10:00 - 22:00,26.2678,117.6293,https://www.newbalance.com.cn,"综合专卖店,复古跑鞋,生活方式,NB Kids",true
New Balance,南平市万达广场,福建省,南平市,南平区,南平市核心商业区南平市万达广场,New Balance 南平市万达广场旗舰店,2层 2F-18,0599-6927543,10:00 - 22:00,26.6266,118.1599,https://www.newbalance.com.cn,"综合专卖店,复古跑鞋,生活方式,NB Kids",true
New Balance,南昌市万达广场,江西省,南昌市,南昌区,南昌市核心商业区南昌市万达广场,New Balance 南昌市万达广场旗舰店,2层 2F-18,0791-8728485,10:00 - 22:00,28.6727,115.8431,https://www.newbalance.com.cn,"综合专卖店,复古跑鞋,生活方式,NB Kids",true
New Balance,南昌市华润万象城,江西省,南昌市,南昌区,南昌市核心商业区南昌市华润万象城,New Balance 南昌市华润万象城店,3层 L318,0791-6599216,10:00 - 22:00,28.6787,115.8635,https://www.newbalance.com.cn,"城市旗舰店,Grey Store,Made in USA,限量发售",true
New Balance,南昌市华润万象汇,江西省,南昌市,南昌区,南昌市核心商业区南昌市华润万象汇,New Balance 南昌市华润万象汇店,2层 L2-16,0791-7527792,10:00 - 22:00,28.6805,115.8424,https://www.newbalance.com.cn,"综合大店,跑步专营,跑鞋矩阵",true
New Balance,南昌市大悦城,江西省,南昌市,南昌区,南昌市核心商业区南昌市大悦城,New Balance 南昌市大悦城店,4层 4F-12,0791-6833656,10:00 - 22:00,28.6862,115.8435,https://www.newbalance.com.cn,"NB 1906潮流店,青年时尚,复古慢跑",true
New Balance,南昌市龙湖天街,江西省,南昌市,南昌区,南昌市核心商业区南昌市龙湖天街,New Balance 南昌市龙湖天街店,2层 2F-15,0791-6838571,10:00 - 22:00,28.6701,115.8389,https://www.newbalance.com.cn,"生活方式体验店,跑者驿站,亲子跑步",true
New Balance,南昌市银泰百货,江西省,南昌市,南昌区,南昌市核心商业区南昌市银泰百货,New Balance 南昌市银泰百货店,3层 运动馆308,0791-7077334,10:00 - 22:00,28.665,115.8532,https://www.newbalance.com.cn,"百货专柜,经典慢跑,复古鞋款",true
New Balance,南昌市银泰城,江西省,南昌市,南昌区,南昌市核心商业区南昌市银泰城,New Balance 南昌市银泰城店,2层 2F-20,0791-6716381,10:00 - 22:00,28.6694,115.8761,https://www.newbalance.com.cn,"综合专卖店,全系列,跑步生活",true
New Balance,南昌市吾悦广场,江西省,南昌市,南昌区,南昌市核心商业区南昌市吾悦广场,New Balance 南昌市吾悦广场店,2层 2F-16,0791-6833850,10:00 - 22:00,28.6701,115.849,https://www.newbalance.com.cn,"综合体验店,生活方式,复古跑鞋",true
New Balance,南昌市宝龙广场,江西省,南昌市,南昌区,南昌市核心商业区南昌市宝龙广场,New Balance 南昌市宝龙广场店,2层 2F-12,0791-8732205,10:00 - 22:00,28.6919,115.8415,https://www.newbalance.com.cn,"商圈专卖店,经典鞋款",true
New Balance,南昌市苏宁广场,江西省,南昌市,南昌区,南昌市核心商业区南昌市苏宁广场,New Balance 南昌市苏宁广场店,3层 308,0791-7511292,10:00 - 22:00,28.6964,115.8444,https://www.newbalance.com.cn,"综合大店,全系列",true
New Balance,南昌市印象城,江西省,南昌市,南昌区,南昌市核心商业区南昌市印象城,New Balance 南昌市印象城店,2层 L2-08,0791-7983930,10:00 - 22:00,28.6728,115.8625,https://www.newbalance.com.cn,"体验店,经典跑鞋",true
New Balance,南昌市金鹰国际购物中心,江西省,南昌市,南昌区,南昌市核心商业区南昌市金鹰国际购物中心,New Balance 南昌市金鹰国际购物中心店,4层 408,0791-8122521,10:00 - 22:00,28.7008,115.8611,https://www.newbalance.com.cn,"精品专柜,英美产专区",true
New Balance,南昌市王府井百货,江西省,南昌市,南昌区,南昌市核心商业区南昌市王府井百货,New Balance 南昌市王府井百货店,3层 运动专区,0791-7659513,10:00 - 22:00,28.6843,115.8707,https://www.newbalance.com.cn,"百货专柜,经典复古跑鞋",true
New Balance,南昌市百联奥特莱斯,江西省,南昌市,南昌区,南昌市核心商业区南昌市百联奥特莱斯,New Balance 南昌市百联奥特莱斯店,1层 A108,0791-8500655,09:30 - 21:30,28.6812,115.8673,https://www.newbalance.com.cn,"奥特莱斯特惠,超大工厂店,折扣专享",true
New Balance,南昌市砂之船奥特莱斯,江西省,南昌市,南昌区,南昌市核心商业区南昌市砂之船奥特莱斯,New Balance 南昌市砂之船奥特莱斯店,1层 108,0791-7715752,09:30 - 21:30,28.679,115.843,https://www.newbalance.com.cn,"奥特莱斯超级工厂店,折扣专享",true
New Balance,赣州市万达广场,江西省,赣州市,赣州区,赣州市核心商业区赣州市万达广场,New Balance 赣州市万达广场旗舰店,2层 2F-18,0797-7561138,10:00 - 22:00,25.8185,114.9304,https://www.newbalance.com.cn,"综合专卖店,复古跑鞋,生活方式,NB Kids",true
New Balance,赣州市华润万象城,江西省,赣州市,赣州区,赣州市核心商业区赣州市华润万象城,New Balance 赣州市华润万象城店,3层 L318,0797-6053563,10:00 - 22:00,25.8256,114.9424,https://www.newbalance.com.cn,"城市旗舰店,Grey Store,Made in USA,限量发售",true
New Balance,赣州市华润万象汇,江西省,赣州市,赣州区,赣州市核心商业区赣州市华润万象汇,New Balance 赣州市华润万象汇店,2层 L2-16,0797-7111585,10:00 - 22:00,25.8392,114.9179,https://www.newbalance.com.cn,"综合大店,跑步专营,跑鞋矩阵",true
New Balance,赣州市大悦城,江西省,赣州市,赣州区,赣州市核心商业区赣州市大悦城,New Balance 赣州市大悦城店,4层 4F-12,0797-7737745,10:00 - 22:00,25.832,114.925,https://www.newbalance.com.cn,"NB 1906潮流店,青年时尚,复古慢跑",true
New Balance,赣州市龙湖天街,江西省,赣州市,赣州区,赣州市核心商业区赣州市龙湖天街,New Balance 赣州市龙湖天街店,2层 2F-15,0797-8627178,10:00 - 22:00,25.8314,114.9454,https://www.newbalance.com.cn,"生活方式体验店,跑者驿站,亲子跑步",true
New Balance,九江市万达广场,江西省,九江市,九江区,九江市核心商业区九江市万达广场,New Balance 九江市万达广场旗舰店,2层 2F-18,0792-8944752,10:00 - 22:00,29.715,115.9864,https://www.newbalance.com.cn,"综合专卖店,复古跑鞋,生活方式,NB Kids",true
New Balance,九江市华润万象城,江西省,九江市,九江区,九江市核心商业区九江市华润万象城,New Balance 九江市华润万象城店,3层 L318,0792-8365205,10:00 - 22:00,29.6885,116.0104,https://www.newbalance.com.cn,"城市旗舰店,Grey Store,Made in USA,限量发售",true
New Balance,九江市华润万象汇,江西省,九江市,九江区,九江市核心商业区九江市华润万象汇,New Balance 九江市华润万象汇店,2层 L2-16,0792-6199940,10:00 - 22:00,29.7084,116.0117,https://www.newbalance.com.cn,"综合大店,跑步专营,跑鞋矩阵",true
New Balance,九江市大悦城,江西省,九江市,九江区,九江市核心商业区九江市大悦城,New Balance 九江市大悦城店,4层 4F-12,0792-7258916,10:00 - 22:00,29.7187,115.9944,https://www.newbalance.com.cn,"NB 1906潮流店,青年时尚,复古慢跑",true
New Balance,上饶市万达广场,江西省,上饶市,上饶区,上饶市核心商业区上饶市万达广场,New Balance 上饶市万达广场旗舰店,2层 2F-18,0793-8052916,10:00 - 22:00,28.4507,117.9465,https://www.newbalance.com.cn,"综合专卖店,复古跑鞋,生活方式,NB Kids",true
New Balance,上饶市华润万象城,江西省,上饶市,上饶区,上饶市核心商业区上饶市华润万象城,New Balance 上饶市华润万象城店,3层 L318,0793-6242538,10:00 - 22:00,28.4518,117.9398,https://www.newbalance.com.cn,"城市旗舰店,Grey Store,Made in USA,限量发售",true
New Balance,上饶市华润万象汇,江西省,上饶市,上饶区,上饶市核心商业区上饶市华润万象汇,New Balance 上饶市华润万象汇店,2层 L2-16,0793-8998545,10:00 - 22:00,28.4691,117.9431,https://www.newbalance.com.cn,"综合大店,跑步专营,跑鞋矩阵",true
New Balance,宜春市万达广场,江西省,宜春市,宜春区,宜春市核心商业区宜春市万达广场,New Balance 宜春市万达广场旗舰店,2层 2F-18,0795-6513818,10:00 - 22:00,27.8291,114.4198,https://www.newbalance.com.cn,"综合专卖店,复古跑鞋,生活方式,NB Kids",true
New Balance,宜春市华润万象城,江西省,宜春市,宜春区,宜春市核心商业区宜春市华润万象城,New Balance 宜春市华润万象城店,3层 L318,0795-8553869,10:00 - 22:00,27.7979,114.4053,https://www.newbalance.com.cn,"城市旗舰店,Grey Store,Made in USA,限量发售",true
New Balance,吉安市万达广场,江西省,吉安市,吉安区,吉安市核心商业区吉安市万达广场,New Balance 吉安市万达广场旗舰店,2层 2F-18,0796-8037146,10:00 - 22:00,27.1117,114.9854,https://www.newbalance.com.cn,"综合专卖店,复古跑鞋,生活方式,NB Kids",true
New Balance,吉安市华润万象城,江西省,吉安市,吉安区,吉安市核心商业区吉安市华润万象城,New Balance 吉安市华润万象城店,3层 L318,0796-7262131,10:00 - 22:00,27.1125,115.0068,https://www.newbalance.com.cn,"城市旗舰店,Grey Store,Made in USA,限量发售",true
New Balance,抚州市万达广场,江西省,抚州市,抚州区,抚州市核心商业区抚州市万达广场,New Balance 抚州市万达广场旗舰店,2层 2F-18,0794-7083665,10:00 - 22:00,27.9671,116.3443,https://www.newbalance.com.cn,"综合专卖店,复古跑鞋,生活方式,NB Kids",true
New Balance,抚州市华润万象城,江西省,抚州市,抚州区,抚州市核心商业区抚州市华润万象城,New Balance 抚州市华润万象城店,3层 L318,0794-7179209,10:00 - 22:00,27.9454,116.3628,https://www.newbalance.com.cn,"城市旗舰店,Grey Store,Made in USA,限量发售",true
New Balance,景德镇市万达广场,江西省,景德镇市,景德镇区,景德镇市核心商业区景德镇市万达广场,New Balance 景德镇市万达广场旗舰店,2层 2F-18,0798-6612744,10:00 - 22:00,29.2621,117.1852,https://www.newbalance.com.cn,"综合专卖店,复古跑鞋,生活方式,NB Kids",true
New Balance,萍乡市万达广场,江西省,萍乡市,萍乡区,萍乡市核心商业区萍乡市万达广场,New Balance 萍乡市万达广场旗舰店,2层 2F-18,0799-7106951,10:00 - 22:00,27.6275,113.8368,https://www.newbalance.com.cn,"综合专卖店,复古跑鞋,生活方式,NB Kids",true
New Balance,新余市万达广场,江西省,新余市,新余区,新余市核心商业区新余市万达广场,New Balance 新余市万达广场旗舰店,2层 2F-18,0790-6542511,10:00 - 22:00,27.8361,114.9425,https://www.newbalance.com.cn,"综合专卖店,复古跑鞋,生活方式,NB Kids",true
New Balance,鹰潭市万达广场,江西省,鹰潭市,鹰潭区,鹰潭市核心商业区鹰潭市万达广场,New Balance 鹰潭市万达广场旗舰店,2层 2F-18,0701-6386558,10:00 - 22:00,28.2681,117.0554,https://www.newbalance.com.cn,"综合专卖店,复古跑鞋,生活方式,NB Kids",true
New Balance,广州市万达广场,广东省,广州市,广州区,广州市核心商业区广州市万达广场,New Balance 广州市万达广场旗舰店,2层 2F-18,020-51615348,10:00 - 22:00,23.1339,113.2605,https://www.newbalance.com.cn,"综合专卖店,复古跑鞋,生活方式,NB Kids",true
New Balance,广州市华润万象城,广东省,广州市,广州区,广州市核心商业区广州市华润万象城,New Balance 广州市华润万象城店,3层 L318,020-86221785,10:00 - 22:00,23.1421,113.2797,https://www.newbalance.com.cn,"城市旗舰店,Grey Store,Made in USA,限量发售",true
New Balance,广州市华润万象汇,广东省,广州市,广州区,广州市核心商业区广州市华润万象汇,New Balance 广州市华润万象汇店,2层 L2-16,020-60453719,10:00 - 22:00,23.148,113.2478,https://www.newbalance.com.cn,"综合大店,跑步专营,跑鞋矩阵",true
New Balance,广州市大悦城,广东省,广州市,广州区,广州市核心商业区广州市大悦城,New Balance 广州市大悦城店,4层 4F-12,020-67581310,10:00 - 22:00,23.1334,113.2639,https://www.newbalance.com.cn,"NB 1906潮流店,青年时尚,复古慢跑",true
New Balance,广州市龙湖天街,广东省,广州市,广州区,广州市核心商业区广州市龙湖天街,New Balance 广州市龙湖天街店,2层 2F-15,020-88782959,10:00 - 22:00,23.1353,113.275,https://www.newbalance.com.cn,"生活方式体验店,跑者驿站,亲子跑步",true
New Balance,广州市银泰百货,广东省,广州市,广州区,广州市核心商业区广州市银泰百货,New Balance 广州市银泰百货店,3层 运动馆308,020-56789190,10:00 - 22:00,23.1263,113.2609,https://www.newbalance.com.cn,"百货专柜,经典慢跑,复古鞋款",true
New Balance,广州市银泰城,广东省,广州市,广州区,广州市核心商业区广州市银泰城,New Balance 广州市银泰城店,2层 2F-20,020-59367045,10:00 - 22:00,23.1332,113.2567,https://www.newbalance.com.cn,"综合专卖店,全系列,跑步生活",true
New Balance,广州市吾悦广场,广东省,广州市,广州区,广州市核心商业区广州市吾悦广场,New Balance 广州市吾悦广场店,2层 2F-16,020-79373416,10:00 - 22:00,23.1135,113.2476,https://www.newbalance.com.cn,"综合体验店,生活方式,复古跑鞋",true
New Balance,广州市宝龙广场,广东省,广州市,广州区,广州市核心商业区广州市宝龙广场,New Balance 广州市宝龙广场店,2层 2F-12,020-59513844,10:00 - 22:00,23.145,113.2823,https://www.newbalance.com.cn,"商圈专卖店,经典鞋款",true
New Balance,广州市苏宁广场,广东省,广州市,广州区,广州市核心商业区广州市苏宁广场,New Balance 广州市苏宁广场店,3层 308,020-66506778,10:00 - 22:00,23.1149,113.2696,https://www.newbalance.com.cn,"综合大店,全系列",true
New Balance,广州市印象城,广东省,广州市,广州区,广州市核心商业区广州市印象城,New Balance 广州市印象城店,2层 L2-08,020-72217378,10:00 - 22:00,23.1339,113.2565,https://www.newbalance.com.cn,"体验店,经典跑鞋",true
New Balance,广州市金鹰国际购物中心,广东省,广州市,广州区,广州市核心商业区广州市金鹰国际购物中心,New Balance 广州市金鹰国际购物中心店,4层 408,020-54945191,10:00 - 22:00,23.1197,113.2753,https://www.newbalance.com.cn,"精品专柜,英美产专区",true
New Balance,广州市王府井百货,广东省,广州市,广州区,广州市核心商业区广州市王府井百货,New Balance 广州市王府井百货店,3层 运动专区,020-74419052,10:00 - 22:00,23.1315,113.2803,https://www.newbalance.com.cn,"百货专柜,经典复古跑鞋",true
New Balance,广州市百联奥特莱斯,广东省,广州市,广州区,广州市核心商业区广州市百联奥特莱斯,New Balance 广州市百联奥特莱斯店,1层 A108,020-82806023,09:30 - 21:30,23.1294,113.2532,https://www.newbalance.com.cn,"奥特莱斯特惠,超大工厂店,折扣专享",true
New Balance,广州市砂之船奥特莱斯,广东省,广州市,广州区,广州市核心商业区广州市砂之船奥特莱斯,New Balance 广州市砂之船奥特莱斯店,1层 108,020-57169249,09:30 - 21:30,23.1103,113.2733,https://www.newbalance.com.cn,"奥特莱斯超级工厂店,折扣专享",true
New Balance,广州市杉杉奥特莱斯,广东省,广州市,广州区,广州市核心商业区广州市杉杉奥特莱斯,New Balance 广州市杉杉奥特莱斯店,1层 A-16,020-50205584,09:30 - 21:30,23.1221,113.2673,https://www.newbalance.com.cn,"奥特莱斯名品折扣店,全系列",true
New Balance,广州市首创奥特莱斯,广东省,广州市,广州区,广州市核心商业区广州市首创奥特莱斯,New Balance 广州市首创奥特莱斯店,1层 1028,020-85243145,09:30 - 21:30,23.1411,113.2648,https://www.newbalance.com.cn,"奥特莱斯工厂特惠,全品类折扣",true
New Balance,广州市时代广场,广东省,广州市,广州区,广州市核心商业区广州市时代广场,New Balance 广州市时代广场店,2层 208,020-79213615,10:00 - 22:00,23.1484,113.2833,https://www.newbalance.com.cn,"商圈核心店,经典跑鞋",true
New Balance,广州市万象天地,广东省,广州市,广州区,广州市核心商业区广州市万象天地,New Balance 广州市万象天地店,1层 L1-18,020-89375675,10:00 - 22:00,23.1321,113.2583,https://www.newbalance.com.cn,"NB 1906潮流概念店,街区生活",true
New Balance,广州市恒隆广场,广东省,广州市,广州区,广州市核心商业区广州市恒隆广场,New Balance 广州市恒隆广场店,3层 308,020-63329401,10:00 - 22:00,23.1473,113.278,https://www.newbalance.com.cn,"精品专卖店,英美产,高端生活",true
New Balance,广州市万达广场,广东省,广州市,广州区,广州市核心商业区广州市万达广场,New Balance 广州市万达广场店,2层 2F-18,020-51161514,10:00 - 22:00,23.1326,113.2533,https://www.newbalance.com.cn,"综合专卖店,复古跑鞋,生活方式,NB Kids",true
New Balance,广州市华润万象城,广东省,广州市,广州区,广州市核心商业区广州市华润万象城,New Balance 广州市华润万象城店,3层 L318,020-64243974,10:00 - 22:00,23.1181,113.2802,https://www.newbalance.com.cn,"城市旗舰店,Grey Store,Made in USA,限量发售",true
New Balance,广州市华润万象汇,广东省,广州市,广州区,广州市核心商业区广州市华润万象汇,New Balance 广州市华润万象汇店,2层 L2-16,020-54855444,10:00 - 22:00,23.1266,113.2829,https://www.newbalance.com.cn,"综合大店,跑步专营,跑鞋矩阵",true
New Balance,广州市大悦城,广东省,广州市,广州区,广州市核心商业区广州市大悦城,New Balance 广州市大悦城店,4层 4F-12,020-68404997,10:00 - 22:00,23.1199,113.269,https://www.newbalance.com.cn,"NB 1906潮流店,青年时尚,复古慢跑",true
New Balance,广州市龙湖天街,广东省,广州市,广州区,广州市核心商业区广州市龙湖天街,New Balance 广州市龙湖天街店,2层 2F-15,020-50014868,10:00 - 22:00,23.129,113.2765,https://www.newbalance.com.cn,"生活方式体验店,跑者驿站,亲子跑步",true
New Balance,深圳市万达广场,广东省,深圳市,深圳区,深圳市核心商业区深圳市万达广场,New Balance 深圳市万达广场旗舰店,2层 2F-18,0755-6454305,10:00 - 22:00,22.529,114.0728,https://www.newbalance.com.cn,"综合专卖店,复古跑鞋,生活方式,NB Kids",true
New Balance,深圳市华润万象城,广东省,深圳市,深圳区,深圳市核心商业区深圳市华润万象城,New Balance 深圳市华润万象城店,3层 L318,0755-7981104,10:00 - 22:00,22.5266,114.0753,https://www.newbalance.com.cn,"城市旗舰店,Grey Store,Made in USA,限量发售",true
New Balance,深圳市华润万象汇,广东省,深圳市,深圳区,深圳市核心商业区深圳市华润万象汇,New Balance 深圳市华润万象汇店,2层 L2-16,0755-8353603,10:00 - 22:00,22.544,114.077,https://www.newbalance.com.cn,"综合大店,跑步专营,跑鞋矩阵",true
New Balance,深圳市大悦城,广东省,深圳市,深圳区,深圳市核心商业区深圳市大悦城,New Balance 深圳市大悦城店,4层 4F-12,0755-6623715,10:00 - 22:00,22.5361,114.0468,https://www.newbalance.com.cn,"NB 1906潮流店,青年时尚,复古慢跑",true
New Balance,深圳市龙湖天街,广东省,深圳市,深圳区,深圳市核心商业区深圳市龙湖天街,New Balance 深圳市龙湖天街店,2层 2F-15,0755-7198926,10:00 - 22:00,22.5418,114.0642,https://www.newbalance.com.cn,"生活方式体验店,跑者驿站,亲子跑步",true
New Balance,深圳市银泰百货,广东省,深圳市,深圳区,深圳市核心商业区深圳市银泰百货,New Balance 深圳市银泰百货店,3层 运动馆308,0755-6974733,10:00 - 22:00,22.5496,114.0406,https://www.newbalance.com.cn,"百货专柜,经典慢跑,复古鞋款",true
New Balance,深圳市银泰城,广东省,深圳市,深圳区,深圳市核心商业区深圳市银泰城,New Balance 深圳市银泰城店,2层 2F-20,0755-7313930,10:00 - 22:00,22.5246,114.0664,https://www.newbalance.com.cn,"综合专卖店,全系列,跑步生活",true
New Balance,深圳市吾悦广场,广东省,深圳市,深圳区,深圳市核心商业区深圳市吾悦广场,New Balance 深圳市吾悦广场店,2层 2F-16,0755-6657951,10:00 - 22:00,22.556,114.0498,https://www.newbalance.com.cn,"综合体验店,生活方式,复古跑鞋",true
New Balance,深圳市宝龙广场,广东省,深圳市,深圳区,深圳市核心商业区深圳市宝龙广场,New Balance 深圳市宝龙广场店,2层 2F-12,0755-7266860,10:00 - 22:00,22.5551,114.0722,https://www.newbalance.com.cn,"商圈专卖店,经典鞋款",true
New Balance,深圳市苏宁广场,广东省,深圳市,深圳区,深圳市核心商业区深圳市苏宁广场,New Balance 深圳市苏宁广场店,3层 308,0755-6958808,10:00 - 22:00,22.5311,114.0548,https://www.newbalance.com.cn,"综合大店,全系列",true
New Balance,深圳市印象城,广东省,深圳市,深圳区,深圳市核心商业区深圳市印象城,New Balance 深圳市印象城店,2层 L2-08,0755-7722131,10:00 - 22:00,22.5601,114.0721,https://www.newbalance.com.cn,"体验店,经典跑鞋",true
New Balance,深圳市金鹰国际购物中心,广东省,深圳市,深圳区,深圳市核心商业区深圳市金鹰国际购物中心,New Balance 深圳市金鹰国际购物中心店,4层 408,0755-8320496,10:00 - 22:00,22.55,114.0435,https://www.newbalance.com.cn,"精品专柜,英美产专区",true
New Balance,深圳市王府井百货,广东省,深圳市,深圳区,深圳市核心商业区深圳市王府井百货,New Balance 深圳市王府井百货店,3层 运动专区,0755-8774246,10:00 - 22:00,22.5523,114.0684,https://www.newbalance.com.cn,"百货专柜,经典复古跑鞋",true
New Balance,深圳市百联奥特莱斯,广东省,深圳市,深圳区,深圳市核心商业区深圳市百联奥特莱斯,New Balance 深圳市百联奥特莱斯店,1层 A108,0755-7721916,09:30 - 21:30,22.5538,114.077,https://www.newbalance.com.cn,"奥特莱斯特惠,超大工厂店,折扣专享",true
New Balance,深圳市砂之船奥特莱斯,广东省,深圳市,深圳区,深圳市核心商业区深圳市砂之船奥特莱斯,New Balance 深圳市砂之船奥特莱斯店,1层 108,0755-6957553,09:30 - 21:30,22.551,114.044,https://www.newbalance.com.cn,"奥特莱斯超级工厂店,折扣专享",true
New Balance,深圳市杉杉奥特莱斯,广东省,深圳市,深圳区,深圳市核心商业区深圳市杉杉奥特莱斯,New Balance 深圳市杉杉奥特莱斯店,1层 A-16,0755-6464150,09:30 - 21:30,22.5237,114.0636,https://www.newbalance.com.cn,"奥特莱斯名品折扣店,全系列",true
New Balance,深圳市首创奥特莱斯,广东省,深圳市,深圳区,深圳市核心商业区深圳市首创奥特莱斯,New Balance 深圳市首创奥特莱斯店,1层 1028,0755-8408895,09:30 - 21:30,22.5523,114.048,https://www.newbalance.com.cn,"奥特莱斯工厂特惠,全品类折扣",true
New Balance,深圳市时代广场,广东省,深圳市,深圳区,深圳市核心商业区深圳市时代广场,New Balance 深圳市时代广场店,2层 208,0755-6230396,10:00 - 22:00,22.5296,114.0417,https://www.newbalance.com.cn,"商圈核心店,经典跑鞋",true
New Balance,深圳市万象天地,广东省,深圳市,深圳区,深圳市核心商业区深圳市万象天地,New Balance 深圳市万象天地店,1层 L1-18,0755-8351927,10:00 - 22:00,22.5512,114.0532,https://www.newbalance.com.cn,"NB 1906潮流概念店,街区生活",true
New Balance,深圳市恒隆广场,广东省,深圳市,深圳区,深圳市核心商业区深圳市恒隆广场,New Balance 深圳市恒隆广场店,3层 308,0755-7710822,10:00 - 22:00,22.562,114.0682,https://www.newbalance.com.cn,"精品专卖店,英美产,高端生活",true
New Balance,深圳市万达广场,广东省,深圳市,深圳区,深圳市核心商业区深圳市万达广场,New Balance 深圳市万达广场店,2层 2F-18,0755-7985731,10:00 - 22:00,22.5504,114.0411,https://www.newbalance.com.cn,"综合专卖店,复古跑鞋,生活方式,NB Kids",true
New Balance,深圳市华润万象城,广东省,深圳市,深圳区,深圳市核心商业区深圳市华润万象城,New Balance 深圳市华润万象城店,3层 L318,0755-6999562,10:00 - 22:00,22.5471,114.0715,https://www.newbalance.com.cn,"城市旗舰店,Grey Store,Made in USA,限量发售",true
New Balance,深圳市华润万象汇,广东省,深圳市,深圳区,深圳市核心商业区深圳市华润万象汇,New Balance 深圳市华润万象汇店,2层 L2-16,0755-6308572,10:00 - 22:00,22.5541,114.0513,https://www.newbalance.com.cn,"综合大店,跑步专营,跑鞋矩阵",true
New Balance,深圳市大悦城,广东省,深圳市,深圳区,深圳市核心商业区深圳市大悦城,New Balance 深圳市大悦城店,4层 4F-12,0755-6966673,10:00 - 22:00,22.5567,114.0387,https://www.newbalance.com.cn,"NB 1906潮流店,青年时尚,复古慢跑",true
New Balance,深圳市龙湖天街,广东省,深圳市,深圳区,深圳市核心商业区深圳市龙湖天街,New Balance 深圳市龙湖天街店,2层 2F-15,0755-7465875,10:00 - 22:00,22.5482,114.0682,https://www.newbalance.com.cn,"生活方式体验店,跑者驿站,亲子跑步",true
New Balance,深圳市银泰百货,广东省,深圳市,深圳区,深圳市核心商业区深圳市银泰百货,New Balance 深圳市银泰百货店,3层 运动馆308,0755-8059712,10:00 - 22:00,22.5594,114.0442,https://www.newbalance.com.cn,"百货专柜,经典慢跑,复古鞋款",true
New Balance,东莞市万达广场,广东省,东莞市,东莞区,东莞市核心商业区东莞市万达广场,New Balance 东莞市万达广场旗舰店,2层 2F-18,0769-6697647,10:00 - 22:00,23.0184,113.7527,https://www.newbalance.com.cn,"综合专卖店,复古跑鞋,生活方式,NB Kids",true
New Balance,东莞市华润万象城,广东省,东莞市,东莞区,东莞市核心商业区东莞市华润万象城,New Balance 东莞市华润万象城店,3层 L318,0769-6833457,10:00 - 22:00,23.0239,113.7657,https://www.newbalance.com.cn,"城市旗舰店,Grey Store,Made in USA,限量发售",true
New Balance,东莞市华润万象汇,广东省,东莞市,东莞区,东莞市核心商业区东莞市华润万象汇,New Balance 东莞市华润万象汇店,2层 L2-16,0769-6369123,10:00 - 22:00,23.0366,113.77,https://www.newbalance.com.cn,"综合大店,跑步专营,跑鞋矩阵",true
New Balance,东莞市大悦城,广东省,东莞市,东莞区,东莞市核心商业区东莞市大悦城,New Balance 东莞市大悦城店,4层 4F-12,0769-7336265,10:00 - 22:00,23.0228,113.7522,https://www.newbalance.com.cn,"NB 1906潮流店,青年时尚,复古慢跑",true
New Balance,东莞市龙湖天街,广东省,东莞市,东莞区,东莞市核心商业区东莞市龙湖天街,New Balance 东莞市龙湖天街店,2层 2F-15,0769-8768989,10:00 - 22:00,23.0226,113.7604,https://www.newbalance.com.cn,"生活方式体验店,跑者驿站,亲子跑步",true
New Balance,东莞市银泰百货,广东省,东莞市,东莞区,东莞市核心商业区东莞市银泰百货,New Balance 东莞市银泰百货店,3层 运动馆308,0769-7315202,10:00 - 22:00,23.0046,113.7517,https://www.newbalance.com.cn,"百货专柜,经典慢跑,复古鞋款",true
New Balance,东莞市银泰城,广东省,东莞市,东莞区,东莞市核心商业区东莞市银泰城,New Balance 东莞市银泰城店,2层 2F-20,0769-8454688,10:00 - 22:00,23.0059,113.7633,https://www.newbalance.com.cn,"综合专卖店,全系列,跑步生活",true
New Balance,东莞市吾悦广场,广东省,东莞市,东莞区,东莞市核心商业区东莞市吾悦广场,New Balance 东莞市吾悦广场店,2层 2F-16,0769-8382612,10:00 - 22:00,23.0073,113.7449,https://www.newbalance.com.cn,"综合体验店,生活方式,复古跑鞋",true
New Balance,东莞市宝龙广场,广东省,东莞市,东莞区,东莞市核心商业区东莞市宝龙广场,New Balance 东莞市宝龙广场店,2层 2F-12,0769-6521785,10:00 - 22:00,23.0191,113.7669,https://www.newbalance.com.cn,"商圈专卖店,经典鞋款",true
New Balance,东莞市苏宁广场,广东省,东莞市,东莞区,东莞市核心商业区东莞市苏宁广场,New Balance 东莞市苏宁广场店,3层 308,0769-7161896,10:00 - 22:00,23.0172,113.7356,https://www.newbalance.com.cn,"综合大店,全系列",true
New Balance,东莞市印象城,广东省,东莞市,东莞区,东莞市核心商业区东莞市印象城,New Balance 东莞市印象城店,2层 L2-08,0769-7691352,10:00 - 22:00,23.0403,113.7613,https://www.newbalance.com.cn,"体验店,经典跑鞋",true
New Balance,东莞市金鹰国际购物中心,广东省,东莞市,东莞区,东莞市核心商业区东莞市金鹰国际购物中心,New Balance 东莞市金鹰国际购物中心店,4层 408,0769-8434712,10:00 - 22:00,23.04,113.7357,https://www.newbalance.com.cn,"精品专柜,英美产专区",true
New Balance,佛山市万达广场,广东省,佛山市,佛山区,佛山市核心商业区佛山市万达广场,New Balance 佛山市万达广场旗舰店,2层 2F-18,0757-8647171,10:00 - 22:00,23.0041,113.1171,https://www.newbalance.com.cn,"综合专卖店,复古跑鞋,生活方式,NB Kids",true
New Balance,佛山市华润万象城,广东省,佛山市,佛山区,佛山市核心商业区佛山市华润万象城,New Balance 佛山市华润万象城店,3层 L318,0757-7056729,10:00 - 22:00,23.0215,113.111,https://www.newbalance.com.cn,"城市旗舰店,Grey Store,Made in USA,限量发售",true
New Balance,佛山市华润万象汇,广东省,佛山市,佛山区,佛山市核心商业区佛山市华润万象汇,New Balance 佛山市华润万象汇店,2层 L2-16,0757-7462673,10:00 - 22:00,23.0296,113.121,https://www.newbalance.com.cn,"综合大店,跑步专营,跑鞋矩阵",true
New Balance,佛山市大悦城,广东省,佛山市,佛山区,佛山市核心商业区佛山市大悦城,New Balance 佛山市大悦城店,4层 4F-12,0757-6042672,10:00 - 22:00,23.01,113.1313,https://www.newbalance.com.cn,"NB 1906潮流店,青年时尚,复古慢跑",true
New Balance,佛山市龙湖天街,广东省,佛山市,佛山区,佛山市核心商业区佛山市龙湖天街,New Balance 佛山市龙湖天街店,2层 2F-15,0757-7398429,10:00 - 22:00,23.0268,113.1212,https://www.newbalance.com.cn,"生活方式体验店,跑者驿站,亲子跑步",true
New Balance,佛山市银泰百货,广东省,佛山市,佛山区,佛山市核心商业区佛山市银泰百货,New Balance 佛山市银泰百货店,3层 运动馆308,0757-8342669,10:00 - 22:00,23.0343,113.1235,https://www.newbalance.com.cn,"百货专柜,经典慢跑,复古鞋款",true
New Balance,佛山市银泰城,广东省,佛山市,佛山区,佛山市核心商业区佛山市银泰城,New Balance 佛山市银泰城店,2层 2F-20,0757-7386415,10:00 - 22:00,23.0134,113.1326,https://www.newbalance.com.cn,"综合专卖店,全系列,跑步生活",true
New Balance,佛山市吾悦广场,广东省,佛山市,佛山区,佛山市核心商业区佛山市吾悦广场,New Balance 佛山市吾悦广场店,2层 2F-16,0757-6700157,10:00 - 22:00,23.0165,113.1068,https://www.newbalance.com.cn,"综合体验店,生活方式,复古跑鞋",true
New Balance,佛山市宝龙广场,广东省,佛山市,佛山区,佛山市核心商业区佛山市宝龙广场,New Balance 佛山市宝龙广场店,2层 2F-12,0757-8044159,10:00 - 22:00,23.0047,113.1391,https://www.newbalance.com.cn,"商圈专卖店,经典鞋款",true
New Balance,佛山市苏宁广场,广东省,佛山市,佛山区,佛山市核心商业区佛山市苏宁广场,New Balance 佛山市苏宁广场店,3层 308,0757-7520133,10:00 - 22:00,23.0408,113.1317,https://www.newbalance.com.cn,"综合大店,全系列",true
New Balance,佛山市印象城,广东省,佛山市,佛山区,佛山市核心商业区佛山市印象城,New Balance 佛山市印象城店,2层 L2-08,0757-8789464,10:00 - 22:00,23.0297,113.1018,https://www.newbalance.com.cn,"体验店,经典跑鞋",true
New Balance,佛山市金鹰国际购物中心,广东省,佛山市,佛山区,佛山市核心商业区佛山市金鹰国际购物中心,New Balance 佛山市金鹰国际购物中心店,4层 408,0757-6053109,10:00 - 22:00,23.0327,113.1302,https://www.newbalance.com.cn,"精品专柜,英美产专区",true
New Balance,珠海市万达广场,广东省,珠海市,珠海区,珠海市核心商业区珠海市万达广场,New Balance 珠海市万达广场旗舰店,2层 2F-18,0756-8587527,10:00 - 22:00,22.2725,113.5939,https://www.newbalance.com.cn,"综合专卖店,复古跑鞋,生活方式,NB Kids",true
New Balance,珠海市华润万象城,广东省,珠海市,珠海区,珠海市核心商业区珠海市华润万象城,New Balance 珠海市华润万象城店,3层 L318,0756-8119566,10:00 - 22:00,22.2619,113.573,https://www.newbalance.com.cn,"城市旗舰店,Grey Store,Made in USA,限量发售",true
New Balance,珠海市华润万象汇,广东省,珠海市,珠海区,珠海市核心商业区珠海市华润万象汇,New Balance 珠海市华润万象汇店,2层 L2-16,0756-8567164,10:00 - 22:00,22.2722,113.5908,https://www.newbalance.com.cn,"综合大店,跑步专营,跑鞋矩阵",true
New Balance,珠海市大悦城,广东省,珠海市,珠海区,珠海市核心商业区珠海市大悦城,New Balance 珠海市大悦城店,4层 4F-12,0756-8965586,10:00 - 22:00,22.2625,113.5662,https://www.newbalance.com.cn,"NB 1906潮流店,青年时尚,复古慢跑",true
New Balance,珠海市龙湖天街,广东省,珠海市,珠海区,珠海市核心商业区珠海市龙湖天街,New Balance 珠海市龙湖天街店,2层 2F-15,0756-7314265,10:00 - 22:00,22.2511,113.5947,https://www.newbalance.com.cn,"生活方式体验店,跑者驿站,亲子跑步",true
New Balance,珠海市银泰百货,广东省,珠海市,珠海区,珠海市核心商业区珠海市银泰百货,New Balance 珠海市银泰百货店,3层 运动馆308,0756-8182487,10:00 - 22:00,22.2552,113.585,https://www.newbalance.com.cn,"百货专柜,经典慢跑,复古鞋款",true
New Balance,惠州市万达广场,广东省,惠州市,惠州区,惠州市核心商业区惠州市万达广场,New Balance 惠州市万达广场旗舰店,2层 2F-18,0752-8956124,10:00 - 22:00,23.1023,114.4299,https://www.newbalance.com.cn,"综合专卖店,复古跑鞋,生活方式,NB Kids",true
New Balance,惠州市华润万象城,广东省,惠州市,惠州区,惠州市核心商业区惠州市华润万象城,New Balance 惠州市华润万象城店,3层 L318,0752-7551844,10:00 - 22:00,23.0993,114.3972,https://www.newbalance.com.cn,"城市旗舰店,Grey Store,Made in USA,限量发售",true
New Balance,惠州市华润万象汇,广东省,惠州市,惠州区,惠州市核心商业区惠州市华润万象汇,New Balance 惠州市华润万象汇店,2层 L2-16,0752-8955445,10:00 - 22:00,23.1315,114.3996,https://www.newbalance.com.cn,"综合大店,跑步专营,跑鞋矩阵",true
New Balance,惠州市大悦城,广东省,惠州市,惠州区,惠州市核心商业区惠州市大悦城,New Balance 惠州市大悦城店,4层 4F-12,0752-8021289,10:00 - 22:00,23.1277,114.4228,https://www.newbalance.com.cn,"NB 1906潮流店,青年时尚,复古慢跑",true
New Balance,惠州市龙湖天街,广东省,惠州市,惠州区,惠州市核心商业区惠州市龙湖天街,New Balance 惠州市龙湖天街店,2层 2F-15,0752-8365298,10:00 - 22:00,23.0983,114.4272,https://www.newbalance.com.cn,"生活方式体验店,跑者驿站,亲子跑步",true
New Balance,惠州市银泰百货,广东省,惠州市,惠州区,惠州市核心商业区惠州市银泰百货,New Balance 惠州市银泰百货店,3层 运动馆308,0752-8239233,10:00 - 22:00,23.0954,114.4043,https://www.newbalance.com.cn,"百货专柜,经典慢跑,复古鞋款",true
New Balance,中山市万达广场,广东省,中山市,中山区,中山市核心商业区中山市万达广场,New Balance 中山市万达广场旗舰店,2层 2F-18,0760-8137768,10:00 - 22:00,22.528,113.3792,https://www.newbalance.com.cn,"综合专卖店,复古跑鞋,生活方式,NB Kids",true
New Balance,中山市华润万象城,广东省,中山市,中山区,中山市核心商业区中山市华润万象城,New Balance 中山市华润万象城店,3层 L318,0760-8979627,10:00 - 22:00,22.5087,113.4008,https://www.newbalance.com.cn,"城市旗舰店,Grey Store,Made in USA,限量发售",true
New Balance,中山市华润万象汇,广东省,中山市,中山区,中山市核心商业区中山市华润万象汇,New Balance 中山市华润万象汇店,2层 L2-16,0760-8804929,10:00 - 22:00,22.501,113.4085,https://www.newbalance.com.cn,"综合大店,跑步专营,跑鞋矩阵",true
New Balance,中山市大悦城,广东省,中山市,中山区,中山市核心商业区中山市大悦城,New Balance 中山市大悦城店,4层 4F-12,0760-7601108,10:00 - 22:00,22.5226,113.41,https://www.newbalance.com.cn,"NB 1906潮流店,青年时尚,复古慢跑",true
New Balance,中山市龙湖天街,广东省,中山市,中山区,中山市核心商业区中山市龙湖天街,New Balance 中山市龙湖天街店,2层 2F-15,0760-8051798,10:00 - 22:00,22.5078,113.3798,https://www.newbalance.com.cn,"生活方式体验店,跑者驿站,亲子跑步",true
New Balance,中山市银泰百货,广东省,中山市,中山区,中山市核心商业区中山市银泰百货,New Balance 中山市银泰百货店,3层 运动馆308,0760-8027646,10:00 - 22:00,22.5183,113.3867,https://www.newbalance.com.cn,"百货专柜,经典慢跑,复古鞋款",true
New Balance,江门市万达广场,广东省,江门市,江门区,江门市核心商业区江门市万达广场,New Balance 江门市万达广场旗舰店,2层 2F-18,0750-7719110,10:00 - 22:00,22.5595,113.0889,https://www.newbalance.com.cn,"综合专卖店,复古跑鞋,生活方式,NB Kids",true
New Balance,江门市华润万象城,广东省,江门市,江门区,江门市核心商业区江门市华润万象城,New Balance 江门市华润万象城店,3层 L318,0750-6783548,10:00 - 22:00,22.5588,113.0985,https://www.newbalance.com.cn,"城市旗舰店,Grey Store,Made in USA,限量发售",true
New Balance,江门市华润万象汇,广东省,江门市,江门区,江门市核心商业区江门市华润万象汇,New Balance 江门市华润万象汇店,2层 L2-16,0750-6882294,10:00 - 22:00,22.5632,113.0719,https://www.newbalance.com.cn,"综合大店,跑步专营,跑鞋矩阵",true
New Balance,江门市大悦城,广东省,江门市,江门区,江门市核心商业区江门市大悦城,New Balance 江门市大悦城店,4层 4F-12,0750-6077648,10:00 - 22:00,22.5643,113.0818,https://www.newbalance.com.cn,"NB 1906潮流店,青年时尚,复古慢跑",true
New Balance,汕头市万达广场,广东省,汕头市,汕头区,汕头市核心商业区汕头市万达广场,New Balance 汕头市万达广场旗舰店,2层 2F-18,0754-7817419,10:00 - 22:00,23.3373,116.6679,https://www.newbalance.com.cn,"综合专卖店,复古跑鞋,生活方式,NB Kids",true
New Balance,汕头市华润万象城,广东省,汕头市,汕头区,汕头市核心商业区汕头市华润万象城,New Balance 汕头市华润万象城店,3层 L318,0754-8875203,10:00 - 22:00,23.3371,116.665,https://www.newbalance.com.cn,"城市旗舰店,Grey Store,Made in USA,限量发售",true
New Balance,汕头市华润万象汇,广东省,汕头市,汕头区,汕头市核心商业区汕头市华润万象汇,New Balance 汕头市华润万象汇店,2层 L2-16,0754-8956741,10:00 - 22:00,23.3646,116.6633,https://www.newbalance.com.cn,"综合大店,跑步专营,跑鞋矩阵",true
New Balance,汕头市大悦城,广东省,汕头市,汕头区,汕头市核心商业区汕头市大悦城,New Balance 汕头市大悦城店,4层 4F-12,0754-8311994,10:00 - 22:00,23.3522,116.683,https://www.newbalance.com.cn,"NB 1906潮流店,青年时尚,复古慢跑",true
New Balance,湛江市万达广场,广东省,湛江市,湛江区,湛江市核心商业区湛江市万达广场,New Balance 湛江市万达广场旗舰店,2层 2F-18,0759-7791369,10:00 - 22:00,21.2847,110.3564,https://www.newbalance.com.cn,"综合专卖店,复古跑鞋,生活方式,NB Kids",true
New Balance,湛江市华润万象城,广东省,湛江市,湛江区,湛江市核心商业区湛江市华润万象城,New Balance 湛江市华润万象城店,3层 L318,0759-7061906,10:00 - 22:00,21.2676,110.346,https://www.newbalance.com.cn,"城市旗舰店,Grey Store,Made in USA,限量发售",true
New Balance,湛江市华润万象汇,广东省,湛江市,湛江区,湛江市核心商业区湛江市华润万象汇,New Balance 湛江市华润万象汇店,2层 L2-16,0759-7940345,10:00 - 22:00,21.2612,110.368,https://www.newbalance.com.cn,"综合大店,跑步专营,跑鞋矩阵",true
New Balance,湛江市大悦城,广东省,湛江市,湛江区,湛江市核心商业区湛江市大悦城,New Balance 湛江市大悦城店,4层 4F-12,0759-6227189,10:00 - 22:00,21.2584,110.3399,https://www.newbalance.com.cn,"NB 1906潮流店,青年时尚,复古慢跑",true
New Balance,茂名市万达广场,广东省,茂名市,茂名区,茂名市核心商业区茂名市万达广场,New Balance 茂名市万达广场旗舰店,2层 2F-18,0668-6771390,10:00 - 22:00,21.6474,110.9078,https://www.newbalance.com.cn,"综合专卖店,复古跑鞋,生活方式,NB Kids",true
New Balance,茂名市华润万象城,广东省,茂名市,茂名区,茂名市核心商业区茂名市华润万象城,New Balance 茂名市华润万象城店,3层 L318,0668-6409833,10:00 - 22:00,21.6501,110.9085,https://www.newbalance.com.cn,"城市旗舰店,Grey Store,Made in USA,限量发售",true
New Balance,茂名市华润万象汇,广东省,茂名市,茂名区,茂名市核心商业区茂名市华润万象汇,New Balance 茂名市华润万象汇店,2层 L2-16,0668-7443840,10:00 - 22:00,21.6606,110.9172,https://www.newbalance.com.cn,"综合大店,跑步专营,跑鞋矩阵",true
New Balance,肇庆市万达广场,广东省,肇庆市,肇庆区,肇庆市核心商业区肇庆市万达广场,New Balance 肇庆市万达广场旗舰店,2层 2F-18,0758-8116300,10:00 - 22:00,23.048,112.4548,https://www.newbalance.com.cn,"综合专卖店,复古跑鞋,生活方式,NB Kids",true
New Balance,肇庆市华润万象城,广东省,肇庆市,肇庆区,肇庆市核心商业区肇庆市华润万象城,New Balance 肇庆市华润万象城店,3层 L318,0758-6744833,10:00 - 22:00,23.0352,112.4745,https://www.newbalance.com.cn,"城市旗舰店,Grey Store,Made in USA,限量发售",true
New Balance,肇庆市华润万象汇,广东省,肇庆市,肇庆区,肇庆市核心商业区肇庆市华润万象汇,New Balance 肇庆市华润万象汇店,2层 L2-16,0758-7772667,10:00 - 22:00,23.0433,112.447,https://www.newbalance.com.cn,"综合大店,跑步专营,跑鞋矩阵",true
New Balance,清远市万达广场,广东省,清远市,清远区,清远市核心商业区清远市万达广场,New Balance 清远市万达广场旗舰店,2层 2F-18,0763-7203471,10:00 - 22:00,23.6829,113.0598,https://www.newbalance.com.cn,"综合专卖店,复古跑鞋,生活方式,NB Kids",true
New Balance,清远市华润万象城,广东省,清远市,清远区,清远市核心商业区清远市华润万象城,New Balance 清远市华润万象城店,3层 L318,0763-7358736,10:00 - 22:00,23.6758,113.0627,https://www.newbalance.com.cn,"城市旗舰店,Grey Store,Made in USA,限量发售",true
New Balance,清远市华润万象汇,广东省,清远市,清远区,清远市核心商业区清远市华润万象汇,New Balance 清远市华润万象汇店,2层 L2-16,0763-6568963,10:00 - 22:00,23.6737,113.0495,https://www.newbalance.com.cn,"综合大店,跑步专营,跑鞋矩阵",true
New Balance,韶关市万达广场,广东省,韶关市,韶关区,韶关市核心商业区韶关市万达广场,New Balance 韶关市万达广场旗舰店,2层 2F-18,0751-6334562,10:00 - 22:00,24.8195,113.5839,https://www.newbalance.com.cn,"综合专卖店,复古跑鞋,生活方式,NB Kids",true
New Balance,韶关市华润万象城,广东省,韶关市,韶关区,韶关市核心商业区韶关市华润万象城,New Balance 韶关市华润万象城店,3层 L318,0751-6262113,10:00 - 22:00,24.808,113.5799,https://www.newbalance.com.cn,"城市旗舰店,Grey Store,Made in USA,限量发售",true
New Balance,韶关市华润万象汇,广东省,韶关市,韶关区,韶关市核心商业区韶关市华润万象汇,New Balance 韶关市华润万象汇店,2层 L2-16,0751-6834534,10:00 - 22:00,24.7959,113.6,https://www.newbalance.com.cn,"综合大店,跑步专营,跑鞋矩阵",true
New Balance,梅州市万达广场,广东省,梅州市,梅州区,梅州市核心商业区梅州市万达广场,New Balance 梅州市万达广场旗舰店,2层 2F-18,0753-7637875,10:00 - 22:00,24.2955,116.1314,https://www.newbalance.com.cn,"综合专卖店,复古跑鞋,生活方式,NB Kids",true
New Balance,梅州市华润万象城,广东省,梅州市,梅州区,梅州市核心商业区梅州市华润万象城,New Balance 梅州市华润万象城店,3层 L318,0753-8543624,10:00 - 22:00,24.2915,116.1168,https://www.newbalance.com.cn,"城市旗舰店,Grey Store,Made in USA,限量发售",true
New Balance,阳江市万达广场,广东省,阳江市,阳江区,阳江市核心商业区阳江市万达广场,New Balance 阳江市万达广场旗舰店,2层 2F-18,0662-6861103,10:00 - 22:00,21.8498,111.9703,https://www.newbalance.com.cn,"综合专卖店,复古跑鞋,生活方式,NB Kids",true
New Balance,阳江市华润万象城,广东省,阳江市,阳江区,阳江市核心商业区阳江市华润万象城,New Balance 阳江市华润万象城店,3层 L318,0662-6262469,10:00 - 22:00,21.8415,111.9835,https://www.newbalance.com.cn,"城市旗舰店,Grey Store,Made in USA,限量发售",true
New Balance,河源市万达广场,广东省,河源市,河源区,河源市核心商业区河源市万达广场,New Balance 河源市万达广场旗舰店,2层 2F-18,0762-6634409,10:00 - 22:00,23.7421,114.7069,https://www.newbalance.com.cn,"综合专卖店,复古跑鞋,生活方式,NB Kids",true
New Balance,河源市华润万象城,广东省,河源市,河源区,河源市核心商业区河源市华润万象城,New Balance 河源市华润万象城店,3层 L318,0762-8625753,10:00 - 22:00,23.7345,114.6884,https://www.newbalance.com.cn,"城市旗舰店,Grey Store,Made in USA,限量发售",true
New Balance,汕尾市万达广场,广东省,汕尾市,汕尾区,汕尾市核心商业区汕尾市万达广场,New Balance 汕尾市万达广场旗舰店,2层 2F-18,0660-6358694,10:00 - 22:00,22.8022,115.3607,https://www.newbalance.com.cn,"综合专卖店,复古跑鞋,生活方式,NB Kids",true
New Balance,汕尾市华润万象城,广东省,汕尾市,汕尾区,汕尾市核心商业区汕尾市华润万象城,New Balance 汕尾市华润万象城店,3层 L318,0660-8834930,10:00 - 22:00,22.7997,115.3683,https://www.newbalance.com.cn,"城市旗舰店,Grey Store,Made in USA,限量发售",true
New Balance,潮州市万达广场,广东省,潮州市,潮州区,潮州市核心商业区潮州市万达广场,New Balance 潮州市万达广场旗舰店,2层 2F-18,0768-6818816,10:00 - 22:00,23.667,116.612,https://www.newbalance.com.cn,"综合专卖店,复古跑鞋,生活方式,NB Kids",true
New Balance,潮州市华润万象城,广东省,潮州市,潮州区,潮州市核心商业区潮州市华润万象城,New Balance 潮州市华润万象城店,3层 L318,0768-7026831,10:00 - 22:00,23.6725,116.6217,https://www.newbalance.com.cn,"城市旗舰店,Grey Store,Made in USA,限量发售",true
New Balance,揭阳市万达广场,广东省,揭阳市,揭阳区,揭阳市核心商业区揭阳市万达广场,New Balance 揭阳市万达广场旗舰店,2层 2F-18,0663-6567556,10:00 - 22:00,23.5605,116.3809,https://www.newbalance.com.cn,"综合专卖店,复古跑鞋,生活方式,NB Kids",true
New Balance,揭阳市华润万象城,广东省,揭阳市,揭阳区,揭阳市核心商业区揭阳市华润万象城,New Balance 揭阳市华润万象城店,3层 L318,0663-7305486,10:00 - 22:00,23.5526,116.3743,https://www.newbalance.com.cn,"城市旗舰店,Grey Store,Made in USA,限量发售",true
New Balance,云浮市万达广场,广东省,云浮市,云浮区,云浮市核心商业区云浮市万达广场,New Balance 云浮市万达广场旗舰店,2层 2F-18,0766-8512420,10:00 - 22:00,22.9314,112.0247,https://www.newbalance.com.cn,"综合专卖店,复古跑鞋,生活方式,NB Kids",true
New Balance,南宁市万达广场,广西壮族自治区,南宁市,南宁区,南宁市核心商业区南宁市万达广场,New Balance 南宁市万达广场旗舰店,2层 2F-18,0771-7008636,10:00 - 22:00,22.8146,108.3546,https://www.newbalance.com.cn,"综合专卖店,复古跑鞋,生活方式,NB Kids",true
New Balance,南宁市华润万象城,广西壮族自治区,南宁市,南宁区,南宁市核心商业区南宁市华润万象城,New Balance 南宁市华润万象城店,3层 L318,0771-6779446,10:00 - 22:00,22.8111,108.3587,https://www.newbalance.com.cn,"城市旗舰店,Grey Store,Made in USA,限量发售",true
New Balance,南宁市华润万象汇,广西壮族自治区,南宁市,南宁区,南宁市核心商业区南宁市华润万象汇,New Balance 南宁市华润万象汇店,2层 L2-16,0771-8860773,10:00 - 22:00,22.8192,108.3761,https://www.newbalance.com.cn,"综合大店,跑步专营,跑鞋矩阵",true
New Balance,南宁市大悦城,广西壮族自治区,南宁市,南宁区,南宁市核心商业区南宁市大悦城,New Balance 南宁市大悦城店,4层 4F-12,0771-6819710,10:00 - 22:00,22.8259,108.3492,https://www.newbalance.com.cn,"NB 1906潮流店,青年时尚,复古慢跑",true
New Balance,南宁市龙湖天街,广西壮族自治区,南宁市,南宁区,南宁市核心商业区南宁市龙湖天街,New Balance 南宁市龙湖天街店,2层 2F-15,0771-7616141,10:00 - 22:00,22.8263,108.3755,https://www.newbalance.com.cn,"生活方式体验店,跑者驿站,亲子跑步",true
New Balance,南宁市银泰百货,广西壮族自治区,南宁市,南宁区,南宁市核心商业区南宁市银泰百货,New Balance 南宁市银泰百货店,3层 运动馆308,0771-6041731,10:00 - 22:00,22.8022,108.3561,https://www.newbalance.com.cn,"百货专柜,经典慢跑,复古鞋款",true
New Balance,南宁市银泰城,广西壮族自治区,南宁市,南宁区,南宁市核心商业区南宁市银泰城,New Balance 南宁市银泰城店,2层 2F-20,0771-6690787,10:00 - 22:00,22.7984,108.3647,https://www.newbalance.com.cn,"综合专卖店,全系列,跑步生活",true
New Balance,南宁市吾悦广场,广西壮族自治区,南宁市,南宁区,南宁市核心商业区南宁市吾悦广场,New Balance 南宁市吾悦广场店,2层 2F-16,0771-8916412,10:00 - 22:00,22.8215,108.3508,https://www.newbalance.com.cn,"综合体验店,生活方式,复古跑鞋",true
New Balance,南宁市宝龙广场,广西壮族自治区,南宁市,南宁区,南宁市核心商业区南宁市宝龙广场,New Balance 南宁市宝龙广场店,2层 2F-12,0771-8464717,10:00 - 22:00,22.8169,108.3487,https://www.newbalance.com.cn,"商圈专卖店,经典鞋款",true
New Balance,南宁市苏宁广场,广西壮族自治区,南宁市,南宁区,南宁市核心商业区南宁市苏宁广场,New Balance 南宁市苏宁广场店,3层 308,0771-7759653,10:00 - 22:00,22.8003,108.3752,https://www.newbalance.com.cn,"综合大店,全系列",true
New Balance,南宁市印象城,广西壮族自治区,南宁市,南宁区,南宁市核心商业区南宁市印象城,New Balance 南宁市印象城店,2层 L2-08,0771-6531714,10:00 - 22:00,22.8325,108.3697,https://www.newbalance.com.cn,"体验店,经典跑鞋",true
New Balance,南宁市金鹰国际购物中心,广西壮族自治区,南宁市,南宁区,南宁市核心商业区南宁市金鹰国际购物中心,New Balance 南宁市金鹰国际购物中心店,4层 408,0771-8432873,10:00 - 22:00,22.8254,108.3584,https://www.newbalance.com.cn,"精品专柜,英美产专区",true
New Balance,桂林市万达广场,广西壮族自治区,桂林市,桂林区,桂林市核心商业区桂林市万达广场,New Balance 桂林市万达广场旗舰店,2层 2F-18,0773-7320528,10:00 - 22:00,25.2662,110.2958,https://www.newbalance.com.cn,"综合专卖店,复古跑鞋,生活方式,NB Kids",true
New Balance,桂林市华润万象城,广西壮族自治区,桂林市,桂林区,桂林市核心商业区桂林市华润万象城,New Balance 桂林市华润万象城店,3层 L318,0773-6255813,10:00 - 22:00,25.2787,110.2748,https://www.newbalance.com.cn,"城市旗舰店,Grey Store,Made in USA,限量发售",true
New Balance,桂林市华润万象汇,广西壮族自治区,桂林市,桂林区,桂林市核心商业区桂林市华润万象汇,New Balance 桂林市华润万象汇店,2层 L2-16,0773-6099477,10:00 - 22:00,25.2681,110.2855,https://www.newbalance.com.cn,"综合大店,跑步专营,跑鞋矩阵",true
New Balance,桂林市大悦城,广西壮族自治区,桂林市,桂林区,桂林市核心商业区桂林市大悦城,New Balance 桂林市大悦城店,4层 4F-12,0773-7507922,10:00 - 22:00,25.2724,110.3008,https://www.newbalance.com.cn,"NB 1906潮流店,青年时尚,复古慢跑",true
New Balance,柳州市万达广场,广西壮族自治区,柳州市,柳州区,柳州市核心商业区柳州市万达广场,New Balance 柳州市万达广场旗舰店,2层 2F-18,0772-6556554,10:00 - 22:00,24.316,109.4046,https://www.newbalance.com.cn,"综合专卖店,复古跑鞋,生活方式,NB Kids",true
New Balance,柳州市华润万象城,广西壮族自治区,柳州市,柳州区,柳州市核心商业区柳州市华润万象城,New Balance 柳州市华润万象城店,3层 L318,0772-7046597,10:00 - 22:00,24.3415,109.4187,https://www.newbalance.com.cn,"城市旗舰店,Grey Store,Made in USA,限量发售",true
New Balance,柳州市华润万象汇,广西壮族自治区,柳州市,柳州区,柳州市核心商业区柳州市华润万象汇,New Balance 柳州市华润万象汇店,2层 L2-16,0772-7312737,10:00 - 22:00,24.3097,109.4217,https://www.newbalance.com.cn,"综合大店,跑步专营,跑鞋矩阵",true
New Balance,柳州市大悦城,广西壮族自治区,柳州市,柳州区,柳州市核心商业区柳州市大悦城,New Balance 柳州市大悦城店,4层 4F-12,0772-6645873,10:00 - 22:00,24.3445,109.4218,https://www.newbalance.com.cn,"NB 1906潮流店,青年时尚,复古慢跑",true
New Balance,玉林市万达广场,广西壮族自治区,玉林市,玉林区,玉林市核心商业区玉林市万达广场,New Balance 玉林市万达广场旗舰店,2层 2F-18,0775-8653688,10:00 - 22:00,22.6344,110.1508,https://www.newbalance.com.cn,"综合专卖店,复古跑鞋,生活方式,NB Kids",true
New Balance,玉林市华润万象城,广西壮族自治区,玉林市,玉林区,玉林市核心商业区玉林市华润万象城,New Balance 玉林市华润万象城店,3层 L318,0775-8081703,10:00 - 22:00,22.6338,110.1524,https://www.newbalance.com.cn,"城市旗舰店,Grey Store,Made in USA,限量发售",true
New Balance,北海市万达广场,广西壮族自治区,北海市,北海区,北海市核心商业区北海市万达广场,New Balance 北海市万达广场旗舰店,2层 2F-18,0779-6833146,10:00 - 22:00,21.4811,109.1298,https://www.newbalance.com.cn,"综合专卖店,复古跑鞋,生活方式,NB Kids",true
New Balance,北海市华润万象城,广西壮族自治区,北海市,北海区,北海市核心商业区北海市华润万象城,New Balance 北海市华润万象城店,3层 L318,0779-6912835,10:00 - 22:00,21.4749,109.1283,https://www.newbalance.com.cn,"城市旗舰店,Grey Store,Made in USA,限量发售",true
New Balance,钦州市万达广场,广西壮族自治区,钦州市,钦州区,钦州市核心商业区钦州市万达广场,New Balance 钦州市万达广场旗舰店,2层 2F-18,0777-7264231,10:00 - 22:00,21.9454,108.611,https://www.newbalance.com.cn,"综合专卖店,复古跑鞋,生活方式,NB Kids",true
New Balance,贵港市万达广场,广西壮族自治区,贵港市,贵港区,贵港市核心商业区贵港市万达广场,New Balance 贵港市万达广场旗舰店,2层 2F-18,0775-6668842,10:00 - 22:00,23.0931,109.6166,https://www.newbalance.com.cn,"综合专卖店,复古跑鞋,生活方式,NB Kids",true
New Balance,梧州市万达广场,广西壮族自治区,梧州市,梧州区,梧州市核心商业区梧州市万达广场,New Balance 梧州市万达广场旗舰店,2层 2F-18,0774-7604661,10:00 - 22:00,23.4872,111.2678,https://www.newbalance.com.cn,"综合专卖店,复古跑鞋,生活方式,NB Kids",true
New Balance,百色市万达广场,广西壮族自治区,百色市,百色区,百色市核心商业区百色市万达广场,New Balance 百色市万达广场旗舰店,2层 2F-18,0776-8940717,10:00 - 22:00,23.9174,106.6171,https://www.newbalance.com.cn,"综合专卖店,复古跑鞋,生活方式,NB Kids",true
New Balance,海口市万达广场,海南省,海口市,海口区,海口市核心商业区海口市万达广场,New Balance 海口市万达广场旗舰店,2层 2F-18,0898-7845885,10:00 - 22:00,20.0351,110.2026,https://www.newbalance.com.cn,"综合专卖店,复古跑鞋,生活方式,NB Kids",true
New Balance,海口市华润万象城,海南省,海口市,海口区,海口市核心商业区海口市华润万象城,New Balance 海口市华润万象城店,3层 L318,0898-8014736,10:00 - 22:00,20.0447,110.2116,https://www.newbalance.com.cn,"城市旗舰店,Grey Store,Made in USA,限量发售",true
New Balance,海口市华润万象汇,海南省,海口市,海口区,海口市核心商业区海口市华润万象汇,New Balance 海口市华润万象汇店,2层 L2-16,0898-7706896,10:00 - 22:00,20.0284,110.2051,https://www.newbalance.com.cn,"综合大店,跑步专营,跑鞋矩阵",true
New Balance,海口市大悦城,海南省,海口市,海口区,海口市核心商业区海口市大悦城,New Balance 海口市大悦城店,4层 4F-12,0898-7824472,10:00 - 22:00,20.0414,110.1942,https://www.newbalance.com.cn,"NB 1906潮流店,青年时尚,复古慢跑",true
New Balance,海口市龙湖天街,海南省,海口市,海口区,海口市核心商业区海口市龙湖天街,New Balance 海口市龙湖天街店,2层 2F-15,0898-7143351,10:00 - 22:00,20.0593,110.1991,https://www.newbalance.com.cn,"生活方式体验店,跑者驿站,亲子跑步",true
New Balance,海口市银泰百货,海南省,海口市,海口区,海口市核心商业区海口市银泰百货,New Balance 海口市银泰百货店,3层 运动馆308,0898-8041147,10:00 - 22:00,20.0286,110.1974,https://www.newbalance.com.cn,"百货专柜,经典慢跑,复古鞋款",true
New Balance,海口市银泰城,海南省,海口市,海口区,海口市核心商业区海口市银泰城,New Balance 海口市银泰城店,2层 2F-20,0898-8769904,10:00 - 22:00,20.0594,110.1906,https://www.newbalance.com.cn,"综合专卖店,全系列,跑步生活",true
New Balance,海口市吾悦广场,海南省,海口市,海口区,海口市核心商业区海口市吾悦广场,New Balance 海口市吾悦广场店,2层 2F-16,0898-7024956,10:00 - 22:00,20.049,110.1845,https://www.newbalance.com.cn,"综合体验店,生活方式,复古跑鞋",true
New Balance,三亚市万达广场,海南省,三亚市,三亚区,三亚市核心商业区三亚市万达广场,New Balance 三亚市万达广场旗舰店,2层 2F-18,0898-8115848,10:00 - 22:00,18.2482,109.5211,https://www.newbalance.com.cn,"综合专卖店,复古跑鞋,生活方式,NB Kids",true
New Balance,三亚市华润万象城,海南省,三亚市,三亚区,三亚市核心商业区三亚市华润万象城,New Balance 三亚市华润万象城店,3层 L318,0898-7894783,10:00 - 22:00,18.237,109.5277,https://www.newbalance.com.cn,"城市旗舰店,Grey Store,Made in USA,限量发售",true
New Balance,三亚市华润万象汇,海南省,三亚市,三亚区,三亚市核心商业区三亚市华润万象汇,New Balance 三亚市华润万象汇店,2层 L2-16,0898-6992737,10:00 - 22:00,18.2466,109.5001,https://www.newbalance.com.cn,"综合大店,跑步专营,跑鞋矩阵",true
New Balance,三亚市大悦城,海南省,三亚市,三亚区,三亚市核心商业区三亚市大悦城,New Balance 三亚市大悦城店,4层 4F-12,0898-6575798,10:00 - 22:00,18.2694,109.5318,https://www.newbalance.com.cn,"NB 1906潮流店,青年时尚,复古慢跑",true
New Balance,三亚市龙湖天街,海南省,三亚市,三亚区,三亚市核心商业区三亚市龙湖天街,New Balance 三亚市龙湖天街店,2层 2F-15,0898-6438140,10:00 - 22:00,18.2342,109.5058,https://www.newbalance.com.cn,"生活方式体验店,跑者驿站,亲子跑步",true
New Balance,琼海市万达广场,海南省,琼海市,琼海区,琼海市核心商业区琼海市万达广场,New Balance 琼海市万达广场旗舰店,2层 2F-18,0898-6356806,10:00 - 22:00,19.2439,110.47,https://www.newbalance.com.cn,"综合专卖店,复古跑鞋,生活方式,NB Kids",true
New Balance,儋州市万达广场,海南省,儋州市,儋州区,儋州市核心商业区儋州市万达广场,New Balance 儋州市万达广场旗舰店,2层 2F-18,0898-7063955,10:00 - 22:00,19.5277,109.5626,https://www.newbalance.com.cn,"综合专卖店,复古跑鞋,生活方式,NB Kids",true
New Balance,文昌市万达广场,海南省,文昌市,文昌区,文昌市核心商业区文昌市万达广场,New Balance 文昌市万达广场旗舰店,2层 2F-18,0898-8584736,10:00 - 22:00,19.6243,110.7385,https://www.newbalance.com.cn,"综合专卖店,复古跑鞋,生活方式,NB Kids",true
New Balance,郑州市万达广场,河南省,郑州市,郑州区,郑州市核心商业区郑州市万达广场,New Balance 郑州市万达广场旗舰店,2层 2F-18,0371-8012455,10:00 - 22:00,34.7513,113.609,https://www.newbalance.com.cn,"综合专卖店,复古跑鞋,生活方式,NB Kids",true
New Balance,郑州市华润万象城,河南省,郑州市,郑州区,郑州市核心商业区郑州市华润万象城,New Balance 郑州市华润万象城店,3层 L318,0371-6181110,10:00 - 22:00,34.7393,113.6078,https://www.newbalance.com.cn,"城市旗舰店,Grey Store,Made in USA,限量发售",true
New Balance,郑州市华润万象汇,河南省,郑州市,郑州区,郑州市核心商业区郑州市华润万象汇,New Balance 郑州市华润万象汇店,2层 L2-16,0371-8163792,10:00 - 22:00,34.7359,113.6319,https://www.newbalance.com.cn,"综合大店,跑步专营,跑鞋矩阵",true
New Balance,郑州市大悦城,河南省,郑州市,郑州区,郑州市核心商业区郑州市大悦城,New Balance 郑州市大悦城店,4层 4F-12,0371-8336942,10:00 - 22:00,34.7365,113.6405,https://www.newbalance.com.cn,"NB 1906潮流店,青年时尚,复古慢跑",true
New Balance,郑州市龙湖天街,河南省,郑州市,郑州区,郑州市核心商业区郑州市龙湖天街,New Balance 郑州市龙湖天街店,2层 2F-15,0371-8824592,10:00 - 22:00,34.7421,113.6397,https://www.newbalance.com.cn,"生活方式体验店,跑者驿站,亲子跑步",true
New Balance,郑州市银泰百货,河南省,郑州市,郑州区,郑州市核心商业区郑州市银泰百货,New Balance 郑州市银泰百货店,3层 运动馆308,0371-7306321,10:00 - 22:00,34.7306,113.6207,https://www.newbalance.com.cn,"百货专柜,经典慢跑,复古鞋款",true
New Balance,郑州市银泰城,河南省,郑州市,郑州区,郑州市核心商业区郑州市银泰城,New Balance 郑州市银泰城店,2层 2F-20,0371-8047316,10:00 - 22:00,34.739,113.6442,https://www.newbalance.com.cn,"综合专卖店,全系列,跑步生活",true
New Balance,郑州市吾悦广场,河南省,郑州市,郑州区,郑州市核心商业区郑州市吾悦广场,New Balance 郑州市吾悦广场店,2层 2F-16,0371-7056950,10:00 - 22:00,34.7432,113.6418,https://www.newbalance.com.cn,"综合体验店,生活方式,复古跑鞋",true
New Balance,郑州市宝龙广场,河南省,郑州市,郑州区,郑州市核心商业区郑州市宝龙广场,New Balance 郑州市宝龙广场店,2层 2F-12,0371-8101173,10:00 - 22:00,34.735,113.6271,https://www.newbalance.com.cn,"商圈专卖店,经典鞋款",true
New Balance,郑州市苏宁广场,河南省,郑州市,郑州区,郑州市核心商业区郑州市苏宁广场,New Balance 郑州市苏宁广场店,3层 308,0371-8397910,10:00 - 22:00,34.7513,113.6368,https://www.newbalance.com.cn,"综合大店,全系列",true
New Balance,郑州市印象城,河南省,郑州市,郑州区,郑州市核心商业区郑州市印象城,New Balance 郑州市印象城店,2层 L2-08,0371-7393731,10:00 - 22:00,34.7294,113.6198,https://www.newbalance.com.cn,"体验店,经典跑鞋",true
New Balance,郑州市金鹰国际购物中心,河南省,郑州市,郑州区,郑州市核心商业区郑州市金鹰国际购物中心,New Balance 郑州市金鹰国际购物中心店,4层 408,0371-7439764,10:00 - 22:00,34.7474,113.6059,https://www.newbalance.com.cn,"精品专柜,英美产专区",true
New Balance,郑州市王府井百货,河南省,郑州市,郑州区,郑州市核心商业区郑州市王府井百货,New Balance 郑州市王府井百货店,3层 运动专区,0371-7921271,10:00 - 22:00,34.7369,113.6115,https://www.newbalance.com.cn,"百货专柜,经典复古跑鞋",true
New Balance,郑州市百联奥特莱斯,河南省,郑州市,郑州区,郑州市核心商业区郑州市百联奥特莱斯,New Balance 郑州市百联奥特莱斯店,1层 A108,0371-6069311,09:30 - 21:30,34.7616,113.6384,https://www.newbalance.com.cn,"奥特莱斯特惠,超大工厂店,折扣专享",true
New Balance,郑州市砂之船奥特莱斯,河南省,郑州市,郑州区,郑州市核心商业区郑州市砂之船奥特莱斯,New Balance 郑州市砂之船奥特莱斯店,1层 108,0371-7990757,09:30 - 21:30,34.7445,113.6189,https://www.newbalance.com.cn,"奥特莱斯超级工厂店,折扣专享",true
New Balance,郑州市杉杉奥特莱斯,河南省,郑州市,郑州区,郑州市核心商业区郑州市杉杉奥特莱斯,New Balance 郑州市杉杉奥特莱斯店,1层 A-16,0371-7542607,09:30 - 21:30,34.7532,113.6062,https://www.newbalance.com.cn,"奥特莱斯名品折扣店,全系列",true
New Balance,郑州市首创奥特莱斯,河南省,郑州市,郑州区,郑州市核心商业区郑州市首创奥特莱斯,New Balance 郑州市首创奥特莱斯店,1层 1028,0371-8546611,09:30 - 21:30,34.7447,113.619,https://www.newbalance.com.cn,"奥特莱斯工厂特惠,全品类折扣",true
New Balance,郑州市时代广场,河南省,郑州市,郑州区,郑州市核心商业区郑州市时代广场,New Balance 郑州市时代广场店,2层 208,0371-8370280,10:00 - 22:00,34.7525,113.6178,https://www.newbalance.com.cn,"商圈核心店,经典跑鞋",true
New Balance,郑州市万象天地,河南省,郑州市,郑州区,郑州市核心商业区郑州市万象天地,New Balance 郑州市万象天地店,1层 L1-18,0371-8553929,10:00 - 22:00,34.7557,113.6181,https://www.newbalance.com.cn,"NB 1906潮流概念店,街区生活",true
New Balance,郑州市恒隆广场,河南省,郑州市,郑州区,郑州市核心商业区郑州市恒隆广场,New Balance 郑州市恒隆广场店,3层 308,0371-8603131,10:00 - 22:00,34.7276,113.6238,https://www.newbalance.com.cn,"精品专卖店,英美产,高端生活",true
New Balance,郑州市万达广场,河南省,郑州市,郑州区,郑州市核心商业区郑州市万达广场,New Balance 郑州市万达广场店,2层 2F-18,0371-8235339,10:00 - 22:00,34.7488,113.6379,https://www.newbalance.com.cn,"综合专卖店,复古跑鞋,生活方式,NB Kids",true
New Balance,郑州市华润万象城,河南省,郑州市,郑州区,郑州市核心商业区郑州市华润万象城,New Balance 郑州市华润万象城店,3层 L318,0371-8954195,10:00 - 22:00,34.7577,113.6419,https://www.newbalance.com.cn,"城市旗舰店,Grey Store,Made in USA,限量发售",true
New Balance,郑州市华润万象汇,河南省,郑州市,郑州区,郑州市核心商业区郑州市华润万象汇,New Balance 郑州市华润万象汇店,2层 L2-16,0371-7188858,10:00 - 22:00,34.7568,113.6072,https://www.newbalance.com.cn,"综合大店,跑步专营,跑鞋矩阵",true
New Balance,郑州市大悦城,河南省,郑州市,郑州区,郑州市核心商业区郑州市大悦城,New Balance 郑州市大悦城店,4层 4F-12,0371-6709154,10:00 - 22:00,34.7553,113.6381,https://www.newbalance.com.cn,"NB 1906潮流店,青年时尚,复古慢跑",true
New Balance,郑州市龙湖天街,河南省,郑州市,郑州区,郑州市核心商业区郑州市龙湖天街,New Balance 郑州市龙湖天街店,2层 2F-15,0371-7048933,10:00 - 22:00,34.7337,113.6192,https://www.newbalance.com.cn,"生活方式体验店,跑者驿站,亲子跑步",true
New Balance,郑州市银泰百货,河南省,郑州市,郑州区,郑州市核心商业区郑州市银泰百货,New Balance 郑州市银泰百货店,3层 运动馆308,0371-7690184,10:00 - 22:00,34.7541,113.624,https://www.newbalance.com.cn,"百货专柜,经典慢跑,复古鞋款",true
New Balance,洛阳市万达广场,河南省,洛阳市,洛阳区,洛阳市核心商业区洛阳市万达广场,New Balance 洛阳市万达广场旗舰店,2层 2F-18,0379-6805457,10:00 - 22:00,34.6161,112.4689,https://www.newbalance.com.cn,"综合专卖店,复古跑鞋,生活方式,NB Kids",true
New Balance,洛阳市华润万象城,河南省,洛阳市,洛阳区,洛阳市核心商业区洛阳市华润万象城,New Balance 洛阳市华润万象城店,3层 L318,0379-8086365,10:00 - 22:00,34.6021,112.442,https://www.newbalance.com.cn,"城市旗舰店,Grey Store,Made in USA,限量发售",true
New Balance,洛阳市华润万象汇,河南省,洛阳市,洛阳区,洛阳市核心商业区洛阳市华润万象汇,New Balance 洛阳市华润万象汇店,2层 L2-16,0379-6415601,10:00 - 22:00,34.6067,112.4684,https://www.newbalance.com.cn,"综合大店,跑步专营,跑鞋矩阵",true
New Balance,洛阳市大悦城,河南省,洛阳市,洛阳区,洛阳市核心商业区洛阳市大悦城,New Balance 洛阳市大悦城店,4层 4F-12,0379-8168367,10:00 - 22:00,34.6128,112.4618,https://www.newbalance.com.cn,"NB 1906潮流店,青年时尚,复古慢跑",true
New Balance,洛阳市龙湖天街,河南省,洛阳市,洛阳区,洛阳市核心商业区洛阳市龙湖天街,New Balance 洛阳市龙湖天街店,2层 2F-15,0379-6339514,10:00 - 22:00,34.6322,112.4545,https://www.newbalance.com.cn,"生活方式体验店,跑者驿站,亲子跑步",true
New Balance,洛阳市银泰百货,河南省,洛阳市,洛阳区,洛阳市核心商业区洛阳市银泰百货,New Balance 洛阳市银泰百货店,3层 运动馆308,0379-7892166,10:00 - 22:00,34.6084,112.4555,https://www.newbalance.com.cn,"百货专柜,经典慢跑,复古鞋款",true
New Balance,洛阳市银泰城,河南省,洛阳市,洛阳区,洛阳市核心商业区洛阳市银泰城,New Balance 洛阳市银泰城店,2层 2F-20,0379-6559353,10:00 - 22:00,34.6139,112.4533,https://www.newbalance.com.cn,"综合专卖店,全系列,跑步生活",true
New Balance,洛阳市吾悦广场,河南省,洛阳市,洛阳区,洛阳市核心商业区洛阳市吾悦广场,New Balance 洛阳市吾悦广场店,2层 2F-16,0379-7322187,10:00 - 22:00,34.6097,112.4678,https://www.newbalance.com.cn,"综合体验店,生活方式,复古跑鞋",true
New Balance,新乡市万达广场,河南省,新乡市,新乡区,新乡市核心商业区新乡市万达广场,New Balance 新乡市万达广场旗舰店,2层 2F-18,0373-7330763,10:00 - 22:00,35.308,113.9344,https://www.newbalance.com.cn,"综合专卖店,复古跑鞋,生活方式,NB Kids",true
New Balance,新乡市华润万象城,河南省,新乡市,新乡区,新乡市核心商业区新乡市华润万象城,New Balance 新乡市华润万象城店,3层 L318,0373-8461253,10:00 - 22:00,35.31,113.9383,https://www.newbalance.com.cn,"城市旗舰店,Grey Store,Made in USA,限量发售",true
New Balance,新乡市华润万象汇,河南省,新乡市,新乡区,新乡市核心商业区新乡市华润万象汇,New Balance 新乡市华润万象汇店,2层 L2-16,0373-7202820,10:00 - 22:00,35.3103,113.9263,https://www.newbalance.com.cn,"综合大店,跑步专营,跑鞋矩阵",true
New Balance,新乡市大悦城,河南省,新乡市,新乡区,新乡市核心商业区新乡市大悦城,New Balance 新乡市大悦城店,4层 4F-12,0373-7861395,10:00 - 22:00,35.3115,113.944,https://www.newbalance.com.cn,"NB 1906潮流店,青年时尚,复古慢跑",true
New Balance,新乡市龙湖天街,河南省,新乡市,新乡区,新乡市核心商业区新乡市龙湖天街,New Balance 新乡市龙湖天街店,2层 2F-15,0373-6935327,10:00 - 22:00,35.2879,113.9234,https://www.newbalance.com.cn,"生活方式体验店,跑者驿站,亲子跑步",true
New Balance,许昌市万达广场,河南省,许昌市,许昌区,许昌市核心商业区许昌市万达广场,New Balance 许昌市万达广场旗舰店,2层 2F-18,0374-6469292,10:00 - 22:00,34.0231,113.8366,https://www.newbalance.com.cn,"综合专卖店,复古跑鞋,生活方式,NB Kids",true
New Balance,许昌市华润万象城,河南省,许昌市,许昌区,许昌市核心商业区许昌市华润万象城,New Balance 许昌市华润万象城店,3层 L318,0374-8878591,10:00 - 22:00,34.0291,113.8598,https://www.newbalance.com.cn,"城市旗舰店,Grey Store,Made in USA,限量发售",true
New Balance,许昌市华润万象汇,河南省,许昌市,许昌区,许昌市核心商业区许昌市华润万象汇,New Balance 许昌市华润万象汇店,2层 L2-16,0374-6997785,10:00 - 22:00,34.0448,113.8528,https://www.newbalance.com.cn,"综合大店,跑步专营,跑鞋矩阵",true
New Balance,许昌市大悦城,河南省,许昌市,许昌区,许昌市核心商业区许昌市大悦城,New Balance 许昌市大悦城店,4层 4F-12,0374-7687564,10:00 - 22:00,34.0507,113.8602,https://www.newbalance.com.cn,"NB 1906潮流店,青年时尚,复古慢跑",true
New Balance,许昌市龙湖天街,河南省,许昌市,许昌区,许昌市核心商业区许昌市龙湖天街,New Balance 许昌市龙湖天街店,2层 2F-15,0374-7616188,10:00 - 22:00,34.0239,113.834,https://www.newbalance.com.cn,"生活方式体验店,跑者驿站,亲子跑步",true
New Balance,南阳市万达广场,河南省,南阳市,南阳区,南阳市核心商业区南阳市万达广场,New Balance 南阳市万达广场旗舰店,2层 2F-18,0377-8838237,10:00 - 22:00,32.9738,112.5474,https://www.newbalance.com.cn,"综合专卖店,复古跑鞋,生活方式,NB Kids",true
New Balance,南阳市华润万象城,河南省,南阳市,南阳区,南阳市核心商业区南阳市华润万象城,New Balance 南阳市华润万象城店,3层 L318,0377-7917350,10:00 - 22:00,32.9864,112.5355,https://www.newbalance.com.cn,"城市旗舰店,Grey Store,Made in USA,限量发售",true
New Balance,南阳市华润万象汇,河南省,南阳市,南阳区,南阳市核心商业区南阳市华润万象汇,New Balance 南阳市华润万象汇店,2层 L2-16,0377-6556466,10:00 - 22:00,32.9824,112.5265,https://www.newbalance.com.cn,"综合大店,跑步专营,跑鞋矩阵",true
New Balance,南阳市大悦城,河南省,南阳市,南阳区,南阳市核心商业区南阳市大悦城,New Balance 南阳市大悦城店,4层 4F-12,0377-7835628,10:00 - 22:00,32.9757,112.5157,https://www.newbalance.com.cn,"NB 1906潮流店,青年时尚,复古慢跑",true
New Balance,信阳市万达广场,河南省,信阳市,信阳区,信阳市核心商业区信阳市万达广场,New Balance 信阳市万达广场旗舰店,2层 2F-18,0376-6583924,10:00 - 22:00,32.1435,114.0731,https://www.newbalance.com.cn,"综合专卖店,复古跑鞋,生活方式,NB Kids",true
New Balance,信阳市华润万象城,河南省,信阳市,信阳区,信阳市核心商业区信阳市华润万象城,New Balance 信阳市华润万象城店,3层 L318,0376-8337819,10:00 - 22:00,32.1559,114.074,https://www.newbalance.com.cn,"城市旗舰店,Grey Store,Made in USA,限量发售",true
New Balance,信阳市华润万象汇,河南省,信阳市,信阳区,信阳市核心商业区信阳市华润万象汇,New Balance 信阳市华润万象汇店,2层 L2-16,0376-6422403,10:00 - 22:00,32.1546,114.0813,https://www.newbalance.com.cn,"综合大店,跑步专营,跑鞋矩阵",true
New Balance,周口市万达广场,河南省,周口市,周口区,周口市核心商业区周口市万达广场,New Balance 周口市万达广场旗舰店,2层 2F-18,0394-6820464,10:00 - 22:00,33.6428,114.7015,https://www.newbalance.com.cn,"综合专卖店,复古跑鞋,生活方式,NB Kids",true
New Balance,周口市华润万象城,河南省,周口市,周口区,周口市核心商业区周口市华润万象城,New Balance 周口市华润万象城店,3层 L318,0394-8140591,10:00 - 22:00,33.6392,114.7135,https://www.newbalance.com.cn,"城市旗舰店,Grey Store,Made in USA,限量发售",true
New Balance,周口市华润万象汇,河南省,周口市,周口区,周口市核心商业区周口市华润万象汇,New Balance 周口市华润万象汇店,2层 L2-16,0394-6505273,10:00 - 22:00,33.6256,114.7142,https://www.newbalance.com.cn,"综合大店,跑步专营,跑鞋矩阵",true
New Balance,商丘市万达广场,河南省,商丘市,商丘区,商丘市核心商业区商丘市万达广场,New Balance 商丘市万达广场旗舰店,2层 2F-18,0370-6851762,10:00 - 22:00,34.4143,115.6745,https://www.newbalance.com.cn,"综合专卖店,复古跑鞋,生活方式,NB Kids",true
New Balance,商丘市华润万象城,河南省,商丘市,商丘区,商丘市核心商业区商丘市华润万象城,New Balance 商丘市华润万象城店,3层 L318,0370-6231204,10:00 - 22:00,34.4115,115.642,https://www.newbalance.com.cn,"城市旗舰店,Grey Store,Made in USA,限量发售",true
New Balance,商丘市华润万象汇,河南省,商丘市,商丘区,商丘市核心商业区商丘市华润万象汇,New Balance 商丘市华润万象汇店,2层 L2-16,0370-8359204,10:00 - 22:00,34.4314,115.6397,https://www.newbalance.com.cn,"综合大店,跑步专营,跑鞋矩阵",true
New Balance,平顶山市万达广场,河南省,平顶山市,平顶山区,平顶山市核心商业区平顶山市万达广场,New Balance 平顶山市万达广场旗舰店,2层 2F-18,0375-8866623,10:00 - 22:00,33.7836,113.1843,https://www.newbalance.com.cn,"综合专卖店,复古跑鞋,生活方式,NB Kids",true
New Balance,平顶山市华润万象城,河南省,平顶山市,平顶山区,平顶山市核心商业区平顶山市华润万象城,New Balance 平顶山市华润万象城店,3层 L318,0375-8012690,10:00 - 22:00,33.75,113.1933,https://www.newbalance.com.cn,"城市旗舰店,Grey Store,Made in USA,限量发售",true
New Balance,平顶山市华润万象汇,河南省,平顶山市,平顶山区,平顶山市核心商业区平顶山市华润万象汇,New Balance 平顶山市华润万象汇店,2层 L2-16,0375-7562929,10:00 - 22:00,33.7594,113.1944,https://www.newbalance.com.cn,"综合大店,跑步专营,跑鞋矩阵",true
New Balance,漯河市万达广场,河南省,漯河市,漯河区,漯河市核心商业区漯河市万达广场,New Balance 漯河市万达广场旗舰店,2层 2F-18,0395-8086972,10:00 - 22:00,33.5949,114.0103,https://www.newbalance.com.cn,"综合专卖店,复古跑鞋,生活方式,NB Kids",true
New Balance,漯河市华润万象城,河南省,漯河市,漯河区,漯河市核心商业区漯河市华润万象城,New Balance 漯河市华润万象城店,3层 L318,0395-6445214,10:00 - 22:00,33.5745,114.0032,https://www.newbalance.com.cn,"城市旗舰店,Grey Store,Made in USA,限量发售",true
New Balance,漯河市华润万象汇,河南省,漯河市,漯河区,漯河市核心商业区漯河市华润万象汇,New Balance 漯河市华润万象汇店,2层 L2-16,0395-8975716,10:00 - 22:00,33.5973,114.0347,https://www.newbalance.com.cn,"综合大店,跑步专营,跑鞋矩阵",true
New Balance,驻马店市万达广场,河南省,驻马店市,驻马店区,驻马店市核心商业区驻马店市万达广场,New Balance 驻马店市万达广场旗舰店,2层 2F-18,0396-6523600,10:00 - 22:00,32.9652,114.0216,https://www.newbalance.com.cn,"综合专卖店,复古跑鞋,生活方式,NB Kids",true
New Balance,驻马店市华润万象城,河南省,驻马店市,驻马店区,驻马店市核心商业区驻马店市华润万象城,New Balance 驻马店市华润万象城店,3层 L318,0396-6768980,10:00 - 22:00,32.9596,114.0318,https://www.newbalance.com.cn,"城市旗舰店,Grey Store,Made in USA,限量发售",true
New Balance,驻马店市华润万象汇,河南省,驻马店市,驻马店区,驻马店市核心商业区驻马店市华润万象汇,New Balance 驻马店市华润万象汇店,2层 L2-16,0396-8189518,10:00 - 22:00,32.9951,114.0426,https://www.newbalance.com.cn,"综合大店,跑步专营,跑鞋矩阵",true
New Balance,安阳市万达广场,河南省,安阳市,安阳区,安阳市核心商业区安阳市万达广场,New Balance 安阳市万达广场旗舰店,2层 2F-18,0372-6877183,10:00 - 22:00,36.0805,114.3782,https://www.newbalance.com.cn,"综合专卖店,复古跑鞋,生活方式,NB Kids",true
New Balance,安阳市华润万象城,河南省,安阳市,安阳区,安阳市核心商业区安阳市华润万象城,New Balance 安阳市华润万象城店,3层 L318,0372-8385705,10:00 - 22:00,36.0808,114.4082,https://www.newbalance.com.cn,"城市旗舰店,Grey Store,Made in USA,限量发售",true
New Balance,安阳市华润万象汇,河南省,安阳市,安阳区,安阳市核心商业区安阳市华润万象汇,New Balance 安阳市华润万象汇店,2层 L2-16,0372-8885728,10:00 - 22:00,36.0963,114.3909,https://www.newbalance.com.cn,"综合大店,跑步专营,跑鞋矩阵",true
New Balance,焦作市万达广场,河南省,焦作市,焦作区,焦作市核心商业区焦作市万达广场,New Balance 焦作市万达广场旗舰店,2层 2F-18,0391-7837166,10:00 - 22:00,35.1972,113.2478,https://www.newbalance.com.cn,"综合专卖店,复古跑鞋,生活方式,NB Kids",true
New Balance,焦作市华润万象城,河南省,焦作市,焦作区,焦作市核心商业区焦作市华润万象城,New Balance 焦作市华润万象城店,3层 L318,0391-6539214,10:00 - 22:00,35.2099,113.2277,https://www.newbalance.com.cn,"城市旗舰店,Grey Store,Made in USA,限量发售",true
New Balance,焦作市华润万象汇,河南省,焦作市,焦作区,焦作市核心商业区焦作市华润万象汇,New Balance 焦作市华润万象汇店,2层 L2-16,0391-6846382,10:00 - 22:00,35.2146,113.2233,https://www.newbalance.com.cn,"综合大店,跑步专营,跑鞋矩阵",true
New Balance,开封市万达广场,河南省,开封市,开封区,开封市核心商业区开封市万达广场,New Balance 开封市万达广场旗舰店,2层 2F-18,0371-7944398,10:00 - 22:00,34.7953,114.2927,https://www.newbalance.com.cn,"综合专卖店,复古跑鞋,生活方式,NB Kids",true
New Balance,开封市华润万象城,河南省,开封市,开封区,开封市核心商业区开封市华润万象城,New Balance 开封市华润万象城店,3层 L318,0371-6961633,10:00 - 22:00,34.7832,114.3055,https://www.newbalance.com.cn,"城市旗舰店,Grey Store,Made in USA,限量发售",true
New Balance,濮阳市万达广场,河南省,濮阳市,濮阳区,濮阳市核心商业区濮阳市万达广场,New Balance 濮阳市万达广场旗舰店,2层 2F-18,0393-6295455,10:00 - 22:00,35.7586,115.0399,https://www.newbalance.com.cn,"综合专卖店,复古跑鞋,生活方式,NB Kids",true
New Balance,濮阳市华润万象城,河南省,濮阳市,濮阳区,濮阳市核心商业区濮阳市华润万象城,New Balance 濮阳市华润万象城店,3层 L318,0393-7677407,10:00 - 22:00,35.7507,115.0229,https://www.newbalance.com.cn,"城市旗舰店,Grey Store,Made in USA,限量发售",true
New Balance,鹤壁市万达广场,河南省,鹤壁市,鹤壁区,鹤壁市核心商业区鹤壁市万达广场,New Balance 鹤壁市万达广场旗舰店,2层 2F-18,0392-7856817,10:00 - 22:00,35.7439,114.3036,https://www.newbalance.com.cn,"综合专卖店,复古跑鞋,生活方式,NB Kids",true
New Balance,鹤壁市华润万象城,河南省,鹤壁市,鹤壁区,鹤壁市核心商业区鹤壁市华润万象城,New Balance 鹤壁市华润万象城店,3层 L318,0392-6452132,10:00 - 22:00,35.7462,114.3055,https://www.newbalance.com.cn,"城市旗舰店,Grey Store,Made in USA,限量发售",true
New Balance,三门峡市万达广场,河南省,三门峡市,三门峡区,三门峡市核心商业区三门峡市万达广场,New Balance 三门峡市万达广场旗舰店,2层 2F-18,0398-8442780,10:00 - 22:00,34.7874,111.211,https://www.newbalance.com.cn,"综合专卖店,复古跑鞋,生活方式,NB Kids",true
New Balance,三门峡市华润万象城,河南省,三门峡市,三门峡区,三门峡市核心商业区三门峡市华润万象城,New Balance 三门峡市华润万象城店,3层 L318,0398-8494870,10:00 - 22:00,34.7825,111.1932,https://www.newbalance.com.cn,"城市旗舰店,Grey Store,Made in USA,限量发售",true
New Balance,济源市万达广场,河南省,济源市,济源区,济源市核心商业区济源市万达广场,New Balance 济源市万达广场旗舰店,2层 2F-18,0391-8602418,10:00 - 22:00,35.0923,112.5918,https://www.newbalance.com.cn,"综合专卖店,复古跑鞋,生活方式,NB Kids",true
New Balance,武汉市万达广场,湖北省,武汉市,武汉区,武汉市核心商业区武汉市万达广场,New Balance 武汉市万达广场旗舰店,2层 2F-18,027-51398453,10:00 - 22:00,30.6059,114.3142,https://www.newbalance.com.cn,"综合专卖店,复古跑鞋,生活方式,NB Kids",true
New Balance,武汉市华润万象城,湖北省,武汉市,武汉区,武汉市核心商业区武汉市华润万象城,New Balance 武汉市华润万象城店,3层 L318,027-86128443,10:00 - 22:00,30.5732,114.3164,https://www.newbalance.com.cn,"城市旗舰店,Grey Store,Made in USA,限量发售",true
New Balance,武汉市华润万象汇,湖北省,武汉市,武汉区,武汉市核心商业区武汉市华润万象汇,New Balance 武汉市华润万象汇店,2层 L2-16,027-53384481,10:00 - 22:00,30.574,114.3016,https://www.newbalance.com.cn,"综合大店,跑步专营,跑鞋矩阵",true
New Balance,武汉市大悦城,湖北省,武汉市,武汉区,武汉市核心商业区武汉市大悦城,New Balance 武汉市大悦城店,4层 4F-12,027-57943878,10:00 - 22:00,30.5829,114.2899,https://www.newbalance.com.cn,"NB 1906潮流店,青年时尚,复古慢跑",true
New Balance,武汉市龙湖天街,湖北省,武汉市,武汉区,武汉市核心商业区武汉市龙湖天街,New Balance 武汉市龙湖天街店,2层 2F-15,027-71923916,10:00 - 22:00,30.5743,114.2869,https://www.newbalance.com.cn,"生活方式体验店,跑者驿站,亲子跑步",true
New Balance,武汉市银泰百货,湖北省,武汉市,武汉区,武汉市核心商业区武汉市银泰百货,New Balance 武汉市银泰百货店,3层 运动馆308,027-63039670,10:00 - 22:00,30.5877,114.2856,https://www.newbalance.com.cn,"百货专柜,经典慢跑,复古鞋款",true
New Balance,武汉市银泰城,湖北省,武汉市,武汉区,武汉市核心商业区武汉市银泰城,New Balance 武汉市银泰城店,2层 2F-20,027-83754554,10:00 - 22:00,30.5943,114.2946,https://www.newbalance.com.cn,"综合专卖店,全系列,跑步生活",true
New Balance,武汉市吾悦广场,湖北省,武汉市,武汉区,武汉市核心商业区武汉市吾悦广场,New Balance 武汉市吾悦广场店,2层 2F-16,027-58138763,10:00 - 22:00,30.6022,114.288,https://www.newbalance.com.cn,"综合体验店,生活方式,复古跑鞋",true
New Balance,武汉市宝龙广场,湖北省,武汉市,武汉区,武汉市核心商业区武汉市宝龙广场,New Balance 武汉市宝龙广场店,2层 2F-12,027-77218169,10:00 - 22:00,30.6126,114.303,https://www.newbalance.com.cn,"商圈专卖店,经典鞋款",true
New Balance,武汉市苏宁广场,湖北省,武汉市,武汉区,武汉市核心商业区武汉市苏宁广场,New Balance 武汉市苏宁广场店,3层 308,027-58423500,10:00 - 22:00,30.6037,114.2914,https://www.newbalance.com.cn,"综合大店,全系列",true
New Balance,武汉市印象城,湖北省,武汉市,武汉区,武汉市核心商业区武汉市印象城,New Balance 武汉市印象城店,2层 L2-08,027-53677992,10:00 - 22:00,30.5751,114.3143,https://www.newbalance.com.cn,"体验店,经典跑鞋",true
New Balance,武汉市金鹰国际购物中心,湖北省,武汉市,武汉区,武汉市核心商业区武汉市金鹰国际购物中心,New Balance 武汉市金鹰国际购物中心店,4层 408,027-89211652,10:00 - 22:00,30.5739,114.31,https://www.newbalance.com.cn,"精品专柜,英美产专区",true
New Balance,武汉市王府井百货,湖北省,武汉市,武汉区,武汉市核心商业区武汉市王府井百货,New Balance 武汉市王府井百货店,3层 运动专区,027-88765746,10:00 - 22:00,30.5806,114.2956,https://www.newbalance.com.cn,"百货专柜,经典复古跑鞋",true
New Balance,武汉市百联奥特莱斯,湖北省,武汉市,武汉区,武汉市核心商业区武汉市百联奥特莱斯,New Balance 武汉市百联奥特莱斯店,1层 A108,027-58177944,09:30 - 21:30,30.5913,114.3019,https://www.newbalance.com.cn,"奥特莱斯特惠,超大工厂店,折扣专享",true
New Balance,武汉市砂之船奥特莱斯,湖北省,武汉市,武汉区,武汉市核心商业区武汉市砂之船奥特莱斯,New Balance 武汉市砂之船奥特莱斯店,1层 108,027-64542097,09:30 - 21:30,30.5873,114.3162,https://www.newbalance.com.cn,"奥特莱斯超级工厂店,折扣专享",true
New Balance,武汉市杉杉奥特莱斯,湖北省,武汉市,武汉区,武汉市核心商业区武汉市杉杉奥特莱斯,New Balance 武汉市杉杉奥特莱斯店,1层 A-16,027-80377707,09:30 - 21:30,30.5997,114.3149,https://www.newbalance.com.cn,"奥特莱斯名品折扣店,全系列",true
New Balance,武汉市首创奥特莱斯,湖北省,武汉市,武汉区,武汉市核心商业区武汉市首创奥特莱斯,New Balance 武汉市首创奥特莱斯店,1层 1028,027-74246449,09:30 - 21:30,30.584,114.2875,https://www.newbalance.com.cn,"奥特莱斯工厂特惠,全品类折扣",true
New Balance,武汉市时代广场,湖北省,武汉市,武汉区,武汉市核心商业区武汉市时代广场,New Balance 武汉市时代广场店,2层 208,027-58557411,10:00 - 22:00,30.5819,114.3174,https://www.newbalance.com.cn,"商圈核心店,经典跑鞋",true
New Balance,武汉市万象天地,湖北省,武汉市,武汉区,武汉市核心商业区武汉市万象天地,New Balance 武汉市万象天地店,1层 L1-18,027-82897442,10:00 - 22:00,30.5827,114.2862,https://www.newbalance.com.cn,"NB 1906潮流概念店,街区生活",true
New Balance,武汉市恒隆广场,湖北省,武汉市,武汉区,武汉市核心商业区武汉市恒隆广场,New Balance 武汉市恒隆广场店,3层 308,027-62114388,10:00 - 22:00,30.5931,114.2978,https://www.newbalance.com.cn,"精品专卖店,英美产,高端生活",true
New Balance,武汉市万达广场,湖北省,武汉市,武汉区,武汉市核心商业区武汉市万达广场,New Balance 武汉市万达广场店,2层 2F-18,027-86614917,10:00 - 22:00,30.6105,114.3118,https://www.newbalance.com.cn,"综合专卖店,复古跑鞋,生活方式,NB Kids",true
New Balance,武汉市华润万象城,湖北省,武汉市,武汉区,武汉市核心商业区武汉市华润万象城,New Balance 武汉市华润万象城店,3层 L318,027-85228043,10:00 - 22:00,30.5737,114.3056,https://www.newbalance.com.cn,"城市旗舰店,Grey Store,Made in USA,限量发售",true
New Balance,武汉市华润万象汇,湖北省,武汉市,武汉区,武汉市核心商业区武汉市华润万象汇,New Balance 武汉市华润万象汇店,2层 L2-16,027-79503743,10:00 - 22:00,30.595,114.3083,https://www.newbalance.com.cn,"综合大店,跑步专营,跑鞋矩阵",true
New Balance,武汉市大悦城,湖北省,武汉市,武汉区,武汉市核心商业区武汉市大悦城,New Balance 武汉市大悦城店,4层 4F-12,027-65412351,10:00 - 22:00,30.6039,114.3007,https://www.newbalance.com.cn,"NB 1906潮流店,青年时尚,复古慢跑",true
New Balance,武汉市龙湖天街,湖北省,武汉市,武汉区,武汉市核心商业区武汉市龙湖天街,New Balance 武汉市龙湖天街店,2层 2F-15,027-78121485,10:00 - 22:00,30.5887,114.3222,https://www.newbalance.com.cn,"生活方式体验店,跑者驿站,亲子跑步",true
New Balance,武汉市银泰百货,湖北省,武汉市,武汉区,武汉市核心商业区武汉市银泰百货,New Balance 武汉市银泰百货店,3层 运动馆308,027-81184043,10:00 - 22:00,30.5864,114.2908,https://www.newbalance.com.cn,"百货专柜,经典慢跑,复古鞋款",true
New Balance,武汉市银泰城,湖北省,武汉市,武汉区,武汉市核心商业区武汉市银泰城,New Balance 武汉市银泰城店,2层 2F-20,027-80205633,10:00 - 22:00,30.6036,114.3097,https://www.newbalance.com.cn,"综合专卖店,全系列,跑步生活",true
New Balance,武汉市吾悦广场,湖北省,武汉市,武汉区,武汉市核心商业区武汉市吾悦广场,New Balance 武汉市吾悦广场店,2层 2F-16,027-74799108,10:00 - 22:00,30.5766,114.2918,https://www.newbalance.com.cn,"综合体验店,生活方式,复古跑鞋",true
New Balance,武汉市宝龙广场,湖北省,武汉市,武汉区,武汉市核心商业区武汉市宝龙广场,New Balance 武汉市宝龙广场店,2层 2F-12,027-61039980,10:00 - 22:00,30.585,114.2936,https://www.newbalance.com.cn,"商圈专卖店,经典鞋款",true
New Balance,武汉市苏宁广场,湖北省,武汉市,武汉区,武汉市核心商业区武汉市苏宁广场,New Balance 武汉市苏宁广场店,3层 308,027-51346167,10:00 - 22:00,30.5808,114.293,https://www.newbalance.com.cn,"综合大店,全系列",true
New Balance,襄阳市万达广场,湖北省,襄阳市,襄阳区,襄阳市核心商业区襄阳市万达广场,New Balance 襄阳市万达广场旗舰店,2层 2F-18,0710-8805406,10:00 - 22:00,32.0198,112.1378,https://www.newbalance.com.cn,"综合专卖店,复古跑鞋,生活方式,NB Kids",true
New Balance,襄阳市华润万象城,湖北省,襄阳市,襄阳区,襄阳市核心商业区襄阳市华润万象城,New Balance 襄阳市华润万象城店,3层 L318,0710-8943591,10:00 - 22:00,31.9933,112.116,https://www.newbalance.com.cn,"城市旗舰店,Grey Store,Made in USA,限量发售",true
New Balance,襄阳市华润万象汇,湖北省,襄阳市,襄阳区,襄阳市核心商业区襄阳市华润万象汇,New Balance 襄阳市华润万象汇店,2层 L2-16,0710-7052286,10:00 - 22:00,31.9947,112.1096,https://www.newbalance.com.cn,"综合大店,跑步专营,跑鞋矩阵",true
New Balance,襄阳市大悦城,湖北省,襄阳市,襄阳区,襄阳市核心商业区襄阳市大悦城,New Balance 襄阳市大悦城店,4层 4F-12,0710-6118670,10:00 - 22:00,32.0279,112.123,https://www.newbalance.com.cn,"NB 1906潮流店,青年时尚,复古慢跑",true
New Balance,襄阳市龙湖天街,湖北省,襄阳市,襄阳区,襄阳市核心商业区襄阳市龙湖天街,New Balance 襄阳市龙湖天街店,2层 2F-15,0710-8616795,10:00 - 22:00,32.0061,112.1202,https://www.newbalance.com.cn,"生活方式体验店,跑者驿站,亲子跑步",true
New Balance,宜昌市万达广场,湖北省,宜昌市,宜昌区,宜昌市核心商业区宜昌市万达广场,New Balance 宜昌市万达广场旗舰店,2层 2F-18,0717-6648203,10:00 - 22:00,30.6825,111.2687,https://www.newbalance.com.cn,"综合专卖店,复古跑鞋,生活方式,NB Kids",true
New Balance,宜昌市华润万象城,湖北省,宜昌市,宜昌区,宜昌市核心商业区宜昌市华润万象城,New Balance 宜昌市华润万象城店,3层 L318,0717-7468238,10:00 - 22:00,30.6824,111.2917,https://www.newbalance.com.cn,"城市旗舰店,Grey Store,Made in USA,限量发售",true
New Balance,宜昌市华润万象汇,湖北省,宜昌市,宜昌区,宜昌市核心商业区宜昌市华润万象汇,New Balance 宜昌市华润万象汇店,2层 L2-16,0717-6211104,10:00 - 22:00,30.6764,111.2983,https://www.newbalance.com.cn,"综合大店,跑步专营,跑鞋矩阵",true
New Balance,宜昌市大悦城,湖北省,宜昌市,宜昌区,宜昌市核心商业区宜昌市大悦城,New Balance 宜昌市大悦城店,4层 4F-12,0717-8400223,10:00 - 22:00,30.6844,111.2934,https://www.newbalance.com.cn,"NB 1906潮流店,青年时尚,复古慢跑",true
New Balance,宜昌市龙湖天街,湖北省,宜昌市,宜昌区,宜昌市核心商业区宜昌市龙湖天街,New Balance 宜昌市龙湖天街店,2层 2F-15,0717-7555855,10:00 - 22:00,30.704,111.2765,https://www.newbalance.com.cn,"生活方式体验店,跑者驿站,亲子跑步",true
New Balance,荆州市万达广场,湖北省,荆州市,荆州区,荆州市核心商业区荆州市万达广场,New Balance 荆州市万达广场旗舰店,2层 2F-18,0716-7171245,10:00 - 22:00,30.3317,112.2396,https://www.newbalance.com.cn,"综合专卖店,复古跑鞋,生活方式,NB Kids",true
New Balance,荆州市华润万象城,湖北省,荆州市,荆州区,荆州市核心商业区荆州市华润万象城,New Balance 荆州市华润万象城店,3层 L318,0716-6720881,10:00 - 22:00,30.329,112.2538,https://www.newbalance.com.cn,"城市旗舰店,Grey Store,Made in USA,限量发售",true
New Balance,荆州市华润万象汇,湖北省,荆州市,荆州区,荆州市核心商业区荆州市华润万象汇,New Balance 荆州市华润万象汇店,2层 L2-16,0716-8127838,10:00 - 22:00,30.3365,112.25,https://www.newbalance.com.cn,"综合大店,跑步专营,跑鞋矩阵",true
New Balance,荆州市大悦城,湖北省,荆州市,荆州区,荆州市核心商业区荆州市大悦城,New Balance 荆州市大悦城店,4层 4F-12,0716-6598881,10:00 - 22:00,30.3215,112.2327,https://www.newbalance.com.cn,"NB 1906潮流店,青年时尚,复古慢跑",true
New Balance,黄石市万达广场,湖北省,黄石市,黄石区,黄石市核心商业区黄石市万达广场,New Balance 黄石市万达广场旗舰店,2层 2F-18,0714-7673563,10:00 - 22:00,30.2158,115.0361,https://www.newbalance.com.cn,"综合专卖店,复古跑鞋,生活方式,NB Kids",true
New Balance,黄石市华润万象城,湖北省,黄石市,黄石区,黄石市核心商业区黄石市华润万象城,New Balance 黄石市华润万象城店,3层 L318,0714-7485710,10:00 - 22:00,30.2343,115.0421,https://www.newbalance.com.cn,"城市旗舰店,Grey Store,Made in USA,限量发售",true
New Balance,十堰市万达广场,湖北省,十堰市,十堰区,十堰市核心商业区十堰市万达广场,New Balance 十堰市万达广场旗舰店,2层 2F-18,0719-7189772,10:00 - 22:00,32.6189,110.7913,https://www.newbalance.com.cn,"综合专卖店,复古跑鞋,生活方式,NB Kids",true
New Balance,十堰市华润万象城,湖北省,十堰市,十堰区,十堰市核心商业区十堰市华润万象城,New Balance 十堰市华润万象城店,3层 L318,0719-7748643,10:00 - 22:00,32.6463,110.7962,https://www.newbalance.com.cn,"城市旗舰店,Grey Store,Made in USA,限量发售",true
New Balance,孝感市万达广场,湖北省,孝感市,孝感区,孝感市核心商业区孝感市万达广场,New Balance 孝感市万达广场旗舰店,2层 2F-18,0712-7577755,10:00 - 22:00,30.9255,113.9184,https://www.newbalance.com.cn,"综合专卖店,复古跑鞋,生活方式,NB Kids",true
New Balance,孝感市华润万象城,湖北省,孝感市,孝感区,孝感市核心商业区孝感市华润万象城,New Balance 孝感市华润万象城店,3层 L318,0712-8306506,10:00 - 22:00,30.911,113.9071,https://www.newbalance.com.cn,"城市旗舰店,Grey Store,Made in USA,限量发售",true
New Balance,黄冈市万达广场,湖北省,黄冈市,黄冈区,黄冈市核心商业区黄冈市万达广场,New Balance 黄冈市万达广场旗舰店,2层 2F-18,0713-8141771,10:00 - 22:00,30.4317,114.8809,https://www.newbalance.com.cn,"综合专卖店,复古跑鞋,生活方式,NB Kids",true
New Balance,黄冈市华润万象城,湖北省,黄冈市,黄冈区,黄冈市核心商业区黄冈市华润万象城,New Balance 黄冈市华润万象城店,3层 L318,0713-8008668,10:00 - 22:00,30.4558,114.8834,https://www.newbalance.com.cn,"城市旗舰店,Grey Store,Made in USA,限量发售",true
New Balance,荆门市万达广场,湖北省,荆门市,荆门区,荆门市核心商业区荆门市万达广场,New Balance 荆门市万达广场旗舰店,2层 2F-18,0724-6645107,10:00 - 22:00,31.0445,112.1797,https://www.newbalance.com.cn,"综合专卖店,复古跑鞋,生活方式,NB Kids",true
New Balance,荆门市华润万象城,湖北省,荆门市,荆门区,荆门市核心商业区荆门市华润万象城,New Balance 荆门市华润万象城店,3层 L318,0724-7670408,10:00 - 22:00,31.0415,112.2189,https://www.newbalance.com.cn,"城市旗舰店,Grey Store,Made in USA,限量发售",true
New Balance,咸宁市万达广场,湖北省,咸宁市,咸宁区,咸宁市核心商业区咸宁市万达广场,New Balance 咸宁市万达广场旗舰店,2层 2F-18,0715-8468193,10:00 - 22:00,29.83,114.3058,https://www.newbalance.com.cn,"综合专卖店,复古跑鞋,生活方式,NB Kids",true
New Balance,随州市万达广场,湖北省,随州市,随州区,随州市核心商业区随州市万达广场,New Balance 随州市万达广场旗舰店,2层 2F-18,0722-6009742,10:00 - 22:00,31.6946,113.3633,https://www.newbalance.com.cn,"综合专卖店,复古跑鞋,生活方式,NB Kids",true
New Balance,恩施土家族苗族自治州万达广场,湖北省,恩施土家族苗族自治州,恩施土家族苗族区,恩施土家族苗族自治州核心商业区恩施土家族苗族自治州万达广场,New Balance 恩施土家族苗族自治州万达广场旗舰店,2层 2F-18,0718-7602830,10:00 - 22:00,30.2749,109.5006,https://www.newbalance.com.cn,"综合专卖店,复古跑鞋,生活方式,NB Kids",true
New Balance,仙桃市万达广场,湖北省,仙桃市,仙桃区,仙桃市核心商业区仙桃市万达广场,New Balance 仙桃市万达广场旗舰店,2层 2F-18,0728-8356597,10:00 - 22:00,30.366,113.44,https://www.newbalance.com.cn,"综合专卖店,复古跑鞋,生活方式,NB Kids",true
New Balance,潜江市万达广场,湖北省,潜江市,潜江区,潜江市核心商业区潜江市万达广场,New Balance 潜江市万达广场旗舰店,2层 2F-18,0728-7902138,10:00 - 22:00,30.4167,112.8899,https://www.newbalance.com.cn,"综合专卖店,复古跑鞋,生活方式,NB Kids",true
New Balance,天门市万达广场,湖北省,天门市,天门区,天门市核心商业区天门市万达广场,New Balance 天门市万达广场旗舰店,2层 2F-18,0728-8646718,10:00 - 22:00,30.6491,113.1511,https://www.newbalance.com.cn,"综合专卖店,复古跑鞋,生活方式,NB Kids",true
New Balance,鄂州市万达广场,湖北省,鄂州市,鄂州区,鄂州市核心商业区鄂州市万达广场,New Balance 鄂州市万达广场旗舰店,2层 2F-18,0711-8004106,10:00 - 22:00,30.3989,114.8733,https://www.newbalance.com.cn,"综合专卖店,复古跑鞋,生活方式,NB Kids",true
New Balance,长沙市万达广场,湖南省,长沙市,长沙区,长沙市核心商业区长沙市万达广场,New Balance 长沙市万达广场旗舰店,2层 2F-18,0731-7325553,10:00 - 22:00,28.2426,112.9501,https://www.newbalance.com.cn,"综合专卖店,复古跑鞋,生活方式,NB Kids",true
New Balance,长沙市华润万象城,湖南省,长沙市,长沙区,长沙市核心商业区长沙市华润万象城,New Balance 长沙市华润万象城店,3层 L318,0731-7695462,10:00 - 22:00,28.2183,112.9265,https://www.newbalance.com.cn,"城市旗舰店,Grey Store,Made in USA,限量发售",true
New Balance,长沙市华润万象汇,湖南省,长沙市,长沙区,长沙市核心商业区长沙市华润万象汇,New Balance 长沙市华润万象汇店,2层 L2-16,0731-8091477,10:00 - 22:00,28.2408,112.9278,https://www.newbalance.com.cn,"综合大店,跑步专营,跑鞋矩阵",true
New Balance,长沙市大悦城,湖南省,长沙市,长沙区,长沙市核心商业区长沙市大悦城,New Balance 长沙市大悦城店,4层 4F-12,0731-8751290,10:00 - 22:00,28.2125,112.9307,https://www.newbalance.com.cn,"NB 1906潮流店,青年时尚,复古慢跑",true
New Balance,长沙市龙湖天街,湖南省,长沙市,长沙区,长沙市核心商业区长沙市龙湖天街,New Balance 长沙市龙湖天街店,2层 2F-15,0731-7487558,10:00 - 22:00,28.2364,112.9437,https://www.newbalance.com.cn,"生活方式体验店,跑者驿站,亲子跑步",true
New Balance,长沙市银泰百货,湖南省,长沙市,长沙区,长沙市核心商业区长沙市银泰百货,New Balance 长沙市银泰百货店,3层 运动馆308,0731-7342259,10:00 - 22:00,28.2452,112.9234,https://www.newbalance.com.cn,"百货专柜,经典慢跑,复古鞋款",true
New Balance,长沙市银泰城,湖南省,长沙市,长沙区,长沙市核心商业区长沙市银泰城,New Balance 长沙市银泰城店,2层 2F-20,0731-6238838,10:00 - 22:00,28.2316,112.9244,https://www.newbalance.com.cn,"综合专卖店,全系列,跑步生活",true
New Balance,长沙市吾悦广场,湖南省,长沙市,长沙区,长沙市核心商业区长沙市吾悦广场,New Balance 长沙市吾悦广场店,2层 2F-16,0731-6275390,10:00 - 22:00,28.2148,112.9556,https://www.newbalance.com.cn,"综合体验店,生活方式,复古跑鞋",true
New Balance,长沙市宝龙广场,湖南省,长沙市,长沙区,长沙市核心商业区长沙市宝龙广场,New Balance 长沙市宝龙广场店,2层 2F-12,0731-8958116,10:00 - 22:00,28.2362,112.9535,https://www.newbalance.com.cn,"商圈专卖店,经典鞋款",true
New Balance,长沙市苏宁广场,湖南省,长沙市,长沙区,长沙市核心商业区长沙市苏宁广场,New Balance 长沙市苏宁广场店,3层 308,0731-6748144,10:00 - 22:00,28.2085,112.9405,https://www.newbalance.com.cn,"综合大店,全系列",true
New Balance,长沙市印象城,湖南省,长沙市,长沙区,长沙市核心商业区长沙市印象城,New Balance 长沙市印象城店,2层 L2-08,0731-6118931,10:00 - 22:00,28.2347,112.9476,https://www.newbalance.com.cn,"体验店,经典跑鞋",true
New Balance,长沙市金鹰国际购物中心,湖南省,长沙市,长沙区,长沙市核心商业区长沙市金鹰国际购物中心,New Balance 长沙市金鹰国际购物中心店,4层 408,0731-6787569,10:00 - 22:00,28.2225,112.9293,https://www.newbalance.com.cn,"精品专柜,英美产专区",true
New Balance,长沙市王府井百货,湖南省,长沙市,长沙区,长沙市核心商业区长沙市王府井百货,New Balance 长沙市王府井百货店,3层 运动专区,0731-8249964,10:00 - 22:00,28.2209,112.9306,https://www.newbalance.com.cn,"百货专柜,经典复古跑鞋",true
New Balance,长沙市百联奥特莱斯,湖南省,长沙市,长沙区,长沙市核心商业区长沙市百联奥特莱斯,New Balance 长沙市百联奥特莱斯店,1层 A108,0731-6630522,09:30 - 21:30,28.2215,112.9373,https://www.newbalance.com.cn,"奥特莱斯特惠,超大工厂店,折扣专享",true
New Balance,长沙市砂之船奥特莱斯,湖南省,长沙市,长沙区,长沙市核心商业区长沙市砂之船奥特莱斯,New Balance 长沙市砂之船奥特莱斯店,1层 108,0731-7601100,09:30 - 21:30,28.2161,112.9419,https://www.newbalance.com.cn,"奥特莱斯超级工厂店,折扣专享",true
New Balance,长沙市杉杉奥特莱斯,湖南省,长沙市,长沙区,长沙市核心商业区长沙市杉杉奥特莱斯,New Balance 长沙市杉杉奥特莱斯店,1层 A-16,0731-8333850,09:30 - 21:30,28.2451,112.9266,https://www.newbalance.com.cn,"奥特莱斯名品折扣店,全系列",true
New Balance,长沙市首创奥特莱斯,湖南省,长沙市,长沙区,长沙市核心商业区长沙市首创奥特莱斯,New Balance 长沙市首创奥特莱斯店,1层 1028,0731-6948156,09:30 - 21:30,28.2204,112.9372,https://www.newbalance.com.cn,"奥特莱斯工厂特惠,全品类折扣",true
New Balance,长沙市时代广场,湖南省,长沙市,长沙区,长沙市核心商业区长沙市时代广场,New Balance 长沙市时代广场店,2层 208,0731-6415186,10:00 - 22:00,28.225,112.9296,https://www.newbalance.com.cn,"商圈核心店,经典跑鞋",true
New Balance,长沙市万象天地,湖南省,长沙市,长沙区,长沙市核心商业区长沙市万象天地,New Balance 长沙市万象天地店,1层 L1-18,0731-6682441,10:00 - 22:00,28.2134,112.9292,https://www.newbalance.com.cn,"NB 1906潮流概念店,街区生活",true
New Balance,长沙市恒隆广场,湖南省,长沙市,长沙区,长沙市核心商业区长沙市恒隆广场,New Balance 长沙市恒隆广场店,3层 308,0731-6769323,10:00 - 22:00,28.2233,112.9252,https://www.newbalance.com.cn,"精品专卖店,英美产,高端生活",true
New Balance,长沙市万达广场,湖南省,长沙市,长沙区,长沙市核心商业区长沙市万达广场,New Balance 长沙市万达广场店,2层 2F-18,0731-6270937,10:00 - 22:00,28.2441,112.9377,https://www.newbalance.com.cn,"综合专卖店,复古跑鞋,生活方式,NB Kids",true
New Balance,长沙市华润万象城,湖南省,长沙市,长沙区,长沙市核心商业区长沙市华润万象城,New Balance 长沙市华润万象城店,3层 L318,0731-7780270,10:00 - 22:00,28.2333,112.958,https://www.newbalance.com.cn,"城市旗舰店,Grey Store,Made in USA,限量发售",true
New Balance,长沙市华润万象汇,湖南省,长沙市,长沙区,长沙市核心商业区长沙市华润万象汇,New Balance 长沙市华润万象汇店,2层 L2-16,0731-7221429,10:00 - 22:00,28.2457,112.9489,https://www.newbalance.com.cn,"综合大店,跑步专营,跑鞋矩阵",true
New Balance,长沙市大悦城,湖南省,长沙市,长沙区,长沙市核心商业区长沙市大悦城,New Balance 长沙市大悦城店,4层 4F-12,0731-6556632,10:00 - 22:00,28.2184,112.9245,https://www.newbalance.com.cn,"NB 1906潮流店,青年时尚,复古慢跑",true
New Balance,长沙市龙湖天街,湖南省,长沙市,长沙区,长沙市核心商业区长沙市龙湖天街,New Balance 长沙市龙湖天街店,2层 2F-15,0731-6315550,10:00 - 22:00,28.2124,112.9356,https://www.newbalance.com.cn,"生活方式体验店,跑者驿站,亲子跑步",true
New Balance,株洲市万达广场,湖南省,株洲市,株洲区,株洲市核心商业区株洲市万达广场,New Balance 株洲市万达广场旗舰店,2层 2F-18,0731-7416610,10:00 - 22:00,27.815,113.114,https://www.newbalance.com.cn,"综合专卖店,复古跑鞋,生活方式,NB Kids",true
New Balance,株洲市华润万象城,湖南省,株洲市,株洲区,株洲市核心商业区株洲市华润万象城,New Balance 株洲市华润万象城店,3层 L318,0731-8741424,10:00 - 22:00,27.8153,113.1371,https://www.newbalance.com.cn,"城市旗舰店,Grey Store,Made in USA,限量发售",true
New Balance,株洲市华润万象汇,湖南省,株洲市,株洲区,株洲市核心商业区株洲市华润万象汇,New Balance 株洲市华润万象汇店,2层 L2-16,0731-8902881,10:00 - 22:00,27.8399,113.1433,https://www.newbalance.com.cn,"综合大店,跑步专营,跑鞋矩阵",true
New Balance,株洲市大悦城,湖南省,株洲市,株洲区,株洲市核心商业区株洲市大悦城,New Balance 株洲市大悦城店,4层 4F-12,0731-8813713,10:00 - 22:00,27.829,113.1268,https://www.newbalance.com.cn,"NB 1906潮流店,青年时尚,复古慢跑",true
New Balance,湘潭市万达广场,湖南省,湘潭市,湘潭区,湘潭市核心商业区湘潭市万达广场,New Balance 湘潭市万达广场旗舰店,2层 2F-18,0731-6210471,10:00 - 22:00,27.8423,112.9426,https://www.newbalance.com.cn,"综合专卖店,复古跑鞋,生活方式,NB Kids",true
New Balance,湘潭市华润万象城,湖南省,湘潭市,湘潭区,湘潭市核心商业区湘潭市华润万象城,New Balance 湘潭市华润万象城店,3层 L318,0731-8799849,10:00 - 22:00,27.8275,112.9247,https://www.newbalance.com.cn,"城市旗舰店,Grey Store,Made in USA,限量发售",true
New Balance,湘潭市华润万象汇,湖南省,湘潭市,湘潭区,湘潭市核心商业区湘潭市华润万象汇,New Balance 湘潭市华润万象汇店,2层 L2-16,0731-8060268,10:00 - 22:00,27.8458,112.9404,https://www.newbalance.com.cn,"综合大店,跑步专营,跑鞋矩阵",true
New Balance,衡阳市万达广场,湖南省,衡阳市,衡阳区,衡阳市核心商业区衡阳市万达广场,New Balance 衡阳市万达广场旗舰店,2层 2F-18,0734-8309835,10:00 - 22:00,26.9045,112.5886,https://www.newbalance.com.cn,"综合专卖店,复古跑鞋,生活方式,NB Kids",true
New Balance,衡阳市华润万象城,湖南省,衡阳市,衡阳区,衡阳市核心商业区衡阳市华润万象城,New Balance 衡阳市华润万象城店,3层 L318,0734-7295235,10:00 - 22:00,26.8898,112.5769,https://www.newbalance.com.cn,"城市旗舰店,Grey Store,Made in USA,限量发售",true
New Balance,衡阳市华润万象汇,湖南省,衡阳市,衡阳区,衡阳市核心商业区衡阳市华润万象汇,New Balance 衡阳市华润万象汇店,2层 L2-16,0734-7474515,10:00 - 22:00,26.9034,112.5719,https://www.newbalance.com.cn,"综合大店,跑步专营,跑鞋矩阵",true
New Balance,衡阳市大悦城,湖南省,衡阳市,衡阳区,衡阳市核心商业区衡阳市大悦城,New Balance 衡阳市大悦城店,4层 4F-12,0734-8655354,10:00 - 22:00,26.901,112.5593,https://www.newbalance.com.cn,"NB 1906潮流店,青年时尚,复古慢跑",true
New Balance,岳阳市万达广场,湖南省,岳阳市,岳阳区,岳阳市核心商业区岳阳市万达广场,New Balance 岳阳市万达广场旗舰店,2层 2F-18,0730-7940324,10:00 - 22:00,29.3486,113.1469,https://www.newbalance.com.cn,"综合专卖店,复古跑鞋,生活方式,NB Kids",true
New Balance,岳阳市华润万象城,湖南省,岳阳市,岳阳区,岳阳市核心商业区岳阳市华润万象城,New Balance 岳阳市华润万象城店,3层 L318,0730-6292132,10:00 - 22:00,29.3469,113.1116,https://www.newbalance.com.cn,"城市旗舰店,Grey Store,Made in USA,限量发售",true
New Balance,岳阳市华润万象汇,湖南省,岳阳市,岳阳区,岳阳市核心商业区岳阳市华润万象汇,New Balance 岳阳市华润万象汇店,2层 L2-16,0730-6821509,10:00 - 22:00,29.3601,113.1424,https://www.newbalance.com.cn,"综合大店,跑步专营,跑鞋矩阵",true
New Balance,岳阳市大悦城,湖南省,岳阳市,岳阳区,岳阳市核心商业区岳阳市大悦城,New Balance 岳阳市大悦城店,4层 4F-12,0730-7863134,10:00 - 22:00,29.372,113.1188,https://www.newbalance.com.cn,"NB 1906潮流店,青年时尚,复古慢跑",true
New Balance,常德市万达广场,湖南省,常德市,常德区,常德市核心商业区常德市万达广场,New Balance 常德市万达广场旗舰店,2层 2F-18,0736-8548213,10:00 - 22:00,29.0366,111.7085,https://www.newbalance.com.cn,"综合专卖店,复古跑鞋,生活方式,NB Kids",true
New Balance,常德市华润万象城,湖南省,常德市,常德区,常德市核心商业区常德市华润万象城,New Balance 常德市华润万象城店,3层 L318,0736-6257877,10:00 - 22:00,29.0185,111.7086,https://www.newbalance.com.cn,"城市旗舰店,Grey Store,Made in USA,限量发售",true
New Balance,常德市华润万象汇,湖南省,常德市,常德区,常德市核心商业区常德市华润万象汇,New Balance 常德市华润万象汇店,2层 L2-16,0736-8142215,10:00 - 22:00,29.0459,111.6866,https://www.newbalance.com.cn,"综合大店,跑步专营,跑鞋矩阵",true
New Balance,郴州市万达广场,湖南省,郴州市,郴州区,郴州市核心商业区郴州市万达广场,New Balance 郴州市万达广场旗舰店,2层 2F-18,0735-6260446,10:00 - 22:00,25.7732,113.0028,https://www.newbalance.com.cn,"综合专卖店,复古跑鞋,生活方式,NB Kids",true
New Balance,郴州市华润万象城,湖南省,郴州市,郴州区,郴州市核心商业区郴州市华润万象城,New Balance 郴州市华润万象城店,3层 L318,0735-8448490,10:00 - 22:00,25.7651,113.023,https://www.newbalance.com.cn,"城市旗舰店,Grey Store,Made in USA,限量发售",true
New Balance,郴州市华润万象汇,湖南省,郴州市,郴州区,郴州市核心商业区郴州市华润万象汇,New Balance 郴州市华润万象汇店,2层 L2-16,0735-6502469,10:00 - 22:00,25.7619,113.0048,https://www.newbalance.com.cn,"综合大店,跑步专营,跑鞋矩阵",true
New Balance,益阳市万达广场,湖南省,益阳市,益阳区,益阳市核心商业区益阳市万达广场,New Balance 益阳市万达广场旗舰店,2层 2F-18,0737-6349477,10:00 - 22:00,28.5359,112.3684,https://www.newbalance.com.cn,"综合专卖店,复古跑鞋,生活方式,NB Kids",true
New Balance,益阳市华润万象城,湖南省,益阳市,益阳区,益阳市核心商业区益阳市华润万象城,New Balance 益阳市华润万象城店,3层 L318,0737-8357851,10:00 - 22:00,28.5529,112.353,https://www.newbalance.com.cn,"城市旗舰店,Grey Store,Made in USA,限量发售",true
New Balance,邵阳市万达广场,湖南省,邵阳市,邵阳区,邵阳市核心商业区邵阳市万达广场,New Balance 邵阳市万达广场旗舰店,2层 2F-18,0739-8885370,10:00 - 22:00,27.2419,111.4722,https://www.newbalance.com.cn,"综合专卖店,复古跑鞋,生活方式,NB Kids",true
New Balance,邵阳市华润万象城,湖南省,邵阳市,邵阳区,邵阳市核心商业区邵阳市华润万象城,New Balance 邵阳市华润万象城店,3层 L318,0739-7522500,10:00 - 22:00,27.2535,111.4531,https://www.newbalance.com.cn,"城市旗舰店,Grey Store,Made in USA,限量发售",true
New Balance,娄底市万达广场,湖南省,娄底市,娄底区,娄底市核心商业区娄底市万达广场,New Balance 娄底市万达广场旗舰店,2层 2F-18,0738-7789865,10:00 - 22:00,27.6888,111.9869,https://www.newbalance.com.cn,"综合专卖店,复古跑鞋,生活方式,NB Kids",true
New Balance,娄底市华润万象城,湖南省,娄底市,娄底区,娄底市核心商业区娄底市华润万象城,New Balance 娄底市华润万象城店,3层 L318,0738-7581354,10:00 - 22:00,27.7039,112.0079,https://www.newbalance.com.cn,"城市旗舰店,Grey Store,Made in USA,限量发售",true
New Balance,永州市万达广场,湖南省,永州市,永州区,永州市核心商业区永州市万达广场,New Balance 永州市万达广场旗舰店,2层 2F-18,0746-7488798,10:00 - 22:00,26.4129,111.607,https://www.newbalance.com.cn,"综合专卖店,复古跑鞋,生活方式,NB Kids",true
New Balance,怀化市万达广场,湖南省,怀化市,怀化区,怀化市核心商业区怀化市万达广场,New Balance 怀化市万达广场旗舰店,2层 2F-18,0745-6697498,10:00 - 22:00,27.5764,109.9853,https://www.newbalance.com.cn,"综合专卖店,复古跑鞋,生活方式,NB Kids",true
New Balance,张家界市万达广场,湖南省,张家界市,张家界区,张家界市核心商业区张家界市万达广场,New Balance 张家界市万达广场旗舰店,2层 2F-18,0744-7563696,10:00 - 22:00,29.1297,110.4797,https://www.newbalance.com.cn,"综合专卖店,复古跑鞋,生活方式,NB Kids",true
New Balance,湘西土家族苗族自治州万达广场,湖南省,湘西土家族苗族自治州,湘西土家族苗族区,湘西土家族苗族自治州核心商业区湘西土家族苗族自治州万达广场,New Balance 湘西土家族苗族自治州万达广场旗舰店,2层 2F-18,0743-7140300,10:00 - 22:00,28.3216,109.7363,https://www.newbalance.com.cn,"综合专卖店,复古跑鞋,生活方式,NB Kids",true
New Balance,石家庄市万达广场,河北省,石家庄市,石家庄区,石家庄市核心商业区石家庄市万达广场,New Balance 石家庄市万达广场旗舰店,2层 2F-18,0311-6016592,10:00 - 22:00,38.0397,114.5314,https://www.newbalance.com.cn,"综合专卖店,复古跑鞋,生活方式,NB Kids",true
New Balance,石家庄市华润万象城,河北省,石家庄市,石家庄区,石家庄市核心商业区石家庄市华润万象城,New Balance 石家庄市华润万象城店,3层 L318,0311-7676702,10:00 - 22:00,38.061,114.4999,https://www.newbalance.com.cn,"城市旗舰店,Grey Store,Made in USA,限量发售",true
New Balance,石家庄市华润万象汇,河北省,石家庄市,石家庄区,石家庄市核心商业区石家庄市华润万象汇,New Balance 石家庄市华润万象汇店,2层 L2-16,0311-8687707,10:00 - 22:00,38.0559,114.5267,https://www.newbalance.com.cn,"综合大店,跑步专营,跑鞋矩阵",true
New Balance,石家庄市大悦城,河北省,石家庄市,石家庄区,石家庄市核心商业区石家庄市大悦城,New Balance 石家庄市大悦城店,4层 4F-12,0311-6764639,10:00 - 22:00,38.0572,114.4981,https://www.newbalance.com.cn,"NB 1906潮流店,青年时尚,复古慢跑",true
New Balance,石家庄市龙湖天街,河北省,石家庄市,石家庄区,石家庄市核心商业区石家庄市龙湖天街,New Balance 石家庄市龙湖天街店,2层 2F-15,0311-6453756,10:00 - 22:00,38.0541,114.5146,https://www.newbalance.com.cn,"生活方式体验店,跑者驿站,亲子跑步",true
New Balance,石家庄市银泰百货,河北省,石家庄市,石家庄区,石家庄市核心商业区石家庄市银泰百货,New Balance 石家庄市银泰百货店,3层 运动馆308,0311-8887331,10:00 - 22:00,38.053,114.5058,https://www.newbalance.com.cn,"百货专柜,经典慢跑,复古鞋款",true
New Balance,石家庄市银泰城,河北省,石家庄市,石家庄区,石家庄市核心商业区石家庄市银泰城,New Balance 石家庄市银泰城店,2层 2F-20,0311-8528280,10:00 - 22:00,38.0583,114.5149,https://www.newbalance.com.cn,"综合专卖店,全系列,跑步生活",true
New Balance,石家庄市吾悦广场,河北省,石家庄市,石家庄区,石家庄市核心商业区石家庄市吾悦广场,New Balance 石家庄市吾悦广场店,2层 2F-16,0311-6396787,10:00 - 22:00,38.0334,114.5194,https://www.newbalance.com.cn,"综合体验店,生活方式,复古跑鞋",true
New Balance,石家庄市宝龙广场,河北省,石家庄市,石家庄区,石家庄市核心商业区石家庄市宝龙广场,New Balance 石家庄市宝龙广场店,2层 2F-12,0311-6599426,10:00 - 22:00,38.0403,114.4988,https://www.newbalance.com.cn,"商圈专卖店,经典鞋款",true
New Balance,石家庄市苏宁广场,河北省,石家庄市,石家庄区,石家庄市核心商业区石家庄市苏宁广场,New Balance 石家庄市苏宁广场店,3层 308,0311-7344673,10:00 - 22:00,38.0573,114.5226,https://www.newbalance.com.cn,"综合大店,全系列",true
New Balance,石家庄市印象城,河北省,石家庄市,石家庄区,石家庄市核心商业区石家庄市印象城,New Balance 石家庄市印象城店,2层 L2-08,0311-7610686,10:00 - 22:00,38.027,114.5198,https://www.newbalance.com.cn,"体验店,经典跑鞋",true
New Balance,石家庄市金鹰国际购物中心,河北省,石家庄市,石家庄区,石家庄市核心商业区石家庄市金鹰国际购物中心,New Balance 石家庄市金鹰国际购物中心店,4层 408,0311-7319508,10:00 - 22:00,38.0517,114.5009,https://www.newbalance.com.cn,"精品专柜,英美产专区",true
New Balance,石家庄市王府井百货,河北省,石家庄市,石家庄区,石家庄市核心商业区石家庄市王府井百货,New Balance 石家庄市王府井百货店,3层 运动专区,0311-7530580,10:00 - 22:00,38.0485,114.5028,https://www.newbalance.com.cn,"百货专柜,经典复古跑鞋",true
New Balance,石家庄市百联奥特莱斯,河北省,石家庄市,石家庄区,石家庄市核心商业区石家庄市百联奥特莱斯,New Balance 石家庄市百联奥特莱斯店,1层 A108,0311-7019508,09:30 - 21:30,38.0273,114.5189,https://www.newbalance.com.cn,"奥特莱斯特惠,超大工厂店,折扣专享",true
New Balance,唐山市万达广场,河北省,唐山市,唐山区,唐山市核心商业区唐山市万达广场,New Balance 唐山市万达广场旗舰店,2层 2F-18,0315-6520588,10:00 - 22:00,39.624,118.2001,https://www.newbalance.com.cn,"综合专卖店,复古跑鞋,生活方式,NB Kids",true
New Balance,唐山市华润万象城,河北省,唐山市,唐山区,唐山市核心商业区唐山市华润万象城,New Balance 唐山市华润万象城店,3层 L318,0315-8758172,10:00 - 22:00,39.6182,118.1901,https://www.newbalance.com.cn,"城市旗舰店,Grey Store,Made in USA,限量发售",true
New Balance,唐山市华润万象汇,河北省,唐山市,唐山区,唐山市核心商业区唐山市华润万象汇,New Balance 唐山市华润万象汇店,2层 L2-16,0315-7775957,10:00 - 22:00,39.6154,118.1644,https://www.newbalance.com.cn,"综合大店,跑步专营,跑鞋矩阵",true
New Balance,唐山市大悦城,河北省,唐山市,唐山区,唐山市核心商业区唐山市大悦城,New Balance 唐山市大悦城店,4层 4F-12,0315-7628622,10:00 - 22:00,39.6502,118.1631,https://www.newbalance.com.cn,"NB 1906潮流店,青年时尚,复古慢跑",true
New Balance,唐山市龙湖天街,河北省,唐山市,唐山区,唐山市核心商业区唐山市龙湖天街,New Balance 唐山市龙湖天街店,2层 2F-15,0315-7347740,10:00 - 22:00,39.6175,118.1728,https://www.newbalance.com.cn,"生活方式体验店,跑者驿站,亲子跑步",true
New Balance,唐山市银泰百货,河北省,唐山市,唐山区,唐山市核心商业区唐山市银泰百货,New Balance 唐山市银泰百货店,3层 运动馆308,0315-7109355,10:00 - 22:00,39.638,118.1808,https://www.newbalance.com.cn,"百货专柜,经典慢跑,复古鞋款",true
New Balance,唐山市银泰城,河北省,唐山市,唐山区,唐山市核心商业区唐山市银泰城,New Balance 唐山市银泰城店,2层 2F-20,0315-7805559,10:00 - 22:00,39.6413,118.1649,https://www.newbalance.com.cn,"综合专卖店,全系列,跑步生活",true
New Balance,唐山市吾悦广场,河北省,唐山市,唐山区,唐山市核心商业区唐山市吾悦广场,New Balance 唐山市吾悦广场店,2层 2F-16,0315-6669832,10:00 - 22:00,39.6478,118.1861,https://www.newbalance.com.cn,"综合体验店,生活方式,复古跑鞋",true
New Balance,保定市万达广场,河北省,保定市,保定区,保定市核心商业区保定市万达广场,New Balance 保定市万达广场旗舰店,2层 2F-18,0312-6608413,10:00 - 22:00,38.8826,115.4475,https://www.newbalance.com.cn,"综合专卖店,复古跑鞋,生活方式,NB Kids",true
New Balance,保定市华润万象城,河北省,保定市,保定区,保定市核心商业区保定市华润万象城,New Balance 保定市华润万象城店,3层 L318,0312-6310470,10:00 - 22:00,38.8775,115.4693,https://www.newbalance.com.cn,"城市旗舰店,Grey Store,Made in USA,限量发售",true
New Balance,保定市华润万象汇,河北省,保定市,保定区,保定市核心商业区保定市华润万象汇,New Balance 保定市华润万象汇店,2层 L2-16,0312-8999931,10:00 - 22:00,38.8594,115.4824,https://www.newbalance.com.cn,"综合大店,跑步专营,跑鞋矩阵",true
New Balance,保定市大悦城,河北省,保定市,保定区,保定市核心商业区保定市大悦城,New Balance 保定市大悦城店,4层 4F-12,0312-7972577,10:00 - 22:00,38.8737,115.4532,https://www.newbalance.com.cn,"NB 1906潮流店,青年时尚,复古慢跑",true
New Balance,保定市龙湖天街,河北省,保定市,保定区,保定市核心商业区保定市龙湖天街,New Balance 保定市龙湖天街店,2层 2F-15,0312-7156544,10:00 - 22:00,38.8647,115.4665,https://www.newbalance.com.cn,"生活方式体验店,跑者驿站,亲子跑步",true
New Balance,保定市银泰百货,河北省,保定市,保定区,保定市核心商业区保定市银泰百货,New Balance 保定市银泰百货店,3层 运动馆308,0312-8061717,10:00 - 22:00,38.8607,115.4501,https://www.newbalance.com.cn,"百货专柜,经典慢跑,复古鞋款",true
New Balance,保定市银泰城,河北省,保定市,保定区,保定市核心商业区保定市银泰城,New Balance 保定市银泰城店,2层 2F-20,0312-8072596,10:00 - 22:00,38.8757,115.4652,https://www.newbalance.com.cn,"综合专卖店,全系列,跑步生活",true
New Balance,邯郸市万达广场,河北省,邯郸市,邯郸区,邯郸市核心商业区邯郸市万达广场,New Balance 邯郸市万达广场旗舰店,2层 2F-18,0310-6139592,10:00 - 22:00,36.6097,114.4952,https://www.newbalance.com.cn,"综合专卖店,复古跑鞋,生活方式,NB Kids",true
New Balance,邯郸市华润万象城,河北省,邯郸市,邯郸区,邯郸市核心商业区邯郸市华润万象城,New Balance 邯郸市华润万象城店,3层 L318,0310-7573949,10:00 - 22:00,36.6259,114.4737,https://www.newbalance.com.cn,"城市旗舰店,Grey Store,Made in USA,限量发售",true
New Balance,邯郸市华润万象汇,河北省,邯郸市,邯郸区,邯郸市核心商业区邯郸市华润万象汇,New Balance 邯郸市华润万象汇店,2层 L2-16,0310-7607235,10:00 - 22:00,36.6182,114.508,https://www.newbalance.com.cn,"综合大店,跑步专营,跑鞋矩阵",true
New Balance,邯郸市大悦城,河北省,邯郸市,邯郸区,邯郸市核心商业区邯郸市大悦城,New Balance 邯郸市大悦城店,4层 4F-12,0310-6222108,10:00 - 22:00,36.6134,114.4969,https://www.newbalance.com.cn,"NB 1906潮流店,青年时尚,复古慢跑",true
New Balance,邯郸市龙湖天街,河北省,邯郸市,邯郸区,邯郸市核心商业区邯郸市龙湖天街,New Balance 邯郸市龙湖天街店,2层 2F-15,0310-7051415,10:00 - 22:00,36.629,114.5092,https://www.newbalance.com.cn,"生活方式体验店,跑者驿站,亲子跑步",true
New Balance,廊坊市万达广场,河北省,廊坊市,廊坊区,廊坊市核心商业区廊坊市万达广场,New Balance 廊坊市万达广场旗舰店,2层 2F-18,0316-7958347,10:00 - 22:00,39.5538,116.6827,https://www.newbalance.com.cn,"综合专卖店,复古跑鞋,生活方式,NB Kids",true
New Balance,廊坊市华润万象城,河北省,廊坊市,廊坊区,廊坊市核心商业区廊坊市华润万象城,New Balance 廊坊市华润万象城店,3层 L318,0316-8173401,10:00 - 22:00,39.5344,116.6923,https://www.newbalance.com.cn,"城市旗舰店,Grey Store,Made in USA,限量发售",true
New Balance,廊坊市华润万象汇,河北省,廊坊市,廊坊区,廊坊市核心商业区廊坊市华润万象汇,New Balance 廊坊市华润万象汇店,2层 L2-16,0316-6670380,10:00 - 22:00,39.5192,116.6702,https://www.newbalance.com.cn,"综合大店,跑步专营,跑鞋矩阵",true
New Balance,廊坊市大悦城,河北省,廊坊市,廊坊区,廊坊市核心商业区廊坊市大悦城,New Balance 廊坊市大悦城店,4层 4F-12,0316-7861900,10:00 - 22:00,39.5429,116.6726,https://www.newbalance.com.cn,"NB 1906潮流店,青年时尚,复古慢跑",true
New Balance,沧州市万达广场,河北省,沧州市,沧州区,沧州市核心商业区沧州市万达广场,New Balance 沧州市万达广场旗舰店,2层 2F-18,0317-7594982,10:00 - 22:00,38.3105,116.837,https://www.newbalance.com.cn,"综合专卖店,复古跑鞋,生活方式,NB Kids",true
New Balance,沧州市华润万象城,河北省,沧州市,沧州区,沧州市核心商业区沧州市华润万象城,New Balance 沧州市华润万象城店,3层 L318,0317-7437770,10:00 - 22:00,38.2961,116.8336,https://www.newbalance.com.cn,"城市旗舰店,Grey Store,Made in USA,限量发售",true
New Balance,沧州市华润万象汇,河北省,沧州市,沧州区,沧州市核心商业区沧州市华润万象汇,New Balance 沧州市华润万象汇店,2层 L2-16,0317-8674649,10:00 - 22:00,38.3081,116.83,https://www.newbalance.com.cn,"综合大店,跑步专营,跑鞋矩阵",true
New Balance,邢台市万达广场,河北省,邢台市,邢台区,邢台市核心商业区邢台市万达广场,New Balance 邢台市万达广场旗舰店,2层 2F-18,0319-6300364,10:00 - 22:00,37.0889,114.4977,https://www.newbalance.com.cn,"综合专卖店,复古跑鞋,生活方式,NB Kids",true
New Balance,邢台市华润万象城,河北省,邢台市,邢台区,邢台市核心商业区邢台市华润万象城,New Balance 邢台市华润万象城店,3层 L318,0319-7197247,10:00 - 22:00,37.077,114.5136,https://www.newbalance.com.cn,"城市旗舰店,Grey Store,Made in USA,限量发售",true
New Balance,邢台市华润万象汇,河北省,邢台市,邢台区,邢台市核心商业区邢台市华润万象汇,New Balance 邢台市华润万象汇店,2层 L2-16,0319-8305655,10:00 - 22:00,37.0666,114.4856,https://www.newbalance.com.cn,"综合大店,跑步专营,跑鞋矩阵",true
New Balance,秦皇岛市万达广场,河北省,秦皇岛市,秦皇岛区,秦皇岛市核心商业区秦皇岛市万达广场,New Balance 秦皇岛市万达广场旗舰店,2层 2F-18,0335-7586946,10:00 - 22:00,39.9344,119.5843,https://www.newbalance.com.cn,"综合专卖店,复古跑鞋,生活方式,NB Kids",true
New Balance,秦皇岛市华润万象城,河北省,秦皇岛市,秦皇岛区,秦皇岛市核心商业区秦皇岛市华润万象城,New Balance 秦皇岛市华润万象城店,3层 L318,0335-7817135,10:00 - 22:00,39.9295,119.605,https://www.newbalance.com.cn,"城市旗舰店,Grey Store,Made in USA,限量发售",true
New Balance,秦皇岛市华润万象汇,河北省,秦皇岛市,秦皇岛区,秦皇岛市核心商业区秦皇岛市华润万象汇,New Balance 秦皇岛市华润万象汇店,2层 L2-16,0335-8437138,10:00 - 22:00,39.9384,119.6185,https://www.newbalance.com.cn,"综合大店,跑步专营,跑鞋矩阵",true
New Balance,张家口市万达广场,河北省,张家口市,张家口区,张家口市核心商业区张家口市万达广场,New Balance 张家口市万达广场旗舰店,2层 2F-18,0313-8707400,10:00 - 22:00,40.8156,114.8913,https://www.newbalance.com.cn,"综合专卖店,复古跑鞋,生活方式,NB Kids",true
New Balance,张家口市华润万象城,河北省,张家口市,张家口区,张家口市核心商业区张家口市华润万象城,New Balance 张家口市华润万象城店,3层 L318,0313-7021415,10:00 - 22:00,40.7978,114.8882,https://www.newbalance.com.cn,"城市旗舰店,Grey Store,Made in USA,限量发售",true
New Balance,承德市万达广场,河北省,承德市,承德区,承德市核心商业区承德市万达广场,New Balance 承德市万达广场旗舰店,2层 2F-18,0314-8926743,10:00 - 22:00,40.9693,117.9576,https://www.newbalance.com.cn,"综合专卖店,复古跑鞋,生活方式,NB Kids",true
New Balance,承德市华润万象城,河北省,承德市,承德区,承德市核心商业区承德市华润万象城,New Balance 承德市华润万象城店,3层 L318,0314-6732650,10:00 - 22:00,40.9482,117.9465,https://www.newbalance.com.cn,"城市旗舰店,Grey Store,Made in USA,限量发售",true
New Balance,衡水市万达广场,河北省,衡水市,衡水区,衡水市核心商业区衡水市万达广场,New Balance 衡水市万达广场旗舰店,2层 2F-18,0318-8517272,10:00 - 22:00,37.7337,115.6552,https://www.newbalance.com.cn,"综合专卖店,复古跑鞋,生活方式,NB Kids",true
New Balance,衡水市华润万象城,河北省,衡水市,衡水区,衡水市核心商业区衡水市华润万象城,New Balance 衡水市华润万象城店,3层 L318,0318-7365439,10:00 - 22:00,37.7501,115.6549,https://www.newbalance.com.cn,"城市旗舰店,Grey Store,Made in USA,限量发售",true
New Balance,雄安新区万达广场,河北省,雄安新区,雄安新区区,雄安新区核心商业区雄安新区万达广场,New Balance 雄安新区万达广场旗舰店,2层 2F-18,0312-6736156,10:00 - 22:00,39.0062,115.9786,https://www.newbalance.com.cn,"综合专卖店,复古跑鞋,生活方式,NB Kids",true
New Balance,太原市万达广场,山西省,太原市,太原区,太原市核心商业区太原市万达广场,New Balance 太原市万达广场旗舰店,2层 2F-18,0351-7372203,10:00 - 22:00,37.8855,112.5507,https://www.newbalance.com.cn,"综合专卖店,复古跑鞋,生活方式,NB Kids",true
New Balance,太原市华润万象城,山西省,太原市,太原区,太原市核心商业区太原市华润万象城,New Balance 太原市华润万象城店,3层 L318,0351-6548849,10:00 - 22:00,37.8523,112.5559,https://www.newbalance.com.cn,"城市旗舰店,Grey Store,Made in USA,限量发售",true
New Balance,太原市华润万象汇,山西省,太原市,太原区,太原市核心商业区太原市华润万象汇,New Balance 太原市华润万象汇店,2层 L2-16,0351-8807684,10:00 - 22:00,37.8627,112.5289,https://www.newbalance.com.cn,"综合大店,跑步专营,跑鞋矩阵",true
New Balance,太原市大悦城,山西省,太原市,太原区,太原市核心商业区太原市大悦城,New Balance 太原市大悦城店,4层 4F-12,0351-6442186,10:00 - 22:00,37.8813,112.559,https://www.newbalance.com.cn,"NB 1906潮流店,青年时尚,复古慢跑",true
New Balance,太原市龙湖天街,山西省,太原市,太原区,太原市核心商业区太原市龙湖天街,New Balance 太原市龙湖天街店,2层 2F-15,0351-6989528,10:00 - 22:00,37.8597,112.5406,https://www.newbalance.com.cn,"生活方式体验店,跑者驿站,亲子跑步",true
New Balance,太原市银泰百货,山西省,太原市,太原区,太原市核心商业区太原市银泰百货,New Balance 太原市银泰百货店,3层 运动馆308,0351-8157395,10:00 - 22:00,37.8531,112.5558,https://www.newbalance.com.cn,"百货专柜,经典慢跑,复古鞋款",true
New Balance,太原市银泰城,山西省,太原市,太原区,太原市核心商业区太原市银泰城,New Balance 太原市银泰城店,2层 2F-20,0351-8800754,10:00 - 22:00,37.8538,112.5311,https://www.newbalance.com.cn,"综合专卖店,全系列,跑步生活",true
New Balance,太原市吾悦广场,山西省,太原市,太原区,太原市核心商业区太原市吾悦广场,New Balance 太原市吾悦广场店,2层 2F-16,0351-7538124,10:00 - 22:00,37.868,112.5359,https://www.newbalance.com.cn,"综合体验店,生活方式,复古跑鞋",true
New Balance,太原市宝龙广场,山西省,太原市,太原区,太原市核心商业区太原市宝龙广场,New Balance 太原市宝龙广场店,2层 2F-12,0351-7388645,10:00 - 22:00,37.8671,112.5369,https://www.newbalance.com.cn,"商圈专卖店,经典鞋款",true
New Balance,太原市苏宁广场,山西省,太原市,太原区,太原市核心商业区太原市苏宁广场,New Balance 太原市苏宁广场店,3层 308,0351-6620404,10:00 - 22:00,37.8861,112.5378,https://www.newbalance.com.cn,"综合大店,全系列",true
New Balance,大同市万达广场,山西省,大同市,大同区,大同市核心商业区大同市万达广场,New Balance 大同市万达广场旗舰店,2层 2F-18,0352-7077940,10:00 - 22:00,40.095,113.3036,https://www.newbalance.com.cn,"综合专卖店,复古跑鞋,生活方式,NB Kids",true
New Balance,大同市华润万象城,山西省,大同市,大同区,大同市核心商业区大同市华润万象城,New Balance 大同市华润万象城店,3层 L318,0352-8846658,10:00 - 22:00,40.0834,113.2811,https://www.newbalance.com.cn,"城市旗舰店,Grey Store,Made in USA,限量发售",true
New Balance,大同市华润万象汇,山西省,大同市,大同区,大同市核心商业区大同市华润万象汇,New Balance 大同市华润万象汇店,2层 L2-16,0352-8813776,10:00 - 22:00,40.0885,113.2916,https://www.newbalance.com.cn,"综合大店,跑步专营,跑鞋矩阵",true
New Balance,运城市万达广场,山西省,运城市,运城区,运城市核心商业区运城市万达广场,New Balance 运城市万达广场旗舰店,2层 2F-18,0359-7305163,10:00 - 22:00,35.014,111.0239,https://www.newbalance.com.cn,"综合专卖店,复古跑鞋,生活方式,NB Kids",true
New Balance,运城市华润万象城,山西省,运城市,运城区,运城市核心商业区运城市华润万象城,New Balance 运城市华润万象城店,3层 L318,0359-7509715,10:00 - 22:00,35.0064,110.9905,https://www.newbalance.com.cn,"城市旗舰店,Grey Store,Made in USA,限量发售",true
New Balance,临汾市万达广场,山西省,临汾市,临汾区,临汾市核心商业区临汾市万达广场,New Balance 临汾市万达广场旗舰店,2层 2F-18,0357-7120249,10:00 - 22:00,36.1008,111.5329,https://www.newbalance.com.cn,"综合专卖店,复古跑鞋,生活方式,NB Kids",true
New Balance,临汾市华润万象城,山西省,临汾市,临汾区,临汾市核心商业区临汾市华润万象城,New Balance 临汾市华润万象城店,3层 L318,0357-8277562,10:00 - 22:00,36.0715,111.5062,https://www.newbalance.com.cn,"城市旗舰店,Grey Store,Made in USA,限量发售",true
New Balance,长治市万达广场,山西省,长治市,长治区,长治市核心商业区长治市万达广场,New Balance 长治市万达广场旗舰店,2层 2F-18,0355-8036392,10:00 - 22:00,35.1988,113.104,https://www.newbalance.com.cn,"综合专卖店,复古跑鞋,生活方式,NB Kids",true
New Balance,长治市华润万象城,山西省,长治市,长治区,长治市核心商业区长治市华润万象城,New Balance 长治市华润万象城店,3层 L318,0355-7485443,10:00 - 22:00,35.1757,113.1018,https://www.newbalance.com.cn,"城市旗舰店,Grey Store,Made in USA,限量发售",true
New Balance,晋城市万达广场,山西省,晋城市,晋城区,晋城市核心商业区晋城市万达广场,New Balance 晋城市万达广场旗舰店,2层 2F-18,0356-6835331,10:00 - 22:00,35.4836,112.8553,https://www.newbalance.com.cn,"综合专卖店,复古跑鞋,生活方式,NB Kids",true
New Balance,晋中市万达广场,山西省,晋中市,晋中区,晋中市核心商业区晋中市万达广场,New Balance 晋中市万达广场旗舰店,2层 2F-18,0354-8265725,10:00 - 22:00,37.6919,112.741,https://www.newbalance.com.cn,"综合专卖店,复古跑鞋,生活方式,NB Kids",true
New Balance,忻州市万达广场,山西省,忻州市,忻州区,忻州市核心商业区忻州市万达广场,New Balance 忻州市万达广场旗舰店,2层 2F-18,0350-7151142,10:00 - 22:00,38.4129,112.7186,https://www.newbalance.com.cn,"综合专卖店,复古跑鞋,生活方式,NB Kids",true
New Balance,吕梁市万达广场,山西省,吕梁市,吕梁区,吕梁市核心商业区吕梁市万达广场,New Balance 吕梁市万达广场旗舰店,2层 2F-18,0358-8488357,10:00 - 22:00,37.5268,111.1257,https://www.newbalance.com.cn,"综合专卖店,复古跑鞋,生活方式,NB Kids",true
New Balance,阳泉市万达广场,山西省,阳泉市,阳泉区,阳泉市核心商业区阳泉市万达广场,New Balance 阳泉市万达广场旗舰店,2层 2F-18,0353-7932121,10:00 - 22:00,37.8377,113.5735,https://www.newbalance.com.cn,"综合专卖店,复古跑鞋,生活方式,NB Kids",true
New Balance,呼和浩特市万达广场,内蒙古自治区,呼和浩特市,呼和浩特区,呼和浩特市核心商业区呼和浩特市万达广场,New Balance 呼和浩特市万达广场旗舰店,2层 2F-18,0471-7130840,10:00 - 22:00,40.8399,111.7524,https://www.newbalance.com.cn,"综合专卖店,复古跑鞋,生活方式,NB Kids",true
New Balance,呼和浩特市华润万象城,内蒙古自治区,呼和浩特市,呼和浩特区,呼和浩特市核心商业区呼和浩特市华润万象城,New Balance 呼和浩特市华润万象城店,3层 L318,0471-7665873,10:00 - 22:00,40.8616,111.7328,https://www.newbalance.com.cn,"城市旗舰店,Grey Store,Made in USA,限量发售",true
New Balance,呼和浩特市华润万象汇,内蒙古自治区,呼和浩特市,呼和浩特区,呼和浩特市核心商业区呼和浩特市华润万象汇,New Balance 呼和浩特市华润万象汇店,2层 L2-16,0471-6688358,10:00 - 22:00,40.8563,111.7361,https://www.newbalance.com.cn,"综合大店,跑步专营,跑鞋矩阵",true
New Balance,呼和浩特市大悦城,内蒙古自治区,呼和浩特市,呼和浩特区,呼和浩特市核心商业区呼和浩特市大悦城,New Balance 呼和浩特市大悦城店,4层 4F-12,0471-8508829,10:00 - 22:00,40.8328,111.7541,https://www.newbalance.com.cn,"NB 1906潮流店,青年时尚,复古慢跑",true
New Balance,呼和浩特市龙湖天街,内蒙古自治区,呼和浩特市,呼和浩特区,呼和浩特市核心商业区呼和浩特市龙湖天街,New Balance 呼和浩特市龙湖天街店,2层 2F-15,0471-7596430,10:00 - 22:00,40.8611,111.7579,https://www.newbalance.com.cn,"生活方式体验店,跑者驿站,亲子跑步",true
New Balance,呼和浩特市银泰百货,内蒙古自治区,呼和浩特市,呼和浩特区,呼和浩特市核心商业区呼和浩特市银泰百货,New Balance 呼和浩特市银泰百货店,3层 运动馆308,0471-8084608,10:00 - 22:00,40.8422,111.7389,https://www.newbalance.com.cn,"百货专柜,经典慢跑,复古鞋款",true
New Balance,呼和浩特市银泰城,内蒙古自治区,呼和浩特市,呼和浩特区,呼和浩特市核心商业区呼和浩特市银泰城,New Balance 呼和浩特市银泰城店,2层 2F-20,0471-8048625,10:00 - 22:00,40.8399,111.7543,https://www.newbalance.com.cn,"综合专卖店,全系列,跑步生活",true
New Balance,呼和浩特市吾悦广场,内蒙古自治区,呼和浩特市,呼和浩特区,呼和浩特市核心商业区呼和浩特市吾悦广场,New Balance 呼和浩特市吾悦广场店,2层 2F-16,0471-6213214,10:00 - 22:00,40.8488,111.7682,https://www.newbalance.com.cn,"综合体验店,生活方式,复古跑鞋",true
New Balance,包头市万达广场,内蒙古自治区,包头市,包头区,包头市核心商业区包头市万达广场,New Balance 包头市万达广场旗舰店,2层 2F-18,0472-7655795,10:00 - 22:00,40.653,109.8509,https://www.newbalance.com.cn,"综合专卖店,复古跑鞋,生活方式,NB Kids",true
New Balance,包头市华润万象城,内蒙古自治区,包头市,包头区,包头市核心商业区包头市华润万象城,New Balance 包头市华润万象城店,3层 L318,0472-6655916,10:00 - 22:00,40.6543,109.8525,https://www.newbalance.com.cn,"城市旗舰店,Grey Store,Made in USA,限量发售",true
New Balance,包头市华润万象汇,内蒙古自治区,包头市,包头区,包头市核心商业区包头市华润万象汇,New Balance 包头市华润万象汇店,2层 L2-16,0472-7888429,10:00 - 22:00,40.6468,109.8261,https://www.newbalance.com.cn,"综合大店,跑步专营,跑鞋矩阵",true
New Balance,包头市大悦城,内蒙古自治区,包头市,包头区,包头市核心商业区包头市大悦城,New Balance 包头市大悦城店,4层 4F-12,0472-8858289,10:00 - 22:00,40.6483,109.8349,https://www.newbalance.com.cn,"NB 1906潮流店,青年时尚,复古慢跑",true
New Balance,鄂尔多斯市万达广场,内蒙古自治区,鄂尔多斯市,鄂尔多斯区,鄂尔多斯市核心商业区鄂尔多斯市万达广场,New Balance 鄂尔多斯市万达广场旗舰店,2层 2F-18,0477-8279726,10:00 - 22:00,39.625,109.769,https://www.newbalance.com.cn,"综合专卖店,复古跑鞋,生活方式,NB Kids",true
New Balance,鄂尔多斯市华润万象城,内蒙古自治区,鄂尔多斯市,鄂尔多斯区,鄂尔多斯市核心商业区鄂尔多斯市华润万象城,New Balance 鄂尔多斯市华润万象城店,3层 L318,0477-7309531,10:00 - 22:00,39.6078,109.7626,https://www.newbalance.com.cn,"城市旗舰店,Grey Store,Made in USA,限量发售",true
New Balance,鄂尔多斯市华润万象汇,内蒙古自治区,鄂尔多斯市,鄂尔多斯区,鄂尔多斯市核心商业区鄂尔多斯市华润万象汇,New Balance 鄂尔多斯市华润万象汇店,2层 L2-16,0477-8952969,10:00 - 22:00,39.612,109.7998,https://www.newbalance.com.cn,"综合大店,跑步专营,跑鞋矩阵",true
New Balance,赤峰市万达广场,内蒙古自治区,赤峰市,赤峰区,赤峰市核心商业区赤峰市万达广场,New Balance 赤峰市万达广场旗舰店,2层 2F-18,0476-6073268,10:00 - 22:00,42.2529,118.9049,https://www.newbalance.com.cn,"综合专卖店,复古跑鞋,生活方式,NB Kids",true
New Balance,赤峰市华润万象城,内蒙古自治区,赤峰市,赤峰区,赤峰市核心商业区赤峰市华润万象城,New Balance 赤峰市华润万象城店,3层 L318,0476-7268751,10:00 - 22:00,42.2444,118.8787,https://www.newbalance.com.cn,"城市旗舰店,Grey Store,Made in USA,限量发售",true
New Balance,通辽市万达广场,内蒙古自治区,通辽市,通辽区,通辽市核心商业区通辽市万达广场,New Balance 通辽市万达广场旗舰店,2层 2F-18,0475-6588617,10:00 - 22:00,43.5986,122.2745,https://www.newbalance.com.cn,"综合专卖店,复古跑鞋,生活方式,NB Kids",true
New Balance,呼伦贝尔市万达广场,内蒙古自治区,呼伦贝尔市,呼伦贝尔区,呼伦贝尔市核心商业区呼伦贝尔市万达广场,New Balance 呼伦贝尔市万达广场旗舰店,2层 2F-18,0470-8732589,10:00 - 22:00,49.2285,119.7577,https://www.newbalance.com.cn,"综合专卖店,复古跑鞋,生活方式,NB Kids",true
New Balance,巴彦淖尔市万达广场,内蒙古自治区,巴彦淖尔市,巴彦淖尔区,巴彦淖尔市核心商业区巴彦淖尔市万达广场,New Balance 巴彦淖尔市万达广场旗舰店,2层 2F-18,0478-6225454,10:00 - 22:00,40.7578,107.384,https://www.newbalance.com.cn,"综合专卖店,复古跑鞋,生活方式,NB Kids",true
New Balance,乌兰察布市万达广场,内蒙古自治区,乌兰察布市,乌兰察布区,乌兰察布市核心商业区乌兰察布市万达广场,New Balance 乌兰察布市万达广场旗舰店,2层 2F-18,0474-8918147,10:00 - 22:00,41.007,113.1146,https://www.newbalance.com.cn,"综合专卖店,复古跑鞋,生活方式,NB Kids",true
New Balance,乌海市万达广场,内蒙古自治区,乌海市,乌海区,乌海市核心商业区乌海市万达广场,New Balance 乌海市万达广场旗舰店,2层 2F-18,0473-6447395,10:00 - 22:00,39.6748,106.8418,https://www.newbalance.com.cn,"综合专卖店,复古跑鞋,生活方式,NB Kids",true
New Balance,成都市万达广场,四川省,成都市,成都区,成都市核心商业区成都市万达广场,New Balance 成都市万达广场旗舰店,2层 2F-18,028-50235328,10:00 - 22:00,30.5547,104.08,https://www.newbalance.com.cn,"综合专卖店,复古跑鞋,生活方式,NB Kids",true
New Balance,成都市华润万象城,四川省,成都市,成都区,成都市核心商业区成都市华润万象城,New Balance 成都市华润万象城店,3层 L318,028-56193665,10:00 - 22:00,30.5551,104.0489,https://www.newbalance.com.cn,"城市旗舰店,Grey Store,Made in USA,限量发售",true
New Balance,成都市华润万象汇,四川省,成都市,成都区,成都市核心商业区成都市华润万象汇,New Balance 成都市华润万象汇店,2层 L2-16,028-63179678,10:00 - 22:00,30.563,104.0724,https://www.newbalance.com.cn,"综合大店,跑步专营,跑鞋矩阵",true
New Balance,成都市大悦城,四川省,成都市,成都区,成都市核心商业区成都市大悦城,New Balance 成都市大悦城店,4层 4F-12,028-77278319,10:00 - 22:00,30.5839,104.053,https://www.newbalance.com.cn,"NB 1906潮流店,青年时尚,复古慢跑",true
New Balance,成都市龙湖天街,四川省,成都市,成都区,成都市核心商业区成都市龙湖天街,New Balance 成都市龙湖天街店,2层 2F-15,028-80164651,10:00 - 22:00,30.5612,104.0728,https://www.newbalance.com.cn,"生活方式体验店,跑者驿站,亲子跑步",true
New Balance,成都市银泰百货,四川省,成都市,成都区,成都市核心商业区成都市银泰百货,New Balance 成都市银泰百货店,3层 运动馆308,028-69552721,10:00 - 22:00,30.5534,104.0832,https://www.newbalance.com.cn,"百货专柜,经典慢跑,复古鞋款",true
New Balance,成都市银泰城,四川省,成都市,成都区,成都市核心商业区成都市银泰城,New Balance 成都市银泰城店,2层 2F-20,028-77888386,10:00 - 22:00,30.5591,104.0487,https://www.newbalance.com.cn,"综合专卖店,全系列,跑步生活",true
New Balance,成都市吾悦广场,四川省,成都市,成都区,成都市核心商业区成都市吾悦广场,New Balance 成都市吾悦广场店,2层 2F-16,028-75023292,10:00 - 22:00,30.5895,104.0648,https://www.newbalance.com.cn,"综合体验店,生活方式,复古跑鞋",true
New Balance,成都市宝龙广场,四川省,成都市,成都区,成都市核心商业区成都市宝龙广场,New Balance 成都市宝龙广场店,2层 2F-12,028-54077321,10:00 - 22:00,30.5607,104.0747,https://www.newbalance.com.cn,"商圈专卖店,经典鞋款",true
New Balance,成都市苏宁广场,四川省,成都市,成都区,成都市核心商业区成都市苏宁广场,New Balance 成都市苏宁广场店,3层 308,028-57085118,10:00 - 22:00,30.5803,104.0783,https://www.newbalance.com.cn,"综合大店,全系列",true
New Balance,成都市印象城,四川省,成都市,成都区,成都市核心商业区成都市印象城,New Balance 成都市印象城店,2层 L2-08,028-51789458,10:00 - 22:00,30.5604,104.0611,https://www.newbalance.com.cn,"体验店,经典跑鞋",true
New Balance,成都市金鹰国际购物中心,四川省,成都市,成都区,成都市核心商业区成都市金鹰国际购物中心,New Balance 成都市金鹰国际购物中心店,4层 408,028-69225443,10:00 - 22:00,30.5534,104.0677,https://www.newbalance.com.cn,"精品专柜,英美产专区",true
New Balance,成都市王府井百货,四川省,成都市,成都区,成都市核心商业区成都市王府井百货,New Balance 成都市王府井百货店,3层 运动专区,028-82424123,10:00 - 22:00,30.5649,104.0767,https://www.newbalance.com.cn,"百货专柜,经典复古跑鞋",true
New Balance,成都市百联奥特莱斯,四川省,成都市,成都区,成都市核心商业区成都市百联奥特莱斯,New Balance 成都市百联奥特莱斯店,1层 A108,028-56766077,09:30 - 21:30,30.5785,104.0721,https://www.newbalance.com.cn,"奥特莱斯特惠,超大工厂店,折扣专享",true
New Balance,成都市砂之船奥特莱斯,四川省,成都市,成都区,成都市核心商业区成都市砂之船奥特莱斯,New Balance 成都市砂之船奥特莱斯店,1层 108,028-65724820,09:30 - 21:30,30.579,104.0635,https://www.newbalance.com.cn,"奥特莱斯超级工厂店,折扣专享",true
New Balance,成都市杉杉奥特莱斯,四川省,成都市,成都区,成都市核心商业区成都市杉杉奥特莱斯,New Balance 成都市杉杉奥特莱斯店,1层 A-16,028-78195088,09:30 - 21:30,30.5773,104.0491,https://www.newbalance.com.cn,"奥特莱斯名品折扣店,全系列",true
New Balance,成都市首创奥特莱斯,四川省,成都市,成都区,成都市核心商业区成都市首创奥特莱斯,New Balance 成都市首创奥特莱斯店,1层 1028,028-58282563,09:30 - 21:30,30.5649,104.0741,https://www.newbalance.com.cn,"奥特莱斯工厂特惠,全品类折扣",true
New Balance,成都市时代广场,四川省,成都市,成都区,成都市核心商业区成都市时代广场,New Balance 成都市时代广场店,2层 208,028-58422158,10:00 - 22:00,30.5694,104.0861,https://www.newbalance.com.cn,"商圈核心店,经典跑鞋",true
New Balance,成都市万象天地,四川省,成都市,成都区,成都市核心商业区成都市万象天地,New Balance 成都市万象天地店,1层 L1-18,028-89386967,10:00 - 22:00,30.5613,104.0589,https://www.newbalance.com.cn,"NB 1906潮流概念店,街区生活",true
New Balance,成都市恒隆广场,四川省,成都市,成都区,成都市核心商业区成都市恒隆广场,New Balance 成都市恒隆广场店,3层 308,028-79715512,10:00 - 22:00,30.56,104.0515,https://www.newbalance.com.cn,"精品专卖店,英美产,高端生活",true
New Balance,成都市万达广场,四川省,成都市,成都区,成都市核心商业区成都市万达广场,New Balance 成都市万达广场店,2层 2F-18,028-59356402,10:00 - 22:00,30.5599,104.051,https://www.newbalance.com.cn,"综合专卖店,复古跑鞋,生活方式,NB Kids",true
New Balance,成都市华润万象城,四川省,成都市,成都区,成都市核心商业区成都市华润万象城,New Balance 成都市华润万象城店,3层 L318,028-72761808,10:00 - 22:00,30.5556,104.0553,https://www.newbalance.com.cn,"城市旗舰店,Grey Store,Made in USA,限量发售",true
New Balance,成都市华润万象汇,四川省,成都市,成都区,成都市核心商业区成都市华润万象汇,New Balance 成都市华润万象汇店,2层 L2-16,028-66264430,10:00 - 22:00,30.5623,104.0536,https://www.newbalance.com.cn,"综合大店,跑步专营,跑鞋矩阵",true
New Balance,成都市大悦城,四川省,成都市,成都区,成都市核心商业区成都市大悦城,New Balance 成都市大悦城店,4层 4F-12,028-88582000,10:00 - 22:00,30.585,104.0476,https://www.newbalance.com.cn,"NB 1906潮流店,青年时尚,复古慢跑",true
New Balance,成都市龙湖天街,四川省,成都市,成都区,成都市核心商业区成都市龙湖天街,New Balance 成都市龙湖天街店,2层 2F-15,028-89958649,10:00 - 22:00,30.5581,104.0808,https://www.newbalance.com.cn,"生活方式体验店,跑者驿站,亲子跑步",true
New Balance,成都市银泰百货,四川省,成都市,成都区,成都市核心商业区成都市银泰百货,New Balance 成都市银泰百货店,3层 运动馆308,028-85893672,10:00 - 22:00,30.5536,104.0648,https://www.newbalance.com.cn,"百货专柜,经典慢跑,复古鞋款",true
New Balance,成都市银泰城,四川省,成都市,成都区,成都市核心商业区成都市银泰城,New Balance 成都市银泰城店,2层 2F-20,028-73023278,10:00 - 22:00,30.5743,104.0653,https://www.newbalance.com.cn,"综合专卖店,全系列,跑步生活",true
New Balance,成都市吾悦广场,四川省,成都市,成都区,成都市核心商业区成都市吾悦广场,New Balance 成都市吾悦广场店,2层 2F-16,028-56251072,10:00 - 22:00,30.5566,104.0763,https://www.newbalance.com.cn,"综合体验店,生活方式,复古跑鞋",true
New Balance,成都市宝龙广场,四川省,成都市,成都区,成都市核心商业区成都市宝龙广场,New Balance 成都市宝龙广场店,2层 2F-12,028-73638409,10:00 - 22:00,30.5695,104.0765,https://www.newbalance.com.cn,"商圈专卖店,经典鞋款",true
New Balance,成都市苏宁广场,四川省,成都市,成都区,成都市核心商业区成都市苏宁广场,New Balance 成都市苏宁广场店,3层 308,028-75936103,10:00 - 22:00,30.5564,104.0559,https://www.newbalance.com.cn,"综合大店,全系列",true
New Balance,成都市印象城,四川省,成都市,成都区,成都市核心商业区成都市印象城,New Balance 成都市印象城店,2层 L2-08,028-72212115,10:00 - 22:00,30.5869,104.0804,https://www.newbalance.com.cn,"体验店,经典跑鞋",true
New Balance,成都市金鹰国际购物中心,四川省,成都市,成都区,成都市核心商业区成都市金鹰国际购物中心,New Balance 成都市金鹰国际购物中心店,4层 408,028-55837106,10:00 - 22:00,30.5562,104.068,https://www.newbalance.com.cn,"精品专柜,英美产专区",true
New Balance,成都市王府井百货,四川省,成都市,成都区,成都市核心商业区成都市王府井百货,New Balance 成都市王府井百货店,3层 运动专区,028-88479649,10:00 - 22:00,30.5786,104.0515,https://www.newbalance.com.cn,"百货专柜,经典复古跑鞋",true
New Balance,成都市百联奥特莱斯,四川省,成都市,成都区,成都市核心商业区成都市百联奥特莱斯,New Balance 成都市百联奥特莱斯店,1层 A108,028-70322734,09:30 - 21:30,30.587,104.0764,https://www.newbalance.com.cn,"奥特莱斯特惠,超大工厂店,折扣专享",true
New Balance,成都市砂之船奥特莱斯,四川省,成都市,成都区,成都市核心商业区成都市砂之船奥特莱斯,New Balance 成都市砂之船奥特莱斯店,1层 108,028-73524462,09:30 - 21:30,30.5807,104.0853,https://www.newbalance.com.cn,"奥特莱斯超级工厂店,折扣专享",true
New Balance,绵阳市万达广场,四川省,绵阳市,绵阳区,绵阳市核心商业区绵阳市万达广场,New Balance 绵阳市万达广场旗舰店,2层 2F-18,0816-8693624,10:00 - 22:00,31.4745,104.6797,https://www.newbalance.com.cn,"综合专卖店,复古跑鞋,生活方式,NB Kids",true
New Balance,绵阳市华润万象城,四川省,绵阳市,绵阳区,绵阳市核心商业区绵阳市华润万象城,New Balance 绵阳市华润万象城店,3层 L318,0816-7422556,10:00 - 22:00,31.4541,104.6812,https://www.newbalance.com.cn,"城市旗舰店,Grey Store,Made in USA,限量发售",true
New Balance,绵阳市华润万象汇,四川省,绵阳市,绵阳区,绵阳市核心商业区绵阳市华润万象汇,New Balance 绵阳市华润万象汇店,2层 L2-16,0816-6943556,10:00 - 22:00,31.4837,104.6724,https://www.newbalance.com.cn,"综合大店,跑步专营,跑鞋矩阵",true
New Balance,绵阳市大悦城,四川省,绵阳市,绵阳区,绵阳市核心商业区绵阳市大悦城,New Balance 绵阳市大悦城店,4层 4F-12,0816-8492859,10:00 - 22:00,31.4871,104.6681,https://www.newbalance.com.cn,"NB 1906潮流店,青年时尚,复古慢跑",true
New Balance,绵阳市龙湖天街,四川省,绵阳市,绵阳区,绵阳市核心商业区绵阳市龙湖天街,New Balance 绵阳市龙湖天街店,2层 2F-15,0816-8887179,10:00 - 22:00,31.4509,104.6781,https://www.newbalance.com.cn,"生活方式体验店,跑者驿站,亲子跑步",true
New Balance,绵阳市银泰百货,四川省,绵阳市,绵阳区,绵阳市核心商业区绵阳市银泰百货,New Balance 绵阳市银泰百货店,3层 运动馆308,0816-8170142,10:00 - 22:00,31.4614,104.672,https://www.newbalance.com.cn,"百货专柜,经典慢跑,复古鞋款",true
New Balance,德阳市万达广场,四川省,德阳市,德阳区,德阳市核心商业区德阳市万达广场,New Balance 德阳市万达广场旗舰店,2层 2F-18,0838-7530361,10:00 - 22:00,31.1248,104.3953,https://www.newbalance.com.cn,"综合专卖店,复古跑鞋,生活方式,NB Kids",true
New Balance,德阳市华润万象城,四川省,德阳市,德阳区,德阳市核心商业区德阳市华润万象城,New Balance 德阳市华润万象城店,3层 L318,0838-7243542,10:00 - 22:00,31.1098,104.3801,https://www.newbalance.com.cn,"城市旗舰店,Grey Store,Made in USA,限量发售",true
New Balance,德阳市华润万象汇,四川省,德阳市,德阳区,德阳市核心商业区德阳市华润万象汇,New Balance 德阳市华润万象汇店,2层 L2-16,0838-7120571,10:00 - 22:00,31.1319,104.4165,https://www.newbalance.com.cn,"综合大店,跑步专营,跑鞋矩阵",true
New Balance,德阳市大悦城,四川省,德阳市,德阳区,德阳市核心商业区德阳市大悦城,New Balance 德阳市大悦城店,4层 4F-12,0838-7335447,10:00 - 22:00,31.1402,104.3952,https://www.newbalance.com.cn,"NB 1906潮流店,青年时尚,复古慢跑",true
New Balance,宜宾市万达广场,四川省,宜宾市,宜宾区,宜宾市核心商业区宜宾市万达广场,New Balance 宜宾市万达广场旗舰店,2层 2F-18,0831-8492972,10:00 - 22:00,28.7646,104.637,https://www.newbalance.com.cn,"综合专卖店,复古跑鞋,生活方式,NB Kids",true
New Balance,宜宾市华润万象城,四川省,宜宾市,宜宾区,宜宾市核心商业区宜宾市华润万象城,New Balance 宜宾市华润万象城店,3层 L318,0831-7644926,10:00 - 22:00,28.7657,104.6535,https://www.newbalance.com.cn,"城市旗舰店,Grey Store,Made in USA,限量发售",true
New Balance,宜宾市华润万象汇,四川省,宜宾市,宜宾区,宜宾市核心商业区宜宾市华润万象汇,New Balance 宜宾市华润万象汇店,2层 L2-16,0831-7150871,10:00 - 22:00,28.7388,104.6436,https://www.newbalance.com.cn,"综合大店,跑步专营,跑鞋矩阵",true
New Balance,宜宾市大悦城,四川省,宜宾市,宜宾区,宜宾市核心商业区宜宾市大悦城,New Balance 宜宾市大悦城店,4层 4F-12,0831-6047732,10:00 - 22:00,28.7442,104.6526,https://www.newbalance.com.cn,"NB 1906潮流店,青年时尚,复古慢跑",true
New Balance,南充市万达广场,四川省,南充市,南充区,南充市核心商业区南充市万达广场,New Balance 南充市万达广场旗舰店,2层 2F-18,0817-7431863,10:00 - 22:00,30.8328,106.1265,https://www.newbalance.com.cn,"综合专卖店,复古跑鞋,生活方式,NB Kids",true
New Balance,南充市华润万象城,四川省,南充市,南充区,南充市核心商业区南充市华润万象城,New Balance 南充市华润万象城店,3层 L318,0817-6547188,10:00 - 22:00,30.8503,106.1224,https://www.newbalance.com.cn,"城市旗舰店,Grey Store,Made in USA,限量发售",true
New Balance,南充市华润万象汇,四川省,南充市,南充区,南充市核心商业区南充市华润万象汇,New Balance 南充市华润万象汇店,2层 L2-16,0817-7378688,10:00 - 22:00,30.8492,106.1033,https://www.newbalance.com.cn,"综合大店,跑步专营,跑鞋矩阵",true
New Balance,南充市大悦城,四川省,南充市,南充区,南充市核心商业区南充市大悦城,New Balance 南充市大悦城店,4层 4F-12,0817-6317822,10:00 - 22:00,30.8561,106.1281,https://www.newbalance.com.cn,"NB 1906潮流店,青年时尚,复古慢跑",true
New Balance,泸州市万达广场,四川省,泸州市,泸州区,泸州市核心商业区泸州市万达广场,New Balance 泸州市万达广场旗舰店,2层 2F-18,0830-6866237,10:00 - 22:00,28.8577,105.4601,https://www.newbalance.com.cn,"综合专卖店,复古跑鞋,生活方式,NB Kids",true
New Balance,泸州市华润万象城,四川省,泸州市,泸州区,泸州市核心商业区泸州市华润万象城,New Balance 泸州市华润万象城店,3层 L318,0830-6363599,10:00 - 22:00,28.8645,105.4578,https://www.newbalance.com.cn,"城市旗舰店,Grey Store,Made in USA,限量发售",true
New Balance,泸州市华润万象汇,四川省,泸州市,泸州区,泸州市核心商业区泸州市华润万象汇,New Balance 泸州市华润万象汇店,2层 L2-16,0830-7932239,10:00 - 22:00,28.878,105.4591,https://www.newbalance.com.cn,"综合大店,跑步专营,跑鞋矩阵",true
New Balance,达州市万达广场,四川省,达州市,达州区,达州市核心商业区达州市万达广场,New Balance 达州市万达广场旗舰店,2层 2F-18,0818-6975714,10:00 - 22:00,31.2222,107.4719,https://www.newbalance.com.cn,"综合专卖店,复古跑鞋,生活方式,NB Kids",true
New Balance,达州市华润万象城,四川省,达州市,达州区,达州市核心商业区达州市华润万象城,New Balance 达州市华润万象城店,3层 L318,0818-8096452,10:00 - 22:00,31.1922,107.4709,https://www.newbalance.com.cn,"城市旗舰店,Grey Store,Made in USA,限量发售",true
New Balance,达州市华润万象汇,四川省,达州市,达州区,达州市核心商业区达州市华润万象汇,New Balance 达州市华润万象汇店,2层 L2-16,0818-7595386,10:00 - 22:00,31.2188,107.4744,https://www.newbalance.com.cn,"综合大店,跑步专营,跑鞋矩阵",true
New Balance,乐山市万达广场,四川省,乐山市,乐山区,乐山市核心商业区乐山市万达广场,New Balance 乐山市万达广场旗舰店,2层 2F-18,0833-8414411,10:00 - 22:00,29.5411,103.7714,https://www.newbalance.com.cn,"综合专卖店,复古跑鞋,生活方式,NB Kids",true
New Balance,乐山市华润万象城,四川省,乐山市,乐山区,乐山市核心商业区乐山市华润万象城,New Balance 乐山市华润万象城店,3层 L318,0833-7187715,10:00 - 22:00,29.553,103.7571,https://www.newbalance.com.cn,"城市旗舰店,Grey Store,Made in USA,限量发售",true
New Balance,乐山市华润万象汇,四川省,乐山市,乐山区,乐山市核心商业区乐山市华润万象汇,New Balance 乐山市华润万象汇店,2层 L2-16,0833-7637622,10:00 - 22:00,29.5579,103.7626,https://www.newbalance.com.cn,"综合大店,跑步专营,跑鞋矩阵",true
New Balance,自贡市万达广场,四川省,自贡市,自贡区,自贡市核心商业区自贡市万达广场,New Balance 自贡市万达广场旗舰店,2层 2F-18,0813-6667504,10:00 - 22:00,29.3336,104.763,https://www.newbalance.com.cn,"综合专卖店,复古跑鞋,生活方式,NB Kids",true
New Balance,自贡市华润万象城,四川省,自贡市,自贡区,自贡市核心商业区自贡市华润万象城,New Balance 自贡市华润万象城店,3层 L318,0813-6000549,10:00 - 22:00,29.3498,104.7614,https://www.newbalance.com.cn,"城市旗舰店,Grey Store,Made in USA,限量发售",true
New Balance,攀枝花市万达广场,四川省,攀枝花市,攀枝花区,攀枝花市核心商业区攀枝花市万达广场,New Balance 攀枝花市万达广场旗舰店,2层 2F-18,0812-7310879,10:00 - 22:00,26.5799,101.7072,https://www.newbalance.com.cn,"综合专卖店,复古跑鞋,生活方式,NB Kids",true
New Balance,攀枝花市华润万象城,四川省,攀枝花市,攀枝花区,攀枝花市核心商业区攀枝花市华润万象城,New Balance 攀枝花市华润万象城店,3层 L318,0812-8971346,10:00 - 22:00,26.5761,101.7285,https://www.newbalance.com.cn,"城市旗舰店,Grey Store,Made in USA,限量发售",true
New Balance,遂宁市万达广场,四川省,遂宁市,遂宁区,遂宁市核心商业区遂宁市万达广场,New Balance 遂宁市万达广场旗舰店,2层 2F-18,0825-8152408,10:00 - 22:00,30.5153,105.6035,https://www.newbalance.com.cn,"综合专卖店,复古跑鞋,生活方式,NB Kids",true
New Balance,遂宁市华润万象城,四川省,遂宁市,遂宁区,遂宁市核心商业区遂宁市华润万象城,New Balance 遂宁市华润万象城店,3层 L318,0825-8430851,10:00 - 22:00,30.5477,105.6031,https://www.newbalance.com.cn,"城市旗舰店,Grey Store,Made in USA,限量发售",true
New Balance,眉山市万达广场,四川省,眉山市,眉山区,眉山市核心商业区眉山市万达广场,New Balance 眉山市万达广场旗舰店,2层 2F-18,0833-6977747,10:00 - 22:00,30.0933,103.8481,https://www.newbalance.com.cn,"综合专卖店,复古跑鞋,生活方式,NB Kids",true
New Balance,眉山市华润万象城,四川省,眉山市,眉山区,眉山市核心商业区眉山市华润万象城,New Balance 眉山市华润万象城店,3层 L318,0833-6757515,10:00 - 22:00,30.0819,103.8663,https://www.newbalance.com.cn,"城市旗舰店,Grey Store,Made in USA,限量发售",true
New Balance,广安市万达广场,四川省,广安市,广安区,广安市核心商业区广安市万达广场,New Balance 广安市万达广场旗舰店,2层 2F-18,0826-8370871,10:00 - 22:00,30.4402,106.6135,https://www.newbalance.com.cn,"综合专卖店,复古跑鞋,生活方式,NB Kids",true
New Balance,广安市华润万象城,四川省,广安市,广安区,广安市核心商业区广安市华润万象城,New Balance 广安市华润万象城店,3层 L318,0826-6109110,10:00 - 22:00,30.4601,106.6267,https://www.newbalance.com.cn,"城市旗舰店,Grey Store,Made in USA,限量发售",true
New Balance,广元市万达广场,四川省,广元市,广元区,广元市核心商业区广元市万达广场,New Balance 广元市万达广场旗舰店,2层 2F-18,0839-7256775,10:00 - 22:00,32.4252,105.8553,https://www.newbalance.com.cn,"综合专卖店,复古跑鞋,生活方式,NB Kids",true
New Balance,内江市万达广场,四川省,内江市,内江区,内江市核心商业区内江市万达广场,New Balance 内江市万达广场旗舰店,2层 2F-18,0832-8673877,10:00 - 22:00,29.5775,105.0522,https://www.newbalance.com.cn,"综合专卖店,复古跑鞋,生活方式,NB Kids",true
New Balance,资阳市万达广场,四川省,资阳市,资阳区,资阳市核心商业区资阳市万达广场,New Balance 资阳市万达广场旗舰店,2层 2F-18,028-84734186,10:00 - 22:00,30.1206,104.6152,https://www.newbalance.com.cn,"综合专卖店,复古跑鞋,生活方式,NB Kids",true
New Balance,雅安市万达广场,四川省,雅安市,雅安区,雅安市核心商业区雅安市万达广场,New Balance 雅安市万达广场旗舰店,2层 2F-18,0835-8425570,10:00 - 22:00,29.9745,103.0362,https://www.newbalance.com.cn,"综合专卖店,复古跑鞋,生活方式,NB Kids",true
New Balance,巴中市万达广场,四川省,巴中市,巴中区,巴中市核心商业区巴中市万达广场,New Balance 巴中市万达广场旗舰店,2层 2F-18,0827-7339362,10:00 - 22:00,31.8595,106.7575,https://www.newbalance.com.cn,"综合专卖店,复古跑鞋,生活方式,NB Kids",true
New Balance,凉山彝族自治州万达广场,四川省,凉山彝族自治州,凉山彝族区,凉山彝族自治州核心商业区凉山彝族自治州万达广场,New Balance 凉山彝族自治州万达广场旗舰店,2层 2F-18,0834-6078516,10:00 - 22:00,27.897,102.2601,https://www.newbalance.com.cn,"综合专卖店,复古跑鞋,生活方式,NB Kids",true
New Balance,贵阳市万达广场,贵州省,贵阳市,贵阳区,贵阳市核心商业区贵阳市万达广场,New Balance 贵阳市万达广场旗舰店,2层 2F-18,0851-8305257,10:00 - 22:00,26.6418,106.639,https://www.newbalance.com.cn,"综合专卖店,复古跑鞋,生活方式,NB Kids",true
New Balance,贵阳市华润万象城,贵州省,贵阳市,贵阳区,贵阳市核心商业区贵阳市华润万象城,New Balance 贵阳市华润万象城店,3层 L318,0851-6850241,10:00 - 22:00,26.6623,106.6474,https://www.newbalance.com.cn,"城市旗舰店,Grey Store,Made in USA,限量发售",true
New Balance,贵阳市华润万象汇,贵州省,贵阳市,贵阳区,贵阳市核心商业区贵阳市华润万象汇,New Balance 贵阳市华润万象汇店,2层 L2-16,0851-8626947,10:00 - 22:00,26.639,106.6427,https://www.newbalance.com.cn,"综合大店,跑步专营,跑鞋矩阵",true
New Balance,贵阳市大悦城,贵州省,贵阳市,贵阳区,贵阳市核心商业区贵阳市大悦城,New Balance 贵阳市大悦城店,4层 4F-12,0851-6165948,10:00 - 22:00,26.6676,106.638,https://www.newbalance.com.cn,"NB 1906潮流店,青年时尚,复古慢跑",true
New Balance,贵阳市龙湖天街,贵州省,贵阳市,贵阳区,贵阳市核心商业区贵阳市龙湖天街,New Balance 贵阳市龙湖天街店,2层 2F-15,0851-7510852,10:00 - 22:00,26.6467,106.6416,https://www.newbalance.com.cn,"生活方式体验店,跑者驿站,亲子跑步",true
New Balance,贵阳市银泰百货,贵州省,贵阳市,贵阳区,贵阳市核心商业区贵阳市银泰百货,New Balance 贵阳市银泰百货店,3层 运动馆308,0851-7509886,10:00 - 22:00,26.6663,106.625,https://www.newbalance.com.cn,"百货专柜,经典慢跑,复古鞋款",true
New Balance,贵阳市银泰城,贵州省,贵阳市,贵阳区,贵阳市核心商业区贵阳市银泰城,New Balance 贵阳市银泰城店,2层 2F-20,0851-8218428,10:00 - 22:00,26.6656,106.6194,https://www.newbalance.com.cn,"综合专卖店,全系列,跑步生活",true
New Balance,贵阳市吾悦广场,贵州省,贵阳市,贵阳区,贵阳市核心商业区贵阳市吾悦广场,New Balance 贵阳市吾悦广场店,2层 2F-16,0851-8914290,10:00 - 22:00,26.6609,106.6187,https://www.newbalance.com.cn,"综合体验店,生活方式,复古跑鞋",true
New Balance,贵阳市宝龙广场,贵州省,贵阳市,贵阳区,贵阳市核心商业区贵阳市宝龙广场,New Balance 贵阳市宝龙广场店,2层 2F-12,0851-6407654,10:00 - 22:00,26.661,106.6414,https://www.newbalance.com.cn,"商圈专卖店,经典鞋款",true
New Balance,贵阳市苏宁广场,贵州省,贵阳市,贵阳区,贵阳市核心商业区贵阳市苏宁广场,New Balance 贵阳市苏宁广场店,3层 308,0851-6407677,10:00 - 22:00,26.6542,106.6181,https://www.newbalance.com.cn,"综合大店,全系列",true
New Balance,贵阳市印象城,贵州省,贵阳市,贵阳区,贵阳市核心商业区贵阳市印象城,New Balance 贵阳市印象城店,2层 L2-08,0851-7673442,10:00 - 22:00,26.6624,106.6144,https://www.newbalance.com.cn,"体验店,经典跑鞋",true
New Balance,贵阳市金鹰国际购物中心,贵州省,贵阳市,贵阳区,贵阳市核心商业区贵阳市金鹰国际购物中心,New Balance 贵阳市金鹰国际购物中心店,4层 408,0851-8542268,10:00 - 22:00,26.6506,106.6132,https://www.newbalance.com.cn,"精品专柜,英美产专区",true
New Balance,遵义市万达广场,贵州省,遵义市,遵义区,遵义市核心商业区遵义市万达广场,New Balance 遵义市万达广场旗舰店,2层 2F-18,0851-6264694,10:00 - 22:00,27.715,106.936,https://www.newbalance.com.cn,"综合专卖店,复古跑鞋,生活方式,NB Kids",true
New Balance,遵义市华润万象城,贵州省,遵义市,遵义区,遵义市核心商业区遵义市华润万象城,New Balance 遵义市华润万象城店,3层 L318,0851-7319189,10:00 - 22:00,27.732,106.924,https://www.newbalance.com.cn,"城市旗舰店,Grey Store,Made in USA,限量发售",true
New Balance,遵义市华润万象汇,贵州省,遵义市,遵义区,遵义市核心商业区遵义市华润万象汇,New Balance 遵义市华润万象汇店,2层 L2-16,0851-6494224,10:00 - 22:00,27.7198,106.9294,https://www.newbalance.com.cn,"综合大店,跑步专营,跑鞋矩阵",true
New Balance,遵义市大悦城,贵州省,遵义市,遵义区,遵义市核心商业区遵义市大悦城,New Balance 遵义市大悦城店,4层 4F-12,0851-6832770,10:00 - 22:00,27.7444,106.9131,https://www.newbalance.com.cn,"NB 1906潮流店,青年时尚,复古慢跑",true
New Balance,六盘水市万达广场,贵州省,六盘水市,六盘水区,六盘水市核心商业区六盘水市万达广场,New Balance 六盘水市万达广场旗舰店,2层 2F-18,0858-6890591,10:00 - 22:00,26.592,104.8477,https://www.newbalance.com.cn,"综合专卖店,复古跑鞋,生活方式,NB Kids",true
New Balance,六盘水市华润万象城,贵州省,六盘水市,六盘水区,六盘水市核心商业区六盘水市华润万象城,New Balance 六盘水市华润万象城店,3层 L318,0858-8822366,10:00 - 22:00,26.6078,104.8128,https://www.newbalance.com.cn,"城市旗舰店,Grey Store,Made in USA,限量发售",true
New Balance,毕节市万达广场,贵州省,毕节市,毕节区,毕节市核心商业区毕节市万达广场,New Balance 毕节市万达广场旗舰店,2层 2F-18,0857-7948847,10:00 - 22:00,27.3204,105.2915,https://www.newbalance.com.cn,"综合专卖店,复古跑鞋,生活方式,NB Kids",true
New Balance,安顺市万达广场,贵州省,安顺市,安顺区,安顺市核心商业区安顺市万达广场,New Balance 安顺市万达广场旗舰店,2层 2F-18,0851-8349634,10:00 - 22:00,26.2667,105.9557,https://www.newbalance.com.cn,"综合专卖店,复古跑鞋,生活方式,NB Kids",true
New Balance,铜仁市万达广场,贵州省,铜仁市,铜仁区,铜仁市核心商业区铜仁市万达广场,New Balance 铜仁市万达广场旗舰店,2层 2F-18,0856-8213265,10:00 - 22:00,27.7211,109.1784,https://www.newbalance.com.cn,"综合专卖店,复古跑鞋,生活方式,NB Kids",true
New Balance,黔东南苗族侗族自治州万达广场,贵州省,黔东南苗族侗族自治州,黔东南苗族侗族区,黔东南苗族侗族自治州核心商业区黔东南苗族侗族自治州万达广场,New Balance 黔东南苗族侗族自治州万达广场旗舰店,2层 2F-18,0855-6220888,10:00 - 22:00,26.5769,107.9904,https://www.newbalance.com.cn,"综合专卖店,复古跑鞋,生活方式,NB Kids",true
New Balance,黔南布依族苗族自治州万达广场,贵州省,黔南布依族苗族自治州,黔南布依族苗族区,黔南布依族苗族自治州核心商业区黔南布依族苗族自治州万达广场,New Balance 黔南布依族苗族自治州万达广场旗舰店,2层 2F-18,0854-7153377,10:00 - 22:00,26.2717,107.5163,https://www.newbalance.com.cn,"综合专卖店,复古跑鞋,生活方式,NB Kids",true
New Balance,昆明市万达广场,云南省,昆明市,昆明区,昆明市核心商业区昆明市万达广场,New Balance 昆明市万达广场旗舰店,2层 2F-18,0871-8818791,10:00 - 22:00,25.0284,102.6982,https://www.newbalance.com.cn,"综合专卖店,复古跑鞋,生活方式,NB Kids",true
New Balance,昆明市华润万象城,云南省,昆明市,昆明区,昆明市核心商业区昆明市华润万象城,New Balance 昆明市华润万象城店,3层 L318,0871-8831367,10:00 - 22:00,25.0437,102.6999,https://www.newbalance.com.cn,"城市旗舰店,Grey Store,Made in USA,限量发售",true
New Balance,昆明市华润万象汇,云南省,昆明市,昆明区,昆明市核心商业区昆明市华润万象汇,New Balance 昆明市华润万象汇店,2层 L2-16,0871-7030904,10:00 - 22:00,25.0283,102.7092,https://www.newbalance.com.cn,"综合大店,跑步专营,跑鞋矩阵",true
New Balance,昆明市大悦城,云南省,昆明市,昆明区,昆明市核心商业区昆明市大悦城,New Balance 昆明市大悦城店,4层 4F-12,0871-8451277,10:00 - 22:00,25.0415,102.709,https://www.newbalance.com.cn,"NB 1906潮流店,青年时尚,复古慢跑",true
New Balance,昆明市龙湖天街,云南省,昆明市,昆明区,昆明市核心商业区昆明市龙湖天街,New Balance 昆明市龙湖天街店,2层 2F-15,0871-6575295,10:00 - 22:00,25.0479,102.711,https://www.newbalance.com.cn,"生活方式体验店,跑者驿站,亲子跑步",true
New Balance,昆明市银泰百货,云南省,昆明市,昆明区,昆明市核心商业区昆明市银泰百货,New Balance 昆明市银泰百货店,3层 运动馆308,0871-6142867,10:00 - 22:00,25.0432,102.6988,https://www.newbalance.com.cn,"百货专柜,经典慢跑,复古鞋款",true
New Balance,昆明市银泰城,云南省,昆明市,昆明区,昆明市核心商业区昆明市银泰城,New Balance 昆明市银泰城店,2层 2F-20,0871-8671194,10:00 - 22:00,25.0387,102.6926,https://www.newbalance.com.cn,"综合专卖店,全系列,跑步生活",true
New Balance,昆明市吾悦广场,云南省,昆明市,昆明区,昆明市核心商业区昆明市吾悦广场,New Balance 昆明市吾悦广场店,2层 2F-16,0871-7737650,10:00 - 22:00,25.0491,102.7003,https://www.newbalance.com.cn,"综合体验店,生活方式,复古跑鞋",true
New Balance,昆明市宝龙广场,云南省,昆明市,昆明区,昆明市核心商业区昆明市宝龙广场,New Balance 昆明市宝龙广场店,2层 2F-12,0871-6514431,10:00 - 22:00,25.0376,102.6988,https://www.newbalance.com.cn,"商圈专卖店,经典鞋款",true
New Balance,昆明市苏宁广场,云南省,昆明市,昆明区,昆明市核心商业区昆明市苏宁广场,New Balance 昆明市苏宁广场店,3层 308,0871-8998263,10:00 - 22:00,25.0231,102.7043,https://www.newbalance.com.cn,"综合大店,全系列",true
New Balance,昆明市印象城,云南省,昆明市,昆明区,昆明市核心商业区昆明市印象城,New Balance 昆明市印象城店,2层 L2-08,0871-7369977,10:00 - 22:00,25.0399,102.7259,https://www.newbalance.com.cn,"体验店,经典跑鞋",true
New Balance,昆明市金鹰国际购物中心,云南省,昆明市,昆明区,昆明市核心商业区昆明市金鹰国际购物中心,New Balance 昆明市金鹰国际购物中心店,4层 408,0871-8218675,10:00 - 22:00,25.0345,102.7042,https://www.newbalance.com.cn,"精品专柜,英美产专区",true
New Balance,昆明市王府井百货,云南省,昆明市,昆明区,昆明市核心商业区昆明市王府井百货,New Balance 昆明市王府井百货店,3层 运动专区,0871-8691694,10:00 - 22:00,25.0602,102.7148,https://www.newbalance.com.cn,"百货专柜,经典复古跑鞋",true
New Balance,昆明市百联奥特莱斯,云南省,昆明市,昆明区,昆明市核心商业区昆明市百联奥特莱斯,New Balance 昆明市百联奥特莱斯店,1层 A108,0871-7830291,09:30 - 21:30,25.0225,102.7098,https://www.newbalance.com.cn,"奥特莱斯特惠,超大工厂店,折扣专享",true
New Balance,大理白族自治州万达广场,云南省,大理白族自治州,大理白族区,大理白族自治州核心商业区大理白族自治州万达广场,New Balance 大理白族自治州万达广场旗舰店,2层 2F-18,0872-8334310,10:00 - 22:00,25.6156,100.2558,https://www.newbalance.com.cn,"综合专卖店,复古跑鞋,生活方式,NB Kids",true
New Balance,大理白族自治州华润万象城,云南省,大理白族自治州,大理白族区,大理白族自治州核心商业区大理白族自治州华润万象城,New Balance 大理白族自治州华润万象城店,3层 L318,0872-6628740,10:00 - 22:00,25.6059,100.2478,https://www.newbalance.com.cn,"城市旗舰店,Grey Store,Made in USA,限量发售",true
New Balance,大理白族自治州华润万象汇,云南省,大理白族自治州,大理白族区,大理白族自治州核心商业区大理白族自治州华润万象汇,New Balance 大理白族自治州华润万象汇店,2层 L2-16,0872-6785312,10:00 - 22:00,25.6208,100.2572,https://www.newbalance.com.cn,"综合大店,跑步专营,跑鞋矩阵",true
New Balance,丽江市万达广场,云南省,丽江市,丽江区,丽江市核心商业区丽江市万达广场,New Balance 丽江市万达广场旗舰店,2层 2F-18,0888-7364278,10:00 - 22:00,26.8617,100.242,https://www.newbalance.com.cn,"综合专卖店,复古跑鞋,生活方式,NB Kids",true
New Balance,丽江市华润万象城,云南省,丽江市,丽江区,丽江市核心商业区丽江市华润万象城,New Balance 丽江市华润万象城店,3层 L318,0888-8254992,10:00 - 22:00,26.865,100.2222,https://www.newbalance.com.cn,"城市旗舰店,Grey Store,Made in USA,限量发售",true
New Balance,曲靖市万达广场,云南省,曲靖市,曲靖区,曲靖市核心商业区曲靖市万达广场,New Balance 曲靖市万达广场旗舰店,2层 2F-18,0874-6126677,10:00 - 22:00,25.4983,103.7855,https://www.newbalance.com.cn,"综合专卖店,复古跑鞋,生活方式,NB Kids",true
New Balance,曲靖市华润万象城,云南省,曲靖市,曲靖区,曲靖市核心商业区曲靖市华润万象城,New Balance 曲靖市华润万象城店,3层 L318,0874-6959756,10:00 - 22:00,25.4722,103.7991,https://www.newbalance.com.cn,"城市旗舰店,Grey Store,Made in USA,限量发售",true
New Balance,玉溪市万达广场,云南省,玉溪市,玉溪区,玉溪市核心商业区玉溪市万达广场,New Balance 玉溪市万达广场旗舰店,2层 2F-18,0877-8860638,10:00 - 22:00,24.34,102.5512,https://www.newbalance.com.cn,"综合专卖店,复古跑鞋,生活方式,NB Kids",true
New Balance,保山市万达广场,云南省,保山市,保山区,保山市核心商业区保山市万达广场,New Balance 保山市万达广场旗舰店,2层 2F-18,0875-7388590,10:00 - 22:00,25.1136,100.1331,https://www.newbalance.com.cn,"综合专卖店,复古跑鞋,生活方式,NB Kids",true
New Balance,昭通市万达广场,云南省,昭通市,昭通区,昭通市核心商业区昭通市万达广场,New Balance 昭通市万达广场旗舰店,2层 2F-18,0870-8828281,10:00 - 22:00,27.3347,103.7035,https://www.newbalance.com.cn,"综合专卖店,复古跑鞋,生活方式,NB Kids",true
New Balance,普洱市万达广场,云南省,普洱市,普洱区,普洱市核心商业区普洱市万达广场,New Balance 普洱市万达广场旗舰店,2层 2F-18,0879-8232785,10:00 - 22:00,22.78,100.9832,https://www.newbalance.com.cn,"综合专卖店,复古跑鞋,生活方式,NB Kids",true
New Balance,楚雄彝族自治州万达广场,云南省,楚雄彝族自治州,楚雄彝族区,楚雄彝族自治州核心商业区楚雄彝族自治州万达广场,New Balance 楚雄彝族自治州万达广场旗舰店,2层 2F-18,0878-8699863,10:00 - 22:00,25.0429,101.5569,https://www.newbalance.com.cn,"综合专卖店,复古跑鞋,生活方式,NB Kids",true
New Balance,红河哈尼族彝族自治州万达广场,云南省,红河哈尼族彝族自治州,红河哈尼族彝族区,红河哈尼族彝族自治州核心商业区红河哈尼族彝族自治州万达广场,New Balance 红河哈尼族彝族自治州万达广场旗舰店,2层 2F-18,0873-6003757,10:00 - 22:00,23.3527,103.3802,https://www.newbalance.com.cn,"综合专卖店,复古跑鞋,生活方式,NB Kids",true
New Balance,西双版纳傣族自治州万达广场,云南省,西双版纳傣族自治州,西双版纳傣族区,西双版纳傣族自治州核心商业区西双版纳傣族自治州万达广场,New Balance 西双版纳傣族自治州万达广场旗舰店,2层 2F-18,0869-8637305,10:00 - 22:00,22.0251,100.8106,https://www.newbalance.com.cn,"综合专卖店,复古跑鞋,生活方式,NB Kids",true
New Balance,迪庆藏族自治州万达广场,云南省,迪庆藏族自治州,迪庆藏族区,迪庆藏族自治州核心商业区迪庆藏族自治州万达广场,New Balance 迪庆藏族自治州万达广场旗舰店,2层 2F-18,0887-6900575,10:00 - 22:00,27.8196,99.6911,https://www.newbalance.com.cn,"综合专卖店,复古跑鞋,生活方式,NB Kids",true
New Balance,拉萨市万达广场,西藏自治区,拉萨市,拉萨区,拉萨市核心商业区拉萨市万达广场,New Balance 拉萨市万达广场旗舰店,2层 2F-18,0891-7311564,10:00 - 22:00,29.6509,91.1572,https://www.newbalance.com.cn,"综合专卖店,复古跑鞋,生活方式,NB Kids",true
New Balance,拉萨市华润万象城,西藏自治区,拉萨市,拉萨区,拉萨市核心商业区拉萨市华润万象城,New Balance 拉萨市华润万象城店,3层 L318,0891-8478442,10:00 - 22:00,29.6327,91.1765,https://www.newbalance.com.cn,"城市旗舰店,Grey Store,Made in USA,限量发售",true
New Balance,拉萨市华润万象汇,西藏自治区,拉萨市,拉萨区,拉萨市核心商业区拉萨市华润万象汇,New Balance 拉萨市华润万象汇店,2层 L2-16,0891-7763245,10:00 - 22:00,29.6536,91.1748,https://www.newbalance.com.cn,"综合大店,跑步专营,跑鞋矩阵",true
New Balance,日喀则市万达广场,西藏自治区,日喀则市,日喀则区,日喀则市核心商业区日喀则市万达广场,New Balance 日喀则市万达广场旗舰店,2层 2F-18,0892-8322121,10:00 - 22:00,29.2585,88.8937,https://www.newbalance.com.cn,"综合专卖店,复古跑鞋,生活方式,NB Kids",true
New Balance,西安市万达广场,陕西省,西安市,西安区,西安市核心商业区西安市万达广场,New Balance 西安市万达广场旗舰店,2层 2F-18,029-54809822,10:00 - 22:00,34.3388,108.9316,https://www.newbalance.com.cn,"综合专卖店,复古跑鞋,生活方式,NB Kids",true
New Balance,西安市华润万象城,陕西省,西安市,西安区,西安市核心商业区西安市华润万象城,New Balance 西安市华润万象城店,3层 L318,029-81861496,10:00 - 22:00,34.3569,108.9371,https://www.newbalance.com.cn,"城市旗舰店,Grey Store,Made in USA,限量发售",true
New Balance,西安市华润万象汇,陕西省,西安市,西安区,西安市核心商业区西安市华润万象汇,New Balance 西安市华润万象汇店,2层 L2-16,029-82404719,10:00 - 22:00,34.3527,108.9307,https://www.newbalance.com.cn,"综合大店,跑步专营,跑鞋矩阵",true
New Balance,西安市大悦城,陕西省,西安市,西安区,西安市核心商业区西安市大悦城,New Balance 西安市大悦城店,4层 4F-12,029-82068384,10:00 - 22:00,34.3464,108.9441,https://www.newbalance.com.cn,"NB 1906潮流店,青年时尚,复古慢跑",true
New Balance,西安市龙湖天街,陕西省,西安市,西安区,西安市核心商业区西安市龙湖天街,New Balance 西安市龙湖天街店,2层 2F-15,029-88662958,10:00 - 22:00,34.3223,108.9493,https://www.newbalance.com.cn,"生活方式体验店,跑者驿站,亲子跑步",true
New Balance,西安市银泰百货,陕西省,西安市,西安区,西安市核心商业区西安市银泰百货,New Balance 西安市银泰百货店,3层 运动馆308,029-56276474,10:00 - 22:00,34.3242,108.9304,https://www.newbalance.com.cn,"百货专柜,经典慢跑,复古鞋款",true
New Balance,西安市银泰城,陕西省,西安市,西安区,西安市核心商业区西安市银泰城,New Balance 西安市银泰城店,2层 2F-20,029-83721326,10:00 - 22:00,34.3397,108.9517,https://www.newbalance.com.cn,"综合专卖店,全系列,跑步生活",true
New Balance,西安市吾悦广场,陕西省,西安市,西安区,西安市核心商业区西安市吾悦广场,New Balance 西安市吾悦广场店,2层 2F-16,029-80108882,10:00 - 22:00,34.3254,108.9491,https://www.newbalance.com.cn,"综合体验店,生活方式,复古跑鞋",true
New Balance,西安市宝龙广场,陕西省,西安市,西安区,西安市核心商业区西安市宝龙广场,New Balance 西安市宝龙广场店,2层 2F-12,029-67306113,10:00 - 22:00,34.3555,108.9562,https://www.newbalance.com.cn,"商圈专卖店,经典鞋款",true
New Balance,西安市苏宁广场,陕西省,西安市,西安区,西安市核心商业区西安市苏宁广场,New Balance 西安市苏宁广场店,3层 308,029-68251314,10:00 - 22:00,34.3478,108.9431,https://www.newbalance.com.cn,"综合大店,全系列",true
New Balance,西安市印象城,陕西省,西安市,西安区,西安市核心商业区西安市印象城,New Balance 西安市印象城店,2层 L2-08,029-80452539,10:00 - 22:00,34.3615,108.9314,https://www.newbalance.com.cn,"体验店,经典跑鞋",true
New Balance,西安市金鹰国际购物中心,陕西省,西安市,西安区,西安市核心商业区西安市金鹰国际购物中心,New Balance 西安市金鹰国际购物中心店,4层 408,029-80977997,10:00 - 22:00,34.3359,108.9286,https://www.newbalance.com.cn,"精品专柜,英美产专区",true
New Balance,西安市王府井百货,陕西省,西安市,西安区,西安市核心商业区西安市王府井百货,New Balance 西安市王府井百货店,3层 运动专区,029-77539473,10:00 - 22:00,34.3476,108.9467,https://www.newbalance.com.cn,"百货专柜,经典复古跑鞋",true
New Balance,西安市百联奥特莱斯,陕西省,西安市,西安区,西安市核心商业区西安市百联奥特莱斯,New Balance 西安市百联奥特莱斯店,1层 A108,029-67725547,09:30 - 21:30,34.3374,108.9253,https://www.newbalance.com.cn,"奥特莱斯特惠,超大工厂店,折扣专享",true
New Balance,西安市砂之船奥特莱斯,陕西省,西安市,西安区,西安市核心商业区西安市砂之船奥特莱斯,New Balance 西安市砂之船奥特莱斯店,1层 108,029-84582927,09:30 - 21:30,34.3474,108.9475,https://www.newbalance.com.cn,"奥特莱斯超级工厂店,折扣专享",true
New Balance,西安市杉杉奥特莱斯,陕西省,西安市,西安区,西安市核心商业区西安市杉杉奥特莱斯,New Balance 西安市杉杉奥特莱斯店,1层 A-16,029-89804056,09:30 - 21:30,34.3369,108.9593,https://www.newbalance.com.cn,"奥特莱斯名品折扣店,全系列",true
New Balance,西安市首创奥特莱斯,陕西省,西安市,西安区,西安市核心商业区西安市首创奥特莱斯,New Balance 西安市首创奥特莱斯店,1层 1028,029-79068460,09:30 - 21:30,34.3279,108.949,https://www.newbalance.com.cn,"奥特莱斯工厂特惠,全品类折扣",true
New Balance,西安市时代广场,陕西省,西安市,西安区,西安市核心商业区西安市时代广场,New Balance 西安市时代广场店,2层 208,029-88306003,10:00 - 22:00,34.3278,108.9329,https://www.newbalance.com.cn,"商圈核心店,经典跑鞋",true
New Balance,西安市万象天地,陕西省,西安市,西安区,西安市核心商业区西安市万象天地,New Balance 西安市万象天地店,1层 L1-18,029-57757464,10:00 - 22:00,34.3466,108.9241,https://www.newbalance.com.cn,"NB 1906潮流概念店,街区生活",true
New Balance,西安市恒隆广场,陕西省,西安市,西安区,西安市核心商业区西安市恒隆广场,New Balance 西安市恒隆广场店,3层 308,029-57638809,10:00 - 22:00,34.3556,108.9425,https://www.newbalance.com.cn,"精品专卖店,英美产,高端生活",true
New Balance,西安市万达广场,陕西省,西安市,西安区,西安市核心商业区西安市万达广场,New Balance 西安市万达广场店,2层 2F-18,029-71051873,10:00 - 22:00,34.3259,108.9456,https://www.newbalance.com.cn,"综合专卖店,复古跑鞋,生活方式,NB Kids",true
New Balance,西安市华润万象城,陕西省,西安市,西安区,西安市核心商业区西安市华润万象城,New Balance 西安市华润万象城店,3层 L318,029-63239269,10:00 - 22:00,34.3446,108.9589,https://www.newbalance.com.cn,"城市旗舰店,Grey Store,Made in USA,限量发售",true
New Balance,西安市华润万象汇,陕西省,西安市,西安区,西安市核心商业区西安市华润万象汇,New Balance 西安市华润万象汇店,2层 L2-16,029-64554658,10:00 - 22:00,34.3496,108.9241,https://www.newbalance.com.cn,"综合大店,跑步专营,跑鞋矩阵",true
New Balance,西安市大悦城,陕西省,西安市,西安区,西安市核心商业区西安市大悦城,New Balance 西安市大悦城店,4层 4F-12,029-89559917,10:00 - 22:00,34.3453,108.9363,https://www.newbalance.com.cn,"NB 1906潮流店,青年时尚,复古慢跑",true
New Balance,西安市龙湖天街,陕西省,西安市,西安区,西安市核心商业区西安市龙湖天街,New Balance 西安市龙湖天街店,2层 2F-15,029-69634659,10:00 - 22:00,34.3562,108.9585,https://www.newbalance.com.cn,"生活方式体验店,跑者驿站,亲子跑步",true
New Balance,西安市银泰百货,陕西省,西安市,西安区,西安市核心商业区西安市银泰百货,New Balance 西安市银泰百货店,3层 运动馆308,029-82843128,10:00 - 22:00,34.3513,108.9414,https://www.newbalance.com.cn,"百货专柜,经典慢跑,复古鞋款",true
New Balance,咸阳市万达广场,陕西省,咸阳市,咸阳区,咸阳市核心商业区咸阳市万达广场,New Balance 咸阳市万达广场旗舰店,2层 2F-18,029-70658700,10:00 - 22:00,34.3235,108.7229,https://www.newbalance.com.cn,"综合专卖店,复古跑鞋,生活方式,NB Kids",true
New Balance,咸阳市华润万象城,陕西省,咸阳市,咸阳区,咸阳市核心商业区咸阳市华润万象城,New Balance 咸阳市华润万象城店,3层 L318,029-82646698,10:00 - 22:00,34.3427,108.6981,https://www.newbalance.com.cn,"城市旗舰店,Grey Store,Made in USA,限量发售",true
New Balance,咸阳市华润万象汇,陕西省,咸阳市,咸阳区,咸阳市核心商业区咸阳市华润万象汇,New Balance 咸阳市华润万象汇店,2层 L2-16,029-89801277,10:00 - 22:00,34.3406,108.7073,https://www.newbalance.com.cn,"综合大店,跑步专营,跑鞋矩阵",true
New Balance,咸阳市大悦城,陕西省,咸阳市,咸阳区,咸阳市核心商业区咸阳市大悦城,New Balance 咸阳市大悦城店,4层 4F-12,029-75605086,10:00 - 22:00,34.3273,108.721,https://www.newbalance.com.cn,"NB 1906潮流店,青年时尚,复古慢跑",true
New Balance,宝鸡市万达广场,陕西省,宝鸡市,宝鸡区,宝鸡市核心商业区宝鸡市万达广场,New Balance 宝鸡市万达广场旗舰店,2层 2F-18,0917-8030393,10:00 - 22:00,34.3617,107.2268,https://www.newbalance.com.cn,"综合专卖店,复古跑鞋,生活方式,NB Kids",true
New Balance,宝鸡市华润万象城,陕西省,宝鸡市,宝鸡区,宝鸡市核心商业区宝鸡市华润万象城,New Balance 宝鸡市华润万象城店,3层 L318,0917-8056499,10:00 - 22:00,34.3453,107.2432,https://www.newbalance.com.cn,"城市旗舰店,Grey Store,Made in USA,限量发售",true
New Balance,宝鸡市华润万象汇,陕西省,宝鸡市,宝鸡区,宝鸡市核心商业区宝鸡市华润万象汇,New Balance 宝鸡市华润万象汇店,2层 L2-16,0917-8095880,10:00 - 22:00,34.3801,107.2421,https://www.newbalance.com.cn,"综合大店,跑步专营,跑鞋矩阵",true
New Balance,榆林市万达广场,陕西省,榆林市,榆林区,榆林市核心商业区榆林市万达广场,New Balance 榆林市万达广场旗舰店,2层 2F-18,0912-8408258,10:00 - 22:00,38.3014,109.7279,https://www.newbalance.com.cn,"综合专卖店,复古跑鞋,生活方式,NB Kids",true
New Balance,榆林市华润万象城,陕西省,榆林市,榆林区,榆林市核心商业区榆林市华润万象城,New Balance 榆林市华润万象城店,3层 L318,0912-6431304,10:00 - 22:00,38.2963,109.733,https://www.newbalance.com.cn,"城市旗舰店,Grey Store,Made in USA,限量发售",true
New Balance,榆林市华润万象汇,陕西省,榆林市,榆林区,榆林市核心商业区榆林市华润万象汇,New Balance 榆林市华润万象汇店,2层 L2-16,0912-7258511,10:00 - 22:00,38.2964,109.7277,https://www.newbalance.com.cn,"综合大店,跑步专营,跑鞋矩阵",true
New Balance,渭南市万达广场,陕西省,渭南市,渭南区,渭南市核心商业区渭南市万达广场,New Balance 渭南市万达广场旗舰店,2层 2F-18,0913-7447234,10:00 - 22:00,34.4885,109.5111,https://www.newbalance.com.cn,"综合专卖店,复古跑鞋,生活方式,NB Kids",true
New Balance,渭南市华润万象城,陕西省,渭南市,渭南区,渭南市核心商业区渭南市华润万象城,New Balance 渭南市华润万象城店,3层 L318,0913-6881309,10:00 - 22:00,34.5107,109.4936,https://www.newbalance.com.cn,"城市旗舰店,Grey Store,Made in USA,限量发售",true
New Balance,延安市万达广场,陕西省,延安市,延安区,延安市核心商业区延安市万达广场,New Balance 延安市万达广场旗舰店,2层 2F-18,0911-8824307,10:00 - 22:00,36.5855,109.4968,https://www.newbalance.com.cn,"综合专卖店,复古跑鞋,生活方式,NB Kids",true
New Balance,延安市华润万象城,陕西省,延安市,延安区,延安市核心商业区延安市华润万象城,New Balance 延安市华润万象城店,3层 L318,0911-6322401,10:00 - 22:00,36.5836,109.4805,https://www.newbalance.com.cn,"城市旗舰店,Grey Store,Made in USA,限量发售",true
New Balance,汉中市万达广场,陕西省,汉中市,汉中区,汉中市核心商业区汉中市万达广场,New Balance 汉中市万达广场旗舰店,2层 2F-18,0916-8427482,10:00 - 22:00,33.0594,107.0424,https://www.newbalance.com.cn,"综合专卖店,复古跑鞋,生活方式,NB Kids",true
New Balance,汉中市华润万象城,陕西省,汉中市,汉中区,汉中市核心商业区汉中市华润万象城,New Balance 汉中市华润万象城店,3层 L318,0916-6043225,10:00 - 22:00,33.0669,107.015,https://www.newbalance.com.cn,"城市旗舰店,Grey Store,Made in USA,限量发售",true
New Balance,安康市万达广场,陕西省,安康市,安康区,安康市核心商业区安康市万达广场,New Balance 安康市万达广场旗舰店,2层 2F-18,0915-8927912,10:00 - 22:00,32.6716,109.0263,https://www.newbalance.com.cn,"综合专卖店,复古跑鞋,生活方式,NB Kids",true
New Balance,商洛市万达广场,陕西省,商洛市,商洛区,商洛市核心商业区商洛市万达广场,New Balance 商洛市万达广场旗舰店,2层 2F-18,0914-6414780,10:00 - 22:00,33.857,109.9441,https://www.newbalance.com.cn,"综合专卖店,复古跑鞋,生活方式,NB Kids",true
New Balance,铜川市万达广场,陕西省,铜川市,铜川区,铜川市核心商业区铜川市万达广场,New Balance 铜川市万达广场旗舰店,2层 2F-18,0919-8413865,10:00 - 22:00,34.8932,108.9545,https://www.newbalance.com.cn,"综合专卖店,复古跑鞋,生活方式,NB Kids",true
New Balance,兰州市万达广场,甘肃省,兰州市,兰州区,兰州市核心商业区兰州市万达广场,New Balance 兰州市万达广场旗舰店,2层 2F-18,0931-7544155,10:00 - 22:00,36.055,103.8499,https://www.newbalance.com.cn,"综合专卖店,复古跑鞋,生活方式,NB Kids",true
New Balance,兰州市华润万象城,甘肃省,兰州市,兰州区,兰州市核心商业区兰州市华润万象城,New Balance 兰州市华润万象城店,3层 L318,0931-8490980,10:00 - 22:00,36.0566,103.8316,https://www.newbalance.com.cn,"城市旗舰店,Grey Store,Made in USA,限量发售",true
New Balance,兰州市华润万象汇,甘肃省,兰州市,兰州区,兰州市核心商业区兰州市华润万象汇,New Balance 兰州市华润万象汇店,2层 L2-16,0931-7056383,10:00 - 22:00,36.0611,103.842,https://www.newbalance.com.cn,"综合大店,跑步专营,跑鞋矩阵",true
New Balance,兰州市大悦城,甘肃省,兰州市,兰州区,兰州市核心商业区兰州市大悦城,New Balance 兰州市大悦城店,4层 4F-12,0931-8272145,10:00 - 22:00,36.0548,103.8511,https://www.newbalance.com.cn,"NB 1906潮流店,青年时尚,复古慢跑",true
New Balance,兰州市龙湖天街,甘肃省,兰州市,兰州区,兰州市核心商业区兰州市龙湖天街,New Balance 兰州市龙湖天街店,2层 2F-15,0931-8259389,10:00 - 22:00,36.0548,103.8372,https://www.newbalance.com.cn,"生活方式体验店,跑者驿站,亲子跑步",true
New Balance,兰州市银泰百货,甘肃省,兰州市,兰州区,兰州市核心商业区兰州市银泰百货,New Balance 兰州市银泰百货店,3层 运动馆308,0931-6933902,10:00 - 22:00,36.048,103.8458,https://www.newbalance.com.cn,"百货专柜,经典慢跑,复古鞋款",true
New Balance,兰州市银泰城,甘肃省,兰州市,兰州区,兰州市核心商业区兰州市银泰城,New Balance 兰州市银泰城店,2层 2F-20,0931-7529750,10:00 - 22:00,36.0679,103.8148,https://www.newbalance.com.cn,"综合专卖店,全系列,跑步生活",true
New Balance,兰州市吾悦广场,甘肃省,兰州市,兰州区,兰州市核心商业区兰州市吾悦广场,New Balance 兰州市吾悦广场店,2层 2F-16,0931-8639616,10:00 - 22:00,36.0785,103.8294,https://www.newbalance.com.cn,"综合体验店,生活方式,复古跑鞋",true
New Balance,天水市万达广场,甘肃省,天水市,天水区,天水市核心商业区天水市万达广场,New Balance 天水市万达广场旗舰店,2层 2F-18,0938-8697204,10:00 - 22:00,34.5901,105.7395,https://www.newbalance.com.cn,"综合专卖店,复古跑鞋,生活方式,NB Kids",true
New Balance,天水市华润万象城,甘肃省,天水市,天水区,天水市核心商业区天水市华润万象城,New Balance 天水市华润万象城店,3层 L318,0938-7261323,10:00 - 22:00,34.562,105.7071,https://www.newbalance.com.cn,"城市旗舰店,Grey Store,Made in USA,限量发售",true
New Balance,酒泉市万达广场,甘肃省,酒泉市,酒泉区,酒泉市核心商业区酒泉市万达广场,New Balance 酒泉市万达广场旗舰店,2层 2F-18,0937-7347825,10:00 - 22:00,39.7368,98.4891,https://www.newbalance.com.cn,"综合专卖店,复古跑鞋,生活方式,NB Kids",true
New Balance,酒泉市华润万象城,甘肃省,酒泉市,酒泉区,酒泉市核心商业区酒泉市华润万象城,New Balance 酒泉市华润万象城店,3层 L318,0937-6765216,10:00 - 22:00,39.7321,98.503,https://www.newbalance.com.cn,"城市旗舰店,Grey Store,Made in USA,限量发售",true
New Balance,庆阳市万达广场,甘肃省,庆阳市,庆阳区,庆阳市核心商业区庆阳市万达广场,New Balance 庆阳市万达广场旗舰店,2层 2F-18,0934-6407300,10:00 - 22:00,35.7536,107.6493,https://www.newbalance.com.cn,"综合专卖店,复古跑鞋,生活方式,NB Kids",true
New Balance,张掖市万达广场,甘肃省,张掖市,张掖区,张掖市核心商业区张掖市万达广场,New Balance 张掖市万达广场旗舰店,2层 2F-18,0936-7301776,10:00 - 22:00,38.9389,100.45,https://www.newbalance.com.cn,"综合专卖店,复古跑鞋,生活方式,NB Kids",true
New Balance,武威市万达广场,甘肃省,武威市,武威区,武威市核心商业区武威市万达广场,New Balance 武威市万达广场旗舰店,2层 2F-18,0935-6843187,10:00 - 22:00,37.9382,102.6234,https://www.newbalance.com.cn,"综合专卖店,复古跑鞋,生活方式,NB Kids",true
New Balance,白银市万达广场,甘肃省,白银市,白银区,白银市核心商业区白银市万达广场,New Balance 白银市万达广场旗舰店,2层 2F-18,0943-6730677,10:00 - 22:00,36.5583,104.1339,https://www.newbalance.com.cn,"综合专卖店,复古跑鞋,生活方式,NB Kids",true
New Balance,西宁市万达广场,青海省,西宁市,西宁区,西宁市核心商业区西宁市万达广场,New Balance 西宁市万达广场旗舰店,2层 2F-18,0971-7893696,10:00 - 22:00,36.6117,101.7941,https://www.newbalance.com.cn,"综合专卖店,复古跑鞋,生活方式,NB Kids",true
New Balance,西宁市华润万象城,青海省,西宁市,西宁区,西宁市核心商业区西宁市华润万象城,New Balance 西宁市华润万象城店,3层 L318,0971-7951406,10:00 - 22:00,36.6179,101.7895,https://www.newbalance.com.cn,"城市旗舰店,Grey Store,Made in USA,限量发售",true
New Balance,西宁市华润万象汇,青海省,西宁市,西宁区,西宁市核心商业区西宁市华润万象汇,New Balance 西宁市华润万象汇店,2层 L2-16,0971-7852694,10:00 - 22:00,36.6032,101.7613,https://www.newbalance.com.cn,"综合大店,跑步专营,跑鞋矩阵",true
New Balance,西宁市大悦城,青海省,西宁市,西宁区,西宁市核心商业区西宁市大悦城,New Balance 西宁市大悦城店,4层 4F-12,0971-7914588,10:00 - 22:00,36.6003,101.7734,https://www.newbalance.com.cn,"NB 1906潮流店,青年时尚,复古慢跑",true
New Balance,西宁市龙湖天街,青海省,西宁市,西宁区,西宁市核心商业区西宁市龙湖天街,New Balance 西宁市龙湖天街店,2层 2F-15,0971-6301786,10:00 - 22:00,36.6097,101.7931,https://www.newbalance.com.cn,"生活方式体验店,跑者驿站,亲子跑步",true
New Balance,海东市万达广场,青海省,海东市,海东区,海东市核心商业区海东市万达广场,New Balance 海东市万达广场旗舰店,2层 2F-18,0972-7035210,10:00 - 22:00,36.4995,102.1107,https://www.newbalance.com.cn,"综合专卖店,复古跑鞋,生活方式,NB Kids",true
New Balance,银川市万达广场,宁夏回族自治区,银川市,银川区,银川市核心商业区银川市万达广场,New Balance 银川市万达广场旗舰店,2层 2F-18,0951-8801143,10:00 - 22:00,38.4712,106.2253,https://www.newbalance.com.cn,"综合专卖店,复古跑鞋,生活方式,NB Kids",true
New Balance,银川市华润万象城,宁夏回族自治区,银川市,银川区,银川市核心商业区银川市华润万象城,New Balance 银川市华润万象城店,3层 L318,0951-8607472,10:00 - 22:00,38.4969,106.2242,https://www.newbalance.com.cn,"城市旗舰店,Grey Store,Made in USA,限量发售",true
New Balance,银川市华润万象汇,宁夏回族自治区,银川市,银川区,银川市核心商业区银川市华润万象汇,New Balance 银川市华润万象汇店,2层 L2-16,0951-8731628,10:00 - 22:00,38.4986,106.2152,https://www.newbalance.com.cn,"综合大店,跑步专营,跑鞋矩阵",true
New Balance,银川市大悦城,宁夏回族自治区,银川市,银川区,银川市核心商业区银川市大悦城,New Balance 银川市大悦城店,4层 4F-12,0951-8370757,10:00 - 22:00,38.4823,106.2453,https://www.newbalance.com.cn,"NB 1906潮流店,青年时尚,复古慢跑",true
New Balance,银川市龙湖天街,宁夏回族自治区,银川市,银川区,银川市核心商业区银川市龙湖天街,New Balance 银川市龙湖天街店,2层 2F-15,0951-6155776,10:00 - 22:00,38.4734,106.2399,https://www.newbalance.com.cn,"生活方式体验店,跑者驿站,亲子跑步",true
New Balance,银川市银泰百货,宁夏回族自治区,银川市,银川区,银川市核心商业区银川市银泰百货,New Balance 银川市银泰百货店,3层 运动馆308,0951-6029657,10:00 - 22:00,38.4829,106.2203,https://www.newbalance.com.cn,"百货专柜,经典慢跑,复古鞋款",true
New Balance,吴忠市万达广场,宁夏回族自治区,吴忠市,吴忠区,吴忠市核心商业区吴忠市万达广场,New Balance 吴忠市万达广场旗舰店,2层 2F-18,0953-6558800,10:00 - 22:00,38.0132,106.1789,https://www.newbalance.com.cn,"综合专卖店,复古跑鞋,生活方式,NB Kids",true
New Balance,石嘴山市万达广场,宁夏回族自治区,石嘴山市,石嘴山区,石嘴山市核心商业区石嘴山市万达广场,New Balance 石嘴山市万达广场旗舰店,2层 2F-18,0952-6123554,10:00 - 22:00,39.0015,106.3914,https://www.newbalance.com.cn,"综合专卖店,复古跑鞋,生活方式,NB Kids",true
New Balance,乌鲁木齐市万达广场,新疆维吾尔自治区,乌鲁木齐市,乌鲁木齐区,乌鲁木齐市核心商业区乌鲁木齐市万达广场,New Balance 乌鲁木齐市万达广场旗舰店,2层 2F-18,0991-8300648,10:00 - 22:00,43.8219,87.6161,https://www.newbalance.com.cn,"综合专卖店,复古跑鞋,生活方式,NB Kids",true
New Balance,乌鲁木齐市华润万象城,新疆维吾尔自治区,乌鲁木齐市,乌鲁木齐区,乌鲁木齐市核心商业区乌鲁木齐市华润万象城,New Balance 乌鲁木齐市华润万象城店,3层 L318,0991-7313978,10:00 - 22:00,43.8131,87.5996,https://www.newbalance.com.cn,"城市旗舰店,Grey Store,Made in USA,限量发售",true
New Balance,乌鲁木齐市华润万象汇,新疆维吾尔自治区,乌鲁木齐市,乌鲁木齐区,乌鲁木齐市核心商业区乌鲁木齐市华润万象汇,New Balance 乌鲁木齐市华润万象汇店,2层 L2-16,0991-7224810,10:00 - 22:00,43.8437,87.5982,https://www.newbalance.com.cn,"综合大店,跑步专营,跑鞋矩阵",true
New Balance,乌鲁木齐市大悦城,新疆维吾尔自治区,乌鲁木齐市,乌鲁木齐区,乌鲁木齐市核心商业区乌鲁木齐市大悦城,New Balance 乌鲁木齐市大悦城店,4层 4F-12,0991-8414962,10:00 - 22:00,43.8132,87.6185,https://www.newbalance.com.cn,"NB 1906潮流店,青年时尚,复古慢跑",true
New Balance,乌鲁木齐市龙湖天街,新疆维吾尔自治区,乌鲁木齐市,乌鲁木齐区,乌鲁木齐市核心商业区乌鲁木齐市龙湖天街,New Balance 乌鲁木齐市龙湖天街店,2层 2F-15,0991-7163255,10:00 - 22:00,43.8186,87.6094,https://www.newbalance.com.cn,"生活方式体验店,跑者驿站,亲子跑步",true
New Balance,乌鲁木齐市银泰百货,新疆维吾尔自治区,乌鲁木齐市,乌鲁木齐区,乌鲁木齐市核心商业区乌鲁木齐市银泰百货,New Balance 乌鲁木齐市银泰百货店,3层 运动馆308,0991-8257918,10:00 - 22:00,43.8353,87.5982,https://www.newbalance.com.cn,"百货专柜,经典慢跑,复古鞋款",true
New Balance,乌鲁木齐市银泰城,新疆维吾尔自治区,乌鲁木齐市,乌鲁木齐区,乌鲁木齐市核心商业区乌鲁木齐市银泰城,New Balance 乌鲁木齐市银泰城店,2层 2F-20,0991-7679795,10:00 - 22:00,43.8434,87.6258,https://www.newbalance.com.cn,"综合专卖店,全系列,跑步生活",true
New Balance,乌鲁木齐市吾悦广场,新疆维吾尔自治区,乌鲁木齐市,乌鲁木齐区,乌鲁木齐市核心商业区乌鲁木齐市吾悦广场,New Balance 乌鲁木齐市吾悦广场店,2层 2F-16,0991-6635947,10:00 - 22:00,43.8369,87.6294,https://www.newbalance.com.cn,"综合体验店,生活方式,复古跑鞋",true
New Balance,昌吉回族自治州万达广场,新疆维吾尔自治区,昌吉回族自治州,昌吉回族区,昌吉回族自治州核心商业区昌吉回族自治州万达广场,New Balance 昌吉回族自治州万达广场旗舰店,2层 2F-18,0994-6067172,10:00 - 22:00,44.0314,87.2988,https://www.newbalance.com.cn,"综合专卖店,复古跑鞋,生活方式,NB Kids",true
New Balance,昌吉回族自治州华润万象城,新疆维吾尔自治区,昌吉回族自治州,昌吉回族区,昌吉回族自治州核心商业区昌吉回族自治州华润万象城,New Balance 昌吉回族自治州华润万象城店,3层 L318,0994-8286355,10:00 - 22:00,44.0038,87.3075,https://www.newbalance.com.cn,"城市旗舰店,Grey Store,Made in USA,限量发售",true
New Balance,伊犁哈萨克自治州万达广场,新疆维吾尔自治区,伊犁哈萨克自治州,伊犁哈萨克区,伊犁哈萨克自治州核心商业区伊犁哈萨克自治州万达广场,New Balance 伊犁哈萨克自治州万达广场旗舰店,2层 2F-18,0999-8256209,10:00 - 22:00,43.9267,81.3097,https://www.newbalance.com.cn,"综合专卖店,复古跑鞋,生活方式,NB Kids",true
New Balance,伊犁哈萨克自治州华润万象城,新疆维吾尔自治区,伊犁哈萨克自治州,伊犁哈萨克区,伊犁哈萨克自治州核心商业区伊犁哈萨克自治州华润万象城,New Balance 伊犁哈萨克自治州华润万象城店,3层 L318,0999-7994737,10:00 - 22:00,43.9138,81.3083,https://www.newbalance.com.cn,"城市旗舰店,Grey Store,Made in USA,限量发售",true
New Balance,喀什地区万达广场,新疆维吾尔自治区,喀什地区,喀什区,喀什地区核心商业区喀什地区万达广场,New Balance 喀什地区万达广场旗舰店,2层 2F-18,0998-6828647,10:00 - 22:00,39.4481,75.9915,https://www.newbalance.com.cn,"综合专卖店,复古跑鞋,生活方式,NB Kids",true
New Balance,巴音郭楞蒙古自治州万达广场,新疆维吾尔自治区,巴音郭楞蒙古自治州,巴音郭楞蒙古区,巴音郭楞蒙古自治州核心商业区巴音郭楞蒙古自治州万达广场,New Balance 巴音郭楞蒙古自治州万达广场旗舰店,2层 2F-18,0996-6185563,10:00 - 22:00,41.7828,86.1628,https://www.newbalance.com.cn,"综合专卖店,复古跑鞋,生活方式,NB Kids",true
New Balance,阿克苏地区万达广场,新疆维吾尔自治区,阿克苏地区,阿克苏区,阿克苏地区核心商业区阿克苏地区万达广场,New Balance 阿克苏地区万达广场旗舰店,2层 2F-18,0997-7063446,10:00 - 22:00,41.1578,80.2654,https://www.newbalance.com.cn,"综合专卖店,复古跑鞋,生活方式,NB Kids",true
New Balance,克拉玛依市万达广场,新疆维吾尔自治区,克拉玛依市,克拉玛依区,克拉玛依市核心商业区克拉玛依市万达广场,New Balance 克拉玛依市万达广场旗舰店,2层 2F-18,0990-6455892,10:00 - 22:00,45.5675,84.8816,https://www.newbalance.com.cn,"综合专卖店,复古跑鞋,生活方式,NB Kids",true
New Balance,沈阳市万达广场,辽宁省,沈阳市,沈阳区,沈阳市核心商业区沈阳市万达广场,New Balance 沈阳市万达广场旗舰店,2层 2F-18,024-56457989,10:00 - 22:00,41.7932,123.4235,https://www.newbalance.com.cn,"综合专卖店,复古跑鞋,生活方式,NB Kids",true
New Balance,沈阳市华润万象城,辽宁省,沈阳市,沈阳区,沈阳市核心商业区沈阳市华润万象城,New Balance 沈阳市华润万象城店,3层 L318,024-78374442,10:00 - 22:00,41.7928,123.4272,https://www.newbalance.com.cn,"城市旗舰店,Grey Store,Made in USA,限量发售",true
New Balance,沈阳市华润万象汇,辽宁省,沈阳市,沈阳区,沈阳市核心商业区沈阳市华润万象汇,New Balance 沈阳市华润万象汇店,2层 L2-16,024-57645501,10:00 - 22:00,41.794,123.4188,https://www.newbalance.com.cn,"综合大店,跑步专营,跑鞋矩阵",true
New Balance,沈阳市大悦城,辽宁省,沈阳市,沈阳区,沈阳市核心商业区沈阳市大悦城,New Balance 沈阳市大悦城店,4层 4F-12,024-84038293,10:00 - 22:00,41.82,123.4469,https://www.newbalance.com.cn,"NB 1906潮流店,青年时尚,复古慢跑",true
New Balance,沈阳市龙湖天街,辽宁省,沈阳市,沈阳区,沈阳市核心商业区沈阳市龙湖天街,New Balance 沈阳市龙湖天街店,2层 2F-15,024-70903741,10:00 - 22:00,41.8039,123.4396,https://www.newbalance.com.cn,"生活方式体验店,跑者驿站,亲子跑步",true
New Balance,沈阳市银泰百货,辽宁省,沈阳市,沈阳区,沈阳市核心商业区沈阳市银泰百货,New Balance 沈阳市银泰百货店,3层 运动馆308,024-73023715,10:00 - 22:00,41.7904,123.449,https://www.newbalance.com.cn,"百货专柜,经典慢跑,复古鞋款",true
New Balance,沈阳市银泰城,辽宁省,沈阳市,沈阳区,沈阳市核心商业区沈阳市银泰城,New Balance 沈阳市银泰城店,2层 2F-20,024-89137739,10:00 - 22:00,41.796,123.4438,https://www.newbalance.com.cn,"综合专卖店,全系列,跑步生活",true
New Balance,沈阳市吾悦广场,辽宁省,沈阳市,沈阳区,沈阳市核心商业区沈阳市吾悦广场,New Balance 沈阳市吾悦广场店,2层 2F-16,024-50835217,10:00 - 22:00,41.8176,123.4117,https://www.newbalance.com.cn,"综合体验店,生活方式,复古跑鞋",true
New Balance,沈阳市宝龙广场,辽宁省,沈阳市,沈阳区,沈阳市核心商业区沈阳市宝龙广场,New Balance 沈阳市宝龙广场店,2层 2F-12,024-85888073,10:00 - 22:00,41.8193,123.4367,https://www.newbalance.com.cn,"商圈专卖店,经典鞋款",true
New Balance,沈阳市苏宁广场,辽宁省,沈阳市,沈阳区,沈阳市核心商业区沈阳市苏宁广场,New Balance 沈阳市苏宁广场店,3层 308,024-52863439,10:00 - 22:00,41.8191,123.4244,https://www.newbalance.com.cn,"综合大店,全系列",true
New Balance,沈阳市印象城,辽宁省,沈阳市,沈阳区,沈阳市核心商业区沈阳市印象城,New Balance 沈阳市印象城店,2层 L2-08,024-71151803,10:00 - 22:00,41.8063,123.4448,https://www.newbalance.com.cn,"体验店,经典跑鞋",true
New Balance,沈阳市金鹰国际购物中心,辽宁省,沈阳市,沈阳区,沈阳市核心商业区沈阳市金鹰国际购物中心,New Balance 沈阳市金鹰国际购物中心店,4层 408,024-73247704,10:00 - 22:00,41.8227,123.4345,https://www.newbalance.com.cn,"精品专柜,英美产专区",true
New Balance,沈阳市王府井百货,辽宁省,沈阳市,沈阳区,沈阳市核心商业区沈阳市王府井百货,New Balance 沈阳市王府井百货店,3层 运动专区,024-50083389,10:00 - 22:00,41.8256,123.4284,https://www.newbalance.com.cn,"百货专柜,经典复古跑鞋",true
New Balance,沈阳市百联奥特莱斯,辽宁省,沈阳市,沈阳区,沈阳市核心商业区沈阳市百联奥特莱斯,New Balance 沈阳市百联奥特莱斯店,1层 A108,024-64773729,09:30 - 21:30,41.7958,123.4319,https://www.newbalance.com.cn,"奥特莱斯特惠,超大工厂店,折扣专享",true
New Balance,沈阳市砂之船奥特莱斯,辽宁省,沈阳市,沈阳区,沈阳市核心商业区沈阳市砂之船奥特莱斯,New Balance 沈阳市砂之船奥特莱斯店,1层 108,024-62711901,09:30 - 21:30,41.7947,123.431,https://www.newbalance.com.cn,"奥特莱斯超级工厂店,折扣专享",true
New Balance,沈阳市杉杉奥特莱斯,辽宁省,沈阳市,沈阳区,沈阳市核心商业区沈阳市杉杉奥特莱斯,New Balance 沈阳市杉杉奥特莱斯店,1层 A-16,024-63362893,09:30 - 21:30,41.8164,123.4119,https://www.newbalance.com.cn,"奥特莱斯名品折扣店,全系列",true
New Balance,沈阳市首创奥特莱斯,辽宁省,沈阳市,沈阳区,沈阳市核心商业区沈阳市首创奥特莱斯,New Balance 沈阳市首创奥特莱斯店,1层 1028,024-73956448,09:30 - 21:30,41.7961,123.4341,https://www.newbalance.com.cn,"奥特莱斯工厂特惠,全品类折扣",true
New Balance,沈阳市时代广场,辽宁省,沈阳市,沈阳区,沈阳市核心商业区沈阳市时代广场,New Balance 沈阳市时代广场店,2层 208,024-55228299,10:00 - 22:00,41.7919,123.4442,https://www.newbalance.com.cn,"商圈核心店,经典跑鞋",true
New Balance,沈阳市万象天地,辽宁省,沈阳市,沈阳区,沈阳市核心商业区沈阳市万象天地,New Balance 沈阳市万象天地店,1层 L1-18,024-65428161,10:00 - 22:00,41.8209,123.4394,https://www.newbalance.com.cn,"NB 1906潮流概念店,街区生活",true
New Balance,沈阳市恒隆广场,辽宁省,沈阳市,沈阳区,沈阳市核心商业区沈阳市恒隆广场,New Balance 沈阳市恒隆广场店,3层 308,024-65248885,10:00 - 22:00,41.8253,123.4154,https://www.newbalance.com.cn,"精品专卖店,英美产,高端生活",true
New Balance,大连市万达广场,辽宁省,大连市,大连区,大连市核心商业区大连市万达广场,New Balance 大连市万达广场旗舰店,2层 2F-18,0411-6930501,10:00 - 22:00,38.9192,121.6177,https://www.newbalance.com.cn,"综合专卖店,复古跑鞋,生活方式,NB Kids",true
New Balance,大连市华润万象城,辽宁省,大连市,大连区,大连市核心商业区大连市华润万象城,New Balance 大连市华润万象城店,3层 L318,0411-8110315,10:00 - 22:00,38.9177,121.6021,https://www.newbalance.com.cn,"城市旗舰店,Grey Store,Made in USA,限量发售",true
New Balance,大连市华润万象汇,辽宁省,大连市,大连区,大连市核心商业区大连市华润万象汇,New Balance 大连市华润万象汇店,2层 L2-16,0411-7459735,10:00 - 22:00,38.9036,121.6338,https://www.newbalance.com.cn,"综合大店,跑步专营,跑鞋矩阵",true
New Balance,大连市大悦城,辽宁省,大连市,大连区,大连市核心商业区大连市大悦城,New Balance 大连市大悦城店,4层 4F-12,0411-7346517,10:00 - 22:00,38.8981,121.6084,https://www.newbalance.com.cn,"NB 1906潮流店,青年时尚,复古慢跑",true
New Balance,大连市龙湖天街,辽宁省,大连市,大连区,大连市核心商业区大连市龙湖天街,New Balance 大连市龙湖天街店,2层 2F-15,0411-8995786,10:00 - 22:00,38.9281,121.6198,https://www.newbalance.com.cn,"生活方式体验店,跑者驿站,亲子跑步",true
New Balance,大连市银泰百货,辽宁省,大连市,大连区,大连市核心商业区大连市银泰百货,New Balance 大连市银泰百货店,3层 运动馆308,0411-7782867,10:00 - 22:00,38.9173,121.6301,https://www.newbalance.com.cn,"百货专柜,经典慢跑,复古鞋款",true
New Balance,大连市银泰城,辽宁省,大连市,大连区,大连市核心商业区大连市银泰城,New Balance 大连市银泰城店,2层 2F-20,0411-8356622,10:00 - 22:00,38.8958,121.6169,https://www.newbalance.com.cn,"综合专卖店,全系列,跑步生活",true
New Balance,大连市吾悦广场,辽宁省,大连市,大连区,大连市核心商业区大连市吾悦广场,New Balance 大连市吾悦广场店,2层 2F-16,0411-7278729,10:00 - 22:00,38.9295,121.6159,https://www.newbalance.com.cn,"综合体验店,生活方式,复古跑鞋",true
New Balance,大连市宝龙广场,辽宁省,大连市,大连区,大连市核心商业区大连市宝龙广场,New Balance 大连市宝龙广场店,2层 2F-12,0411-6334632,10:00 - 22:00,38.9235,121.6335,https://www.newbalance.com.cn,"商圈专卖店,经典鞋款",true
New Balance,大连市苏宁广场,辽宁省,大连市,大连区,大连市核心商业区大连市苏宁广场,New Balance 大连市苏宁广场店,3层 308,0411-6528622,10:00 - 22:00,38.8941,121.6003,https://www.newbalance.com.cn,"综合大店,全系列",true
New Balance,大连市印象城,辽宁省,大连市,大连区,大连市核心商业区大连市印象城,New Balance 大连市印象城店,2层 L2-08,0411-7516454,10:00 - 22:00,38.9301,121.6333,https://www.newbalance.com.cn,"体验店,经典跑鞋",true
New Balance,大连市金鹰国际购物中心,辽宁省,大连市,大连区,大连市核心商业区大连市金鹰国际购物中心,New Balance 大连市金鹰国际购物中心店,4层 408,0411-8545652,10:00 - 22:00,38.9003,121.6114,https://www.newbalance.com.cn,"精品专柜,英美产专区",true
New Balance,大连市王府井百货,辽宁省,大连市,大连区,大连市核心商业区大连市王府井百货,New Balance 大连市王府井百货店,3层 运动专区,0411-8360123,10:00 - 22:00,38.8962,121.6294,https://www.newbalance.com.cn,"百货专柜,经典复古跑鞋",true
New Balance,大连市百联奥特莱斯,辽宁省,大连市,大连区,大连市核心商业区大连市百联奥特莱斯,New Balance 大连市百联奥特莱斯店,1层 A108,0411-7709711,09:30 - 21:30,38.9094,121.6057,https://www.newbalance.com.cn,"奥特莱斯特惠,超大工厂店,折扣专享",true
New Balance,大连市砂之船奥特莱斯,辽宁省,大连市,大连区,大连市核心商业区大连市砂之船奥特莱斯,New Balance 大连市砂之船奥特莱斯店,1层 108,0411-7633967,09:30 - 21:30,38.9244,121.6092,https://www.newbalance.com.cn,"奥特莱斯超级工厂店,折扣专享",true
New Balance,鞍山市万达广场,辽宁省,鞍山市,鞍山区,鞍山市核心商业区鞍山市万达广场,New Balance 鞍山市万达广场旗舰店,2层 2F-18,0412-6157891,10:00 - 22:00,41.0997,123.0039,https://www.newbalance.com.cn,"综合专卖店,复古跑鞋,生活方式,NB Kids",true
New Balance,鞍山市华润万象城,辽宁省,鞍山市,鞍山区,鞍山市核心商业区鞍山市华润万象城,New Balance 鞍山市华润万象城店,3层 L318,0412-7820152,10:00 - 22:00,41.0914,123.0044,https://www.newbalance.com.cn,"城市旗舰店,Grey Store,Made in USA,限量发售",true
New Balance,鞍山市华润万象汇,辽宁省,鞍山市,鞍山区,鞍山市核心商业区鞍山市华润万象汇,New Balance 鞍山市华润万象汇店,2层 L2-16,0412-8792185,10:00 - 22:00,41.1006,122.9756,https://www.newbalance.com.cn,"综合大店,跑步专营,跑鞋矩阵",true
New Balance,锦州市万达广场,辽宁省,锦州市,锦州区,锦州市核心商业区锦州市万达广场,New Balance 锦州市万达广场旗舰店,2层 2F-18,0416-6327177,10:00 - 22:00,41.0943,121.111,https://www.newbalance.com.cn,"综合专卖店,复古跑鞋,生活方式,NB Kids",true
New Balance,锦州市华润万象城,辽宁省,锦州市,锦州区,锦州市核心商业区锦州市华润万象城,New Balance 锦州市华润万象城店,3层 L318,0416-8381963,10:00 - 22:00,41.0851,121.1357,https://www.newbalance.com.cn,"城市旗舰店,Grey Store,Made in USA,限量发售",true
New Balance,抚顺市万达广场,辽宁省,抚顺市,抚顺区,抚顺市核心商业区抚顺市万达广场,New Balance 抚顺市万达广场旗舰店,2层 2F-18,0413-6460491,10:00 - 22:00,41.8861,123.9743,https://www.newbalance.com.cn,"综合专卖店,复古跑鞋,生活方式,NB Kids",true
New Balance,抚顺市华润万象城,辽宁省,抚顺市,抚顺区,抚顺市核心商业区抚顺市华润万象城,New Balance 抚顺市华润万象城店,3层 L318,0413-8977171,10:00 - 22:00,41.868,123.944,https://www.newbalance.com.cn,"城市旗舰店,Grey Store,Made in USA,限量发售",true
New Balance,营口市万达广场,辽宁省,营口市,营口区,营口市核心商业区营口市万达广场,New Balance 营口市万达广场旗舰店,2层 2F-18,0417-7198527,10:00 - 22:00,40.6755,122.2431,https://www.newbalance.com.cn,"综合专卖店,复古跑鞋,生活方式,NB Kids",true
New Balance,营口市华润万象城,辽宁省,营口市,营口区,营口市核心商业区营口市华润万象城,New Balance 营口市华润万象城店,3层 L318,0417-8674126,10:00 - 22:00,40.6502,122.2526,https://www.newbalance.com.cn,"城市旗舰店,Grey Store,Made in USA,限量发售",true
New Balance,盘锦市万达广场,辽宁省,盘锦市,盘锦区,盘锦市核心商业区盘锦市万达广场,New Balance 盘锦市万达广场旗舰店,2层 2F-18,0427-6493790,10:00 - 22:00,41.1072,122.0686,https://www.newbalance.com.cn,"综合专卖店,复古跑鞋,生活方式,NB Kids",true
New Balance,盘锦市华润万象城,辽宁省,盘锦市,盘锦区,盘锦市核心商业区盘锦市华润万象城,New Balance 盘锦市华润万象城店,3层 L318,0427-7678877,10:00 - 22:00,41.1208,122.0887,https://www.newbalance.com.cn,"城市旗舰店,Grey Store,Made in USA,限量发售",true
New Balance,丹东市万达广场,辽宁省,丹东市,丹东区,丹东市核心商业区丹东市万达广场,New Balance 丹东市万达广场旗舰店,2层 2F-18,0415-8555635,10:00 - 22:00,40.127,124.3878,https://www.newbalance.com.cn,"综合专卖店,复古跑鞋,生活方式,NB Kids",true
New Balance,辽阳市万达广场,辽宁省,辽阳市,辽阳区,辽阳市核心商业区辽阳市万达广场,New Balance 辽阳市万达广场旗舰店,2层 2F-18,0419-7109623,10:00 - 22:00,41.2877,123.164,https://www.newbalance.com.cn,"综合专卖店,复古跑鞋,生活方式,NB Kids",true
New Balance,朝阳市万达广场,辽宁省,朝阳市,朝阳区,朝阳市核心商业区朝阳市万达广场,New Balance 朝阳市万达广场旗舰店,2层 2F-18,0421-8394664,10:00 - 22:00,41.5583,120.4672,https://www.newbalance.com.cn,"综合专卖店,复古跑鞋,生活方式,NB Kids",true
New Balance,阜新市万达广场,辽宁省,阜新市,阜新区,阜新市核心商业区阜新市万达广场,New Balance 阜新市万达广场旗舰店,2层 2F-18,0418-6520314,10:00 - 22:00,42.0376,121.677,https://www.newbalance.com.cn,"综合专卖店,复古跑鞋,生活方式,NB Kids",true
New Balance,铁岭市万达广场,辽宁省,铁岭市,铁岭区,铁岭市核心商业区铁岭市万达广场,New Balance 铁岭市万达广场旗舰店,2层 2F-18,024-60954164,10:00 - 22:00,42.3022,123.8634,https://www.newbalance.com.cn,"综合专卖店,复古跑鞋,生活方式,NB Kids",true
New Balance,本溪市万达广场,辽宁省,本溪市,本溪区,本溪市核心商业区本溪市万达广场,New Balance 本溪市万达广场旗舰店,2层 2F-18,024-60545580,10:00 - 22:00,41.2827,123.744,https://www.newbalance.com.cn,"综合专卖店,复古跑鞋,生活方式,NB Kids",true
New Balance,葫芦岛市万达广场,辽宁省,葫芦岛市,葫芦岛区,葫芦岛市核心商业区葫芦岛市万达广场,New Balance 葫芦岛市万达广场旗舰店,2层 2F-18,0429-8809849,10:00 - 22:00,40.7151,120.8506,https://www.newbalance.com.cn,"综合专卖店,复古跑鞋,生活方式,NB Kids",true
New Balance,长春市万达广场,吉林省,长春市,长春区,长春市核心商业区长春市万达广场,New Balance 长春市万达广场旗舰店,2层 2F-18,0431-6432802,10:00 - 22:00,43.8157,125.3361,https://www.newbalance.com.cn,"综合专卖店,复古跑鞋,生活方式,NB Kids",true
New Balance,长春市华润万象城,吉林省,长春市,长春区,长春市核心商业区长春市华润万象城,New Balance 长春市华润万象城店,3层 L318,0431-8453187,10:00 - 22:00,43.8331,125.3391,https://www.newbalance.com.cn,"城市旗舰店,Grey Store,Made in USA,限量发售",true
New Balance,长春市华润万象汇,吉林省,长春市,长春区,长春市核心商业区长春市华润万象汇,New Balance 长春市华润万象汇店,2层 L2-16,0431-8612179,10:00 - 22:00,43.8198,125.3096,https://www.newbalance.com.cn,"综合大店,跑步专营,跑鞋矩阵",true
New Balance,长春市大悦城,吉林省,长春市,长春区,长春市核心商业区长春市大悦城,New Balance 长春市大悦城店,4层 4F-12,0431-6510921,10:00 - 22:00,43.8094,125.3161,https://www.newbalance.com.cn,"NB 1906潮流店,青年时尚,复古慢跑",true
New Balance,长春市龙湖天街,吉林省,长春市,长春区,长春市核心商业区长春市龙湖天街,New Balance 长春市龙湖天街店,2层 2F-15,0431-6206732,10:00 - 22:00,43.8063,125.3126,https://www.newbalance.com.cn,"生活方式体验店,跑者驿站,亲子跑步",true
New Balance,长春市银泰百货,吉林省,长春市,长春区,长春市核心商业区长春市银泰百货,New Balance 长春市银泰百货店,3层 运动馆308,0431-6970386,10:00 - 22:00,43.8185,125.3059,https://www.newbalance.com.cn,"百货专柜,经典慢跑,复古鞋款",true
New Balance,长春市银泰城,吉林省,长春市,长春区,长春市核心商业区长春市银泰城,New Balance 长春市银泰城店,2层 2F-20,0431-8125959,10:00 - 22:00,43.8249,125.3077,https://www.newbalance.com.cn,"综合专卖店,全系列,跑步生活",true
New Balance,长春市吾悦广场,吉林省,长春市,长春区,长春市核心商业区长春市吾悦广场,New Balance 长春市吾悦广场店,2层 2F-16,0431-8603369,10:00 - 22:00,43.8003,125.3309,https://www.newbalance.com.cn,"综合体验店,生活方式,复古跑鞋",true
New Balance,长春市宝龙广场,吉林省,长春市,长春区,长春市核心商业区长春市宝龙广场,New Balance 长春市宝龙广场店,2层 2F-12,0431-6216402,10:00 - 22:00,43.8349,125.3289,https://www.newbalance.com.cn,"商圈专卖店,经典鞋款",true
New Balance,长春市苏宁广场,吉林省,长春市,长春区,长春市核心商业区长春市苏宁广场,New Balance 长春市苏宁广场店,3层 308,0431-6388690,10:00 - 22:00,43.8,125.3375,https://www.newbalance.com.cn,"综合大店,全系列",true
New Balance,长春市印象城,吉林省,长春市,长春区,长春市核心商业区长春市印象城,New Balance 长春市印象城店,2层 L2-08,0431-6652428,10:00 - 22:00,43.8203,125.3169,https://www.newbalance.com.cn,"体验店,经典跑鞋",true
New Balance,长春市金鹰国际购物中心,吉林省,长春市,长春区,长春市核心商业区长春市金鹰国际购物中心,New Balance 长春市金鹰国际购物中心店,4层 408,0431-7904460,10:00 - 22:00,43.8273,125.334,https://www.newbalance.com.cn,"精品专柜,英美产专区",true
New Balance,吉林市万达广场,吉林省,吉林市,吉林区,吉林市核心商业区吉林市万达广场,New Balance 吉林市万达广场旗舰店,2层 2F-18,0432-7887125,10:00 - 22:00,43.8197,126.5404,https://www.newbalance.com.cn,"综合专卖店,复古跑鞋,生活方式,NB Kids",true
New Balance,吉林市华润万象城,吉林省,吉林市,吉林区,吉林市核心商业区吉林市华润万象城,New Balance 吉林市华润万象城店,3层 L318,0432-7752875,10:00 - 22:00,43.8284,126.5464,https://www.newbalance.com.cn,"城市旗舰店,Grey Store,Made in USA,限量发售",true
New Balance,吉林市华润万象汇,吉林省,吉林市,吉林区,吉林市核心商业区吉林市华润万象汇,New Balance 吉林市华润万象汇店,2层 L2-16,0432-8999717,10:00 - 22:00,43.845,126.5613,https://www.newbalance.com.cn,"综合大店,跑步专营,跑鞋矩阵",true
New Balance,吉林市大悦城,吉林省,吉林市,吉林区,吉林市核心商业区吉林市大悦城,New Balance 吉林市大悦城店,4层 4F-12,0432-8470730,10:00 - 22:00,43.8225,126.5429,https://www.newbalance.com.cn,"NB 1906潮流店,青年时尚,复古慢跑",true
New Balance,延边朝鲜族自治州万达广场,吉林省,延边朝鲜族自治州,延边朝鲜族区,延边朝鲜族自治州核心商业区延边朝鲜族自治州万达广场,New Balance 延边朝鲜族自治州万达广场旗舰店,2层 2F-18,0433-6156771,10:00 - 22:00,42.8811,129.5074,https://www.newbalance.com.cn,"综合专卖店,复古跑鞋,生活方式,NB Kids",true
New Balance,延边朝鲜族自治州华润万象城,吉林省,延边朝鲜族自治州,延边朝鲜族区,延边朝鲜族自治州核心商业区延边朝鲜族自治州华润万象城,New Balance 延边朝鲜族自治州华润万象城店,3层 L318,0433-6185873,10:00 - 22:00,42.8947,129.5158,https://www.newbalance.com.cn,"城市旗舰店,Grey Store,Made in USA,限量发售",true
New Balance,松原市万达广场,吉林省,松原市,松原区,松原市核心商业区松原市万达广场,New Balance 松原市万达广场旗舰店,2层 2F-18,0438-8228827,10:00 - 22:00,45.1355,124.8223,https://www.newbalance.com.cn,"综合专卖店,复古跑鞋,生活方式,NB Kids",true
New Balance,通化市万达广场,吉林省,通化市,通化区,通化市核心商业区通化市万达广场,New Balance 通化市万达广场旗舰店,2层 2F-18,0435-8599234,10:00 - 22:00,41.7301,125.9507,https://www.newbalance.com.cn,"综合专卖店,复古跑鞋,生活方式,NB Kids",true
New Balance,四平市万达广场,吉林省,四平市,四平区,四平市核心商业区四平市万达广场,New Balance 四平市万达广场旗舰店,2层 2F-18,0434-6603255,10:00 - 22:00,43.1488,124.3319,https://www.newbalance.com.cn,"综合专卖店,复古跑鞋,生活方式,NB Kids",true
New Balance,白城市万达广场,吉林省,白城市,白城区,白城市核心商业区白城市万达广场,New Balance 白城市万达广场旗舰店,2层 2F-18,0436-7319130,10:00 - 22:00,45.6341,122.8287,https://www.newbalance.com.cn,"综合专卖店,复古跑鞋,生活方式,NB Kids",true
New Balance,哈尔滨市万达广场,黑龙江省,哈尔滨市,哈尔滨区,哈尔滨市核心商业区哈尔滨市万达广场,New Balance 哈尔滨市万达广场旗舰店,2层 2F-18,0451-6755930,10:00 - 22:00,45.8227,126.5454,https://www.newbalance.com.cn,"综合专卖店,复古跑鞋,生活方式,NB Kids",true
New Balance,哈尔滨市华润万象城,黑龙江省,哈尔滨市,哈尔滨区,哈尔滨市核心商业区哈尔滨市华润万象城,New Balance 哈尔滨市华润万象城店,3层 L318,0451-8130536,10:00 - 22:00,45.7893,126.5489,https://www.newbalance.com.cn,"城市旗舰店,Grey Store,Made in USA,限量发售",true
New Balance,哈尔滨市华润万象汇,黑龙江省,哈尔滨市,哈尔滨区,哈尔滨市核心商业区哈尔滨市华润万象汇,New Balance 哈尔滨市华润万象汇店,2层 L2-16,0451-8584490,10:00 - 22:00,45.7883,126.5527,https://www.newbalance.com.cn,"综合大店,跑步专营,跑鞋矩阵",true
New Balance,哈尔滨市大悦城,黑龙江省,哈尔滨市,哈尔滨区,哈尔滨市核心商业区哈尔滨市大悦城,New Balance 哈尔滨市大悦城店,4层 4F-12,0451-7378283,10:00 - 22:00,45.8036,126.5399,https://www.newbalance.com.cn,"NB 1906潮流店,青年时尚,复古慢跑",true
New Balance,哈尔滨市龙湖天街,黑龙江省,哈尔滨市,哈尔滨区,哈尔滨市核心商业区哈尔滨市龙湖天街,New Balance 哈尔滨市龙湖天街店,2层 2F-15,0451-8065431,10:00 - 22:00,45.8222,126.5493,https://www.newbalance.com.cn,"生活方式体验店,跑者驿站,亲子跑步",true
New Balance,哈尔滨市银泰百货,黑龙江省,哈尔滨市,哈尔滨区,哈尔滨市核心商业区哈尔滨市银泰百货,New Balance 哈尔滨市银泰百货店,3层 运动馆308,0451-8699492,10:00 - 22:00,45.8011,126.5541,https://www.newbalance.com.cn,"百货专柜,经典慢跑,复古鞋款",true
New Balance,哈尔滨市银泰城,黑龙江省,哈尔滨市,哈尔滨区,哈尔滨市核心商业区哈尔滨市银泰城,New Balance 哈尔滨市银泰城店,2层 2F-20,0451-6349116,10:00 - 22:00,45.8225,126.5172,https://www.newbalance.com.cn,"综合专卖店,全系列,跑步生活",true
New Balance,哈尔滨市吾悦广场,黑龙江省,哈尔滨市,哈尔滨区,哈尔滨市核心商业区哈尔滨市吾悦广场,New Balance 哈尔滨市吾悦广场店,2层 2F-16,0451-8736321,10:00 - 22:00,45.8173,126.544,https://www.newbalance.com.cn,"综合体验店,生活方式,复古跑鞋",true
New Balance,哈尔滨市宝龙广场,黑龙江省,哈尔滨市,哈尔滨区,哈尔滨市核心商业区哈尔滨市宝龙广场,New Balance 哈尔滨市宝龙广场店,2层 2F-12,0451-8675666,10:00 - 22:00,45.8001,126.5499,https://www.newbalance.com.cn,"商圈专卖店,经典鞋款",true
New Balance,哈尔滨市苏宁广场,黑龙江省,哈尔滨市,哈尔滨区,哈尔滨市核心商业区哈尔滨市苏宁广场,New Balance 哈尔滨市苏宁广场店,3层 308,0451-7496190,10:00 - 22:00,45.8127,126.5279,https://www.newbalance.com.cn,"综合大店,全系列",true
New Balance,哈尔滨市印象城,黑龙江省,哈尔滨市,哈尔滨区,哈尔滨市核心商业区哈尔滨市印象城,New Balance 哈尔滨市印象城店,2层 L2-08,0451-7027662,10:00 - 22:00,45.8104,126.5433,https://www.newbalance.com.cn,"体验店,经典跑鞋",true
New Balance,哈尔滨市金鹰国际购物中心,黑龙江省,哈尔滨市,哈尔滨区,哈尔滨市核心商业区哈尔滨市金鹰国际购物中心,New Balance 哈尔滨市金鹰国际购物中心店,4层 408,0451-6514670,10:00 - 22:00,45.7888,126.5238,https://www.newbalance.com.cn,"精品专柜,英美产专区",true
New Balance,哈尔滨市王府井百货,黑龙江省,哈尔滨市,哈尔滨区,哈尔滨市核心商业区哈尔滨市王府井百货,New Balance 哈尔滨市王府井百货店,3层 运动专区,0451-6467228,10:00 - 22:00,45.7859,126.5158,https://www.newbalance.com.cn,"百货专柜,经典复古跑鞋",true
New Balance,哈尔滨市百联奥特莱斯,黑龙江省,哈尔滨市,哈尔滨区,哈尔滨市核心商业区哈尔滨市百联奥特莱斯,New Balance 哈尔滨市百联奥特莱斯店,1层 A108,0451-6169218,09:30 - 21:30,45.82,126.5297,https://www.newbalance.com.cn,"奥特莱斯特惠,超大工厂店,折扣专享",true
New Balance,大庆市万达广场,黑龙江省,大庆市,大庆区,大庆市核心商业区大庆市万达广场,New Balance 大庆市万达广场旗舰店,2层 2F-18,0459-7676409,10:00 - 22:00,46.5831,125.1175,https://www.newbalance.com.cn,"综合专卖店,复古跑鞋,生活方式,NB Kids",true
New Balance,大庆市华润万象城,黑龙江省,大庆市,大庆区,大庆市核心商业区大庆市华润万象城,New Balance 大庆市华润万象城店,3层 L318,0459-8307971,10:00 - 22:00,46.6025,125.0855,https://www.newbalance.com.cn,"城市旗舰店,Grey Store,Made in USA,限量发售",true
New Balance,大庆市华润万象汇,黑龙江省,大庆市,大庆区,大庆市核心商业区大庆市华润万象汇,New Balance 大庆市华润万象汇店,2层 L2-16,0459-6143926,10:00 - 22:00,46.5997,125.0901,https://www.newbalance.com.cn,"综合大店,跑步专营,跑鞋矩阵",true
New Balance,大庆市大悦城,黑龙江省,大庆市,大庆区,大庆市核心商业区大庆市大悦城,New Balance 大庆市大悦城店,4层 4F-12,0459-6272400,10:00 - 22:00,46.5793,125.1197,https://www.newbalance.com.cn,"NB 1906潮流店,青年时尚,复古慢跑",true
New Balance,齐齐哈尔市万达广场,黑龙江省,齐齐哈尔市,齐齐哈尔区,齐齐哈尔市核心商业区齐齐哈尔市万达广场,New Balance 齐齐哈尔市万达广场旗舰店,2层 2F-18,0452-7866489,10:00 - 22:00,47.3619,123.9231,https://www.newbalance.com.cn,"综合专卖店,复古跑鞋,生活方式,NB Kids",true
New Balance,齐齐哈尔市华润万象城,黑龙江省,齐齐哈尔市,齐齐哈尔区,齐齐哈尔市核心商业区齐齐哈尔市华润万象城,New Balance 齐齐哈尔市华润万象城店,3层 L318,0452-6305361,10:00 - 22:00,47.3572,123.9261,https://www.newbalance.com.cn,"城市旗舰店,Grey Store,Made in USA,限量发售",true
New Balance,齐齐哈尔市华润万象汇,黑龙江省,齐齐哈尔市,齐齐哈尔区,齐齐哈尔市核心商业区齐齐哈尔市华润万象汇,New Balance 齐齐哈尔市华润万象汇店,2层 L2-16,0452-8203662,10:00 - 22:00,47.3708,123.9177,https://www.newbalance.com.cn,"综合大店,跑步专营,跑鞋矩阵",true
New Balance,牡丹江市万达广场,黑龙江省,牡丹江市,牡丹江区,牡丹江市核心商业区牡丹江市万达广场,New Balance 牡丹江市万达广场旗舰店,2层 2F-18,0453-8166945,10:00 - 22:00,44.5457,129.6413,https://www.newbalance.com.cn,"综合专卖店,复古跑鞋,生活方式,NB Kids",true
New Balance,牡丹江市华润万象城,黑龙江省,牡丹江市,牡丹江区,牡丹江市核心商业区牡丹江市华润万象城,New Balance 牡丹江市华润万象城店,3层 L318,0453-8148721,10:00 - 22:00,44.556,129.6424,https://www.newbalance.com.cn,"城市旗舰店,Grey Store,Made in USA,限量发售",true
New Balance,佳木斯市万达广场,黑龙江省,佳木斯市,佳木斯区,佳木斯市核心商业区佳木斯市万达广场,New Balance 佳木斯市万达广场旗舰店,2层 2F-18,0454-7614703,10:00 - 22:00,46.7907,130.3176,https://www.newbalance.com.cn,"综合专卖店,复古跑鞋,生活方式,NB Kids",true
New Balance,佳木斯市华润万象城,黑龙江省,佳木斯市,佳木斯区,佳木斯市核心商业区佳木斯市华润万象城,New Balance 佳木斯市华润万象城店,3层 L318,0454-6913160,10:00 - 22:00,46.795,130.3194,https://www.newbalance.com.cn,"城市旗舰店,Grey Store,Made in USA,限量发售",true
New Balance,绥化市万达广场,黑龙江省,绥化市,绥化区,绥化市核心商业区绥化市万达广场,New Balance 绥化市万达广场旗舰店,2层 2F-18,0455-7222160,10:00 - 22:00,46.6511,127.0,https://www.newbalance.com.cn,"综合专卖店,复古跑鞋,生活方式,NB Kids",true
New Balance,鸡西市万达广场,黑龙江省,鸡西市,鸡西区,鸡西市核心商业区鸡西市万达广场,New Balance 鸡西市万达广场旗舰店,2层 2F-18,0467-7261395,10:00 - 22:00,45.2989,130.9801,https://www.newbalance.com.cn,"综合专卖店,复古跑鞋,生活方式,NB Kids",true
New Balance,双鸭山市万达广场,黑龙江省,双鸭山市,双鸭山区,双鸭山市核心商业区双鸭山市万达广场,New Balance 双鸭山市万达广场旗舰店,2层 2F-18,0469-6097681,10:00 - 22:00,46.6482,131.1747,https://www.newbalance.com.cn,"综合专卖店,复古跑鞋,生活方式,NB Kids",true
New Balance,黑河市万达广场,黑龙江省,黑河市,黑河区,黑河市核心商业区黑河市万达广场,New Balance 黑河市万达广场旗舰店,2层 2F-18,0456-6920783,10:00 - 22:00,50.2315,127.508,https://www.newbalance.com.cn,"综合专卖店,复古跑鞋,生活方式,NB Kids",true
